:020000041000EA
:1000000000B5324B212058609868022188439860DF
:10001000D860186158612E4B002199600221596106
:100020000121F02299502B49196001219960352056
:1000300000F044F80222904214D00621196600F024
:1000400034F8196E01211966002018661A6600F04E
:100050002CF8196E196E196E052000F02FF8012189
:100060000842F9D1002199601B49196000215960AB
:100070001A491B48016001219960EB211966A021F2
:10008000196600F012F800219960164914480160C1
:100090000121996001BC002800D000471248134993
:1000A000086003C880F30888084703B5996A0420EC
:1000B0000142FBD001200142F8D103BD02B5186610
:1000C0001866FFF7F2FF186E186E02BD00000240BE
:1000D000000000180000070000035F00212200005C
:1000E000F4000018222000A00001001008ED00E03C
:1000F00000000000000000000000000074B24E7A12
:1001000000200420F7010010CB010010CD010010E9
:10011000C9010010C9010010C9010010C901001077
:10012000C9010010C9010010C9010010CF01001061
:10013000C9010010C9010010D1010010D301001045
:10014000C1010010C1010010C1010010C101001067
:10015000C1010010C1010010C1010010C101001057
:10016000C1010010C1010010C1010010C101001047
:10017000C1010010C1010010C1010010C101001037
:10018000C1010010C1010010C1010010C101001027
:10019000C1010010C1010010C1010010C101001017
:1001A000C1010010C1010010C1010010C101001007
:1001B000C1010010C1010010C1010010C1010010F7
:1001C000EFF30580103800BE00BE00BE00BE00BECA
:1001D00000BE00BEF2EB887188570110A8570110CD
:1001E0003802001090A31AE71E481F49086006C88D
:1001F00081F3088810471D480068002801D019487D
:10020000F3E70DA40ECC002902D000F012F8F9E7B4
:100210001749184A002000E001C19142FCD116495B
:100220008847164988471649884700BEFDE701C937
:1002300001C29A42FBD37047A8570110C0000020AA
:10024000541800203C6F011000000420000004201E
:100250003C6F01100010042000100420000000007A
:10026000704700000000000008ED00E0000000D032
:100270005418002090290020A14500103D060010D0
:1002800061450010F8B5C04606480749091A8B10A9
:10029000C90FC91810B5491003D0044B002B00D06A
:1002A000984710BD5418002054180020000000008A
:1002B000054B10B5002B03D00449054800E000BFF2
:1002C000FFF7E2FF10BDC046000000002C2900200F
:1002D0004CD7001010B5034A0349044804F0BCFB96
:1002E00010BDC04650D7001058D7001068D7001076
:1002F00010B5012000F054FA10BDC04610B5002022
:1003000000F04EFA10BDC04610B5022000F048FAC9
:1003100010BDC04670B50A4804F01AFB094C2168AC
:1003200000290BD0084D0834226828000C3404F052
:1003300093FB2300083B19680029F5D170BDC04626
:1003400094D70010E00F0020A8D70010F0B5C3B07C
:10035000002802D00378002B04D11E4804F0F8FADC
:1003600043B0F0BD102201A908F0FCF910220400EE
:100370000021019808F0F6F90500FF2C21D8FF288C
:1003800023D8802227185200974216D8002102A8AD
:1003900002F00AFCEAB2E0B202A907F045FA002D29
:1003A000DED002AB0C4E1D1B21002A5D3000013453
:1003B00004F052FBA742F7D1D2E7084804F0C8FA8C
:1003C000CEE7074804F0C4FACAE7064804F0C0FACA
:1003D000C6E7C046B8D7001040D800101CD800109F
:1003E000E4D7001000D8001030B583B0002802D048
:1003F0000378002B04D1134804F0AAFA03B030BDEF
:10040000102201A908F0AEF9102204000021019881
:1004100008F0A8F90500FF2C0FD8FF2809D8C1B2B1
:10042000E0B207F015FA2A002100074804F014FB97
:10043000E4E7064804F08CFAE0E7054804F088FA9F
:10044000DCE7C04660D80010B0D8001090D800108B
:10045000E4D7001010B507F009FA034B01001800AB
:1004600004F0FAFA10BDC046D8D8001010B507F055
:100470001DFA034B0100180004F0EEFA10BDC0464F
:10048000E8D8001010B507F031FA034B010018004E
:1004900004F0E2FA10BDC046F8D8001070B507F0BD
:1004A0003DFA6421040001F0D3FB20000D0064211B
:1004B00001F0CEFB034B01002A00180004F0CCFA37
:1004C00070BDC04608D9001070B507F05DFA642110
:1004D000040001F0E5FB20000D00642101F0E0FBC9
:1004E000034B01002A00180004F0B6FA70BDC046A4
:1004F00020D9001010B507F023FB642283059B0D63
:100500005A43810A920A024804F0A6FA10BDC04676
:1005100038D90010002300B583B0084901AA01931F
:1005200008F02CF90198002803D000F03FF903B03F
:1005300000BD034804F090FAF9E7C04650D9001016
:1005400054D9001010B5002802D00378002B03D135
:10055000054804F0FDF910BD1022002108F002F951
:1005600000F02EF9F7E7C04670D9001010B582B040
:10057000002802D00378002B04D10B4804F0E8F9DE
:1005800002B010BD01A9102208F0ECF810220400FE
:100590000021019808F0E6F80100200000F01AF9A7
:1005A000022000F0FDF8EBE790D90010F0B585B01F
:1005B00006000F0000F0EEFF002304000D000A4AC1
:1005C0000A48A4185D41002D02DA0124084D644256
:1005D00000233200009376213B000294039506F03D
:1005E000FFFF05B0F0BDC046A086010078110020D5
:1005F000FFFFFF7FF0B585B006000F0000F0CAFFD7
:10060000002304000D000A4A0A48A4185D41002D89
:1006100002DA0124084D644200233200009376215F
:100620003B000294039506F0FFFF05B0F0BDC04605
:10063000A086010078110020FFFFFF7F10B500F0B9
:1006400027F80E4807F014F800F058F80C490D4848
:1006500006F09EFF03210E2000F0C8F803210F20B2
:1006600000F0C4F80849094807F052F800F01AF8F9
:1006700007F012F800F05AF8F8E7C046E00F002043
:10068000A086010078110020AD050010F5050010CE
:10069000002210B5024B1A6004F0C0F810BDC0462D
:1006A000B824002010B5002004F0BCF80400831C1E
:1006B0000DD004F003F90E4A13680D2C09D00A2C52
:1006C00007D07E2B10DC0B49CC5401331360002083
:1006D00010BD084800210400C154116006482100E3
:1006E00004F0BAF92000F3E700231360EFE7C046F7
:1006F000B82400203824002044DC00100022002010
:100700000021084B10B51A70074B1860596019305A
:1007100000F086F8D02380221B0692045A629A6168
:1007200010BDC0468B290020E019002070B5194B80
:100730001B78012B26D0022B07D0002B04D1D0230D
:1007400080221B0692049A6170BD00F023FF124CB8
:1007500063688B4203D3F7D123688342F4D200F05D
:1007600019FF0E4B1D6800236A0812184B412260C6
:100770006360D02380221B0659689204114207D17E
:100780005A61E1E7D02380221B0692045A61DBE71D
:100790009A61D9E78B290020E0190020AC100020D5
:1007A000014B18707047C0468B29002043011B1A6B
:1007B0009B00024A1818C00010607047AC1000205F
:1007C00010B501000268024804F046F910BDC046A9
:1007D0005CDC001010B5044B01600A000100180039
:1007E00004F03AF910BDC04674DC0010094A8300D9
:1007F0009A1810B514684022544080322240064CAA
:10080000C000A44663441A60044B9C4660444160A7
:1008100010BDC04604C0014004D00140004001406A
:100820000123D0228340120693629361094A830018
:100830009A1811684022514080320A400649C0008F
:100840008C4663441A60054B9C4605236044436014
:100850007047C04604C0014004D001400040014040
:100860008023DB051868000F7047C0460FB400B541
:10087000084883B004F06CF8049B002B07D005A94E
:100880001800019103F038FE034804F061F80120DC
:1008900003F04AFE94DC00104CD9001070B5EFF361
:1008A000108C72B60D4D2B68002BFCD0BFF35F8F00
:1008B0000724CB08C618C05C01230C40A3401C00D1
:1008C0000440034207D118433070BFF35F8F2C60A0
:1008D0008CF3108870BD1000FFF7C8FF2C0100D00A
:1008E000F8B54746CE46884680B5EFF3108C72B611
:1008F0001C4D2C68002CFCD0BFF35F8F9A4222D88D
:1009000007210126894602E00132934218D34D4661
:1009100037001540AF40D4080119045D2742F3D1D8
:1009200010003C430C70BFF35F8F00220D4B1A6028
:100930008CF3108800280EDBC0BCB946B046F8BD69
:1009400001204042EFE7BFF35F8F00232B608CF361
:100950001088012040424346002BEDD00898FFF755
:1009600085FFC0462C0100D0044A1078431CDBB23E
:10097000172B00D9102313707047C046B010002009
:1009800010B5064B064C82B00100009318221F23BD
:100990002000FFF7A5FF02B010BDC046A4DC001088
:1009A000302400200021044B044ABFF35F8F02C3B0
:1009B0009342FAD17047C046000100D0800100D0B8
:1009C000054B064A1360064A136053609360D36078
:1009D00013615361936170478080808000E400E080
:1009E00004E400E01F2318401E3B8340002905D08B
:1009F000C021044A490053501360704780220149C6
:100A00008B50FAE700E100E001228240034B1B68B3
:100A100013405A1E9341D8B27047C04600E100E02F
:100A200001238340014A13607047C04600E200E0A2
:100A3000064B10309B688000C358054A00209B1A63
:100A40002F229A424041C0B27047C04600ED00E0FC
:100A5000B410002070B50D00EFF3108672B60F4A87
:100A60001368002BFCD0BFF35F8F0D4B10309B68D9
:100A700084001B590B4A934203D09D4201D000F0E1
:100A8000BDFF074B9B681D51BFF35F8FBFF35F8FA7
:100A90000022024B1A6086F3108870BD240100D03A
:100AA00000ED00E0C1010010F0B557464E46DE46AD
:100AB0004546E0B585B0060000911700EFF3108BB6
:100AC00072B66A4A1368002BFCD0BFF35F8F002513
:100AD000674B5D579A46002D00DAA9E06B00654C24
:100AE00001935B199B009846A146C1444B46524670
:100AF0009B7910361370604BB6009B6899590B1B9D
:100B00002F2B33D95D4B994200D0ACE0019B42467C
:100B10009C465B4B6544AD0063535A4B0232A218AE
:100B2000043B9B1A1B05584A5B0D651913436B80E8
:100B3000564B0121AB80FF23AB71009BEF71AB6083
:100B40004B460B4319004C4B9B689951BFF35F8F89
:100B5000BFF35F8F0022454B1A608BF3108805B0FE
:100B6000F0BCBB46B246A946A046F0BD01200A0033
:100B70008243D3798C46BB4231D845461300444961
:100B80001B1B5B415943090D3D4B63533D4B0235E4
:100B90006519043B5B1B1B053B4D5B0D2B43AA46B4
:100BA0004D466B800425AC465546E044131F444433
:100BB0001B1B1B055B0D1D434B46997100999D80C6
:100BC00099604946DF71334B01431360BBE758001E
:100BD000C01880002018C179B9422FD9020006231D
:100BE000D356002BF3DA02932B4B61460393131D6C
:100BF0009A4604235B429C46E14450464B461B1AEE
:100C00001B055B0D9C46204B9571984663464046FC
:100C100003439380019B5A199200039BA418A3805D
:100C2000029B1C4AA371009B2260E771A3608AE7C4
:100C300000F0E4FE002553465D574FE7908802938D
:100C40004005131D9A46031561469C464046D44410
:100C5000634604302018181AE0230005400D1B02DB
:100C600018430390C5E700F0C9FE4FE7240100D008
:100C700089290020B410002000ED00E0C10100101F
:100C800000A1FFFFE410002000E0FFFF01BDFFFF17
:100C9000AAAA00000148804701BD000070B50124E8
:100CA0000443EFF30581EFF3108C72B6214A136809
:100CB000002BFCD0BFF35F8F1F4B05001F4AED1ABE
:100CC0006D416A43120D1E4D8900AE6852B27658CE
:100CD000A6421CD00621595691421CD012215956C9
:100CE000914222D01E215956914220D02A21595694
:100CF0000324914210D0134B19781A708171BFF3FD
:100D00005F8F00220B4B1A608CF3108870BDAB68AC
:100D10000D4C5C50EFE700246100091989005B1855
:100D2000FF21997109499980E5E70124F4E702243C
:100D3000F2E7C046240100D0B4100020AAAA0000A7
:100D400000ED00E089290020C101001001BDFFFF76
:100D500010B5084B084C82B0010000930022052317
:100D60002000FFF7BDFD002801DB1F23181A02B089
:100D700010BDC046C0DC00108E290020024B9C46EE
:100D800061448900016070474000003470B5114C27
:100D9000114DAC420FD2FF262368002B0CD0FFF779
:100DA000E3FD01002000FFF7E9FFA680BFF35F8F9E
:100DB0000834AC42F0D370BDFFF7D6FD010020002F
:100DC000FFF7DCFF2671BFF35F8F0834AC42E3D33B
:100DD000F1E7C0464C1800205418002010B504005C
:100DE000FFF7C2FD01002000FFF7C8FFFF232371BA
:100DF000BFF35F8F10BDC04610B504000120FFF7A0
:100E0000BFFD034BC3189B002360BFF35F8F10BD72
:100E100040000034034B9C46614489000160BFF3ED
:100E20005F8F7047400000340A4B1968EFF3108061
:100E300072B60A68002AFCD0BFF35F8F1B68BFF34D
:100E40005F8F00221A6080F3108840BF00200021CD
:100E50007047C04668290020F0B5DE4657464E462A
:100E60004546E0B587B0EFF30583032201251A401C
:100E7000954091008846A946B34B03925C58B34B0A
:100E80001D60B34B04934B46B24843630823E55EB1
:100E9000002D37DAA3881BB2002B00DBADE0A3796D
:100EA000002B00D0EEE00823E05E002820DB4300AA
:100EB00062691B18DB00D3189E68DD68731C00D1C3
:100EC00011E1A44801004144826A0B69B71A9B1AD8
:100ED0009F4215D30123026A039883401A420FD020
:100EE0009C4800F04FFB8D4202DCCCD18642CAD92F
:100EF00040BF07B0F0BCBB46B246A946A046F0BD15
:100F00000E61EDE762696B0092465B19DB009A4463
:100F100053469E68DF6800F035FB8F42BADC00D193
:100F200003E1002F00DAE8E05246534652691B699C
:100F30009346049A934200D1D9E052460821605E5C
:100F40005288000459461043984700900191009937
:100F5000019A0B001000134300D1CEE013000A00E9
:100F6000B61A9F41002806DB7A4800F00BFB009E72
:100F7000019F36184F4153469E60DF6000229A5E03
:100F8000002A00DA86E7530099186069C900411801
:100F900002938B68C9689B46B94200DD7AE702D1AB
:100FA000B34200D976E708239C46A44405956546DC
:100FB0002281A446029B2C0006E053009918C90028
:100FC00041188D68C968AB469B18DB00C318B9424D
:100FD00006DC00D1B3E01C000023E25E002AECDA5C
:100FE000230064469C4653461A806346059D1D8037
:100FF000A3881BB2002B00DA51E72269EFF31081BE
:1010000072B61368002BFCD0BFF35F8F0123A78853
:101010005B42A3803FB22369BFF35F8F00221A6057
:1010200081F31088002F00DA39E72300083322000B
:101030009A4666697B00DB19DB00F3189968504615
:101040008C460824115FDD68002910DB029306E05E
:10105000AB4244D00023E15E2000002906DB4C00B7
:101060006418E4003419E368AB42F1DD029B0780A9
:1010700000201F5E1980002FDCDA1400A379002BFA
:1010800000D110E70023A37126000823E15E083693
:101090004B1C00D12CE70800A246656902E03E0027
:1010A0004B1C1AD04B005B18DB00EF180A008C4673
:1010B000E95E7B881BB2002BF1DA01235B42DC176F
:1010C000BB60FC60824205D0534631801B893B8067
:1010D00053461A8160464B1CE4D15446E5E6A368AA
:1010E0006345B7D9C2E76B1C00D0EAE6F8E65B4679
:1010F00058461B69984700281BD153461B88226914
:101100002381EFF3108372B611680029FCD0BFF37E
:101110005F8F514662880A8022696580BFF35F8FC6
:101120000021116083F31088B4E6864200D8F8E607
:10113000B0E65B461A685B680092019307E7B34527
:1011400000D848E74CE7C0464C2900203C700540D9
:10115000590E00100040054070B52E4C2569002D39
:1011600004D00A212C48FFF709FE70BD2B4E032145
:10117000300000F0FDF9E660FFF7F6FB284B032294
:101180009C46D02322701B061B6801216370254BEF
:101190006044A3600F2380002061022063806369A4
:1011A0004942A18019800231198647311D83585266
:1011B00018315A5275325C399952183201319952AC
:1011C00018320131995218320131995208351832CA
:1011D0009D52023118329952183201319952183207
:1011E0000131995218320131995218320131995214
:1011F0001832013199520C4B0C49DC6001303562D8
:10120000FFF728FC01210320FFF7ECFB084B1D60D2
:10121000A7E7C046FC1000206829002000400540D8
:1012200040000034FFFF10004C290020590E001030
:101230003860054000487047FC100020F8B51F00DA
:1012400008AB1B7804001600002B08D100F0A2F9AF
:1012500032003B00121A8B41002B00DA52E0226967
:10126000EFF3108072B61368002BFCD0BFF35F8FD2
:101270000223E15E63694A005218D2009B1822697A
:10128000002936DB1D886580BFF35F8F0025156060
:1012900080F31088069A9E60DF601A61079A5A618F
:1012A0005A8801325204520C101C002A1FD082B2FC
:1012B0005880080410432669EFF3108772B632682D
:1012C000002AFCD0BFF35F8FA2881A80A180236917
:1012D000BFF35F8F00221A6087F310880A492378D2
:1012E0008C4601329A40E36863441A60F8BD0120DD
:1012F000DDE7BFF35F8F0023136080F310880120C8
:101300004042F3E70020F1E73C20000070B5010007
:101310000469EFF3108C72B620680028FCD0BFF38C
:101320005F8F02200D5E4C6968004019C0002418D0
:101330000869002D36DB26884E80BFF35F8F0026BC
:1013400006608CF31088E3606388049801332061A1
:101350005B0405985B0CA26060611A1C002B1FD017
:1013600093B22804628018430A69EFF3108C72B6B6
:101370001368002BFCD0BFF35F8F8B8823808D8098
:101380000B69BFF35F8F00221A608CF310880B7813
:1013900001329A40CB6808498C4663441A6070BD9C
:1013A0000122DDE7BFF35F8F002303608CF3108819
:1013B00001204042F3E7C0463C20000010B54389BD
:1013C0000A1493421ADD53009B184269DB00D318BC
:1013D0000469EFF3108C72B62268002AFCD0BFF3C8
:1013E0005F8F5A88090494B2090C8A4208D00369B5
:1013F000BFF35F8F00221A608CF31088002010BDAD
:101400008022120214435C80012302698371BFF3BE
:101410005F8F002111608CF31088044902788C469C
:101420009340C268012062441360E8E73C2000005A
:1014300040787047F0B557464E46DE464546E0B523
:1014400006000F0085B0EFF3058399468B46002B0D
:1014500012D0384900204B6ABB4206D38A6ADB1B94
:10146000591E8B41B2424041184305B0F0BCBB4607
:10147000B246A946A046F0BD2F4B9A46DB68984677
:1014800053461B784046039300F07CF84246039B8A
:10149000040004339B009B580D001B1A39003000D8
:1014A000001BA941894510DC0DD020BF214A002036
:1014B000536A5B45D9D3926ADB1B591E8B41B242FA
:1014C00040411843D1E78342EFD900F063F832007E
:1014D0003B00121A8B41002B1ADB00230193174BA0
:1014E0003200009350463B00FFF710FF011E0FDD56
:1014F000104B5A6A5A451BD39B6AB34216D35046C7
:10150000FFF75CFF0B4A0020536A5B45ADD3D2E77F
:10151000084A0020536A5B45A7D30020926ADB1B70
:10152000B24240415A1E934118439EE75A45E6D1C4
:1015300020BFE4E700400540FC100020290E001009
:10154000074943684A6A10B504680020934206D8E8
:10155000896A9B1A5A1E9341A1424041184310BD0B
:10156000004005400260436000487047411500108C
:1015700010B5024A0248FFF791F910BDDCDC0010FB
:10158000342400200300416A0A00986A596A8A429A
:10159000FAD17047034B596A0A00986A596A914216
:1015A000FAD170470040054070B504000D00174A9D
:1015B000536A1900966A536A8B42FAD130001900B7
:1015C00024184D41AB4216D813D0104B2A005B6A49
:1015D0009D4203D90D494B6A9342FCD3934207D1F4
:1015E0000A4A02E0516A994202D1916AA142F9D3B2
:1015F00070BDA642E9D9054B5B6A1C005A1CEFD0AE
:10160000012201246442E5175242E3E7004005400D
:10161000F8B5DE464E4657464546E0B58B460500D2
:101620000A991800160000F03BFB0A9B6C001F0291
:10163000324B64199C46A4006444636881469F420F
:1016400000D967602B1FDBB29846012B30D9C0232D
:1016500080229B01E31812011A60294BAD005959F1
:101660009A4600291BD17301E026226853401E4090
:10167000802342465B01E3181E60012A30D9802393
:1016800080229B01E31812011A6053464A466760A4
:101690005A51F0BCBB46B246A946A046F8BD5869AF
:1016A00000F0FEFA013043001B18033BFDD2DAE7DD
:1016B0005B46012BCBD1C02303229B01E3181A60A8
:1016C000023AA3681A42FCD07301E0262268AD00FA
:1016D00053401E4080230A4A5B019246E3181E6075
:1016E0005A462168514003220A401A6001225B4693
:1016F0009A40A3681A42FCD0C1E7C046008000406F
:10170000BC240020F0B546464F46D646C0B51F0063
:10171000344B44009C462418A40064446368884603
:101720001600FF2B02D880235B006360031FDBB22F
:101730009A46012B30D9C02380229B01E318120165
:101740001A60294B85005959994600291BD173010C
:10175000E026226853401E40802352465B01E31876
:101760001E60012A30D9802380229B01E3181201D8
:101770001A6080235B0063604B465F51E0BCBA4651
:10178000B146A846F0BD586900F08AFA013043001E
:101790001B18033BFDD2DAE74346012BCBD1C02314
:1017A00003229B01E3181A60023AA3681A42FCD094
:1017B0007301E0262268850053401E4080230A4AB8
:1017C0005B019146E3181E604246216851400322A6
:1017D0000A401A60012342469340A2681342FCD09B
:1017E000C1E7C04600800040BC240020014B8000BF
:1017F000C0587047BC240020F8B5040021481E00E2
:1018000017000D0000F04CFA0100380000F048FA13
:10181000069B36041B031E432368002B20DB1A4B58
:101820001A49E3185A1E93418022920194465B4262
:101830001B0B174A1B0363441360164A13601F00F7
:101840000A689743FBD1144B2560E2182123A0605E
:1018500013602368002BFCDA0823E6601360F8BDF0
:101860003F2322681340AB42D9D1A3681B051B0D4F
:101870008342D4D1EE22E368D2021340B342CED1E8
:10188000EDE7C046001BB7000040FDBF08C00040A8
:1018900000E0004000F000400430000010B580245B
:1018A0001C4BE4051C6000281AD001231A4C184375
:1018B0001A4BDC611A4C44401C62596298628021C8
:1018C000144BC9051960174817490860E021C9047D
:1018D0001960002A07D18022144B12061A6010BD2D
:1018E0000E4BD861EBE753019B1A9B009A1880239B
:1018F00012015B049A4209D213000D490B60074B99
:101900005A608022094BD2051A60E8E7094B1A0099
:10191000F3E7C04600B00540D3C007B000800540E3
:101920002D3FF84FFCFF01000820014000A00540BA
:1019300024290020FFFFFF008023024A9B000B4365
:10194000D362704700800540002310B50100988ADB
:101950001B8B984710BDC046162310B50100188890
:1019600002331B88984710BDF8B54746CE4680B570
:101970000F1E18D0142399460433040000250126B5
:1019800098464B461888434621681B88984701C4EF
:10199000431E984101350640AF42F2D13000C0BC31
:1019A000B946B046F8BD0126F8E7C046002370B539
:1019B00004000D00988A05491B8B984703000020FE
:1019C000002C01DB0130A04029009847554200005F
:1019D000AA23064A1B0113608D235B00D3600449D0
:1019E000044B19605368002BFCDA7047004002403A
:1019F00000B0FA00006002407047C04610B50148D0
:101A0000FEF734FF00DD001070B5074D074EB542FC
:101A100009D20024013E761BB60808CD9847230062
:101A20000134B342F9D170BD08D7001044D700107B
:101A3000054B064A06491A60064A074B1A60100011
:101A40000B689843FBD1704700E00040BFCDFBFE20
:101A500008C00040FE7F3C0000F00040044BDB6CFF
:101A6000002B03D18022034BD2021A607047C0467C
:101A7000000011504C201150044A054B1A60054AD1
:101A80001368DB018033FBD17047C046FFFFFF01C5
:101A900000F0004008C000404022034B9A675A679C
:101AA0001A67DA667047C04600F0014010B5FEF7CD
:101AB00079FF10BDF8B52749274C284D641AA610A8
:101AC0003200302E00D930222800920001F072F846
:101AD000BC2C3BD830202F232C196407204A801BB4
:101AE000E40F9B1B052B16D93700002C02D0B30046
:101AF000771CEA50001B33199B004108EB18C90002
:101B0000C9181A605A6008339942FAD10123034276
:101B10001CD09843C619B300EA50731C2F2E15D061
:101B20009B00EA50B31C2E2E10D09B00EA50F31CF1
:101B30002D2E0BD09B00EA50331D2C2E06D09B007F
:101B4000EA50731D2B2E01D09B00EA50054B9D607F
:101B5000F8BDC04600010010C001001000000020C8
:101B6000C101001000ED00E0002310B5294C82B047
:101B7000A367FFF72DFF0122274B1A60636C012B2F
:101B8000FCD10322254B1A60224A936B012BFCD116
:101B9000013300930121224A22480433FFF72CFE2F
:101BA000052301210093204A2048FFF725FE00224B
:101BB000022104201E4BFFF7A5FD00220121052074
:101BC0001C4BFFF79FFD0022002107201A4BFFF757
:101BD00099FD002200210820174BFFF793FD802379
:101BE000DB000093002200210920134BFFF710FDBA
:101BF0000022104B00210620FFF784FD0420FFF790
:101C0000F5FD0E4900F04CF801000020FFF794FEAE
:101C100002B010BD008000403CB0004030B0004039
:101C2000002F685900800240008C864700C00240A7
:101C3000001BB70040597307006CDC0240420F00E4
:101C400001480421014B1847201100206919001098
:101C5000124A936F9B0815D29066D166002905D071
:101C6000FFE7FFE7FFE7516F106F704704B5802172
:101C70000906C2175140002800D0C8430BF014FDDC
:101C8000002104BDF0B5146E556E576F166FFFF747
:101C9000E3FF1466556657671667F0BD000000D075
:101CA000114A936F9B0813D210665166002905D024
:101CB000FFE7FFE7FFE7516F106F704704B500289B
:101CC00001D00020C0430BF0EFFC002104BDC04652
:101CD000F0B5146E556E576F166FFFF7E5FF14667B
:101CE000556657671667F0BD000000D094464A4A13
:101CF000926F9208624601D228E0C046F0B5464E87
:101D0000346E756E776F366F00F020F89446424A55
:101D100014665566576716676246F0BD94463E4A9C
:101D2000926F9208624601D254E0C046F0B53A4E36
:101D3000346E756E776F366F00F04CF89446364A05
:101D400014665566576716676246F0BD002B24DBA4
:101D500011D000293EDA00B5C943404200D101311B
:101D600000F038F8C943404200D10131DB43524210
:101D700000D1013300BD002AEBD1002801D1002998
:101D800005D00020C90FC90701D1C043410800B5E3
:101D90000BF082FC0022002300BD00B500290ADB05
:101DA000DB43524200D1013300F014F8C9434042F2
:101DB00000D1013100BDC943404200D10131DB43B4
:101DC000524200D1013300F005F8DB43524200D10A
:101DD000013300BD002923D1002B18D1002A0CD0DB
:101DE000BC460D4F38667A6600210023FFE7FFE707
:101DF000FFE77A6F386F67467047002801D00748C1
:101E0000010000B50BF048FC0022002300BD0200D9
:101E10000B00002000217047000000D0FFFFFFFFF3
:101E2000002B00D0BFE0130C28D1002AE7D080B4EB
:101E3000114F39667A66FFE7FFE730B4040C7B6F19
:101E4000396F1B0423433B667A66FFE7FFE7FFE732
:101E5000C04684B27B6F3D6F1B0423433B667A66AA
:101E6000FFE7FFE7C04600232C042D0C7A6F386F84
:101E700000196941B0BC7047000000D0F0B594462D
:101E80000025140E01D112020835140F01D11201E0
:101E90000435940F01D192000235D40F01D15200C4
:101EA0000135D40B0134254F7C66254C3C660E0C65
:101EB00093B2FFE7FFE7FFE73C6F6643360C77031B
:101EC000BE467343DF0B5B04C01AB941130C734366
:101ED000DB18C91ACE086643360CB64493B2734376
:101EE0001F0F1B01C01AB941130C73431F0B1B05B5
:101EF000C01AB941860D8F023E436643360C092D48
:101F000024DB520A7243801A7703460A6643360C72
:101F100016235B1BDE40DF40BF1964466643821B0D
:101F20007046043506330100D940A840C01900D3DB
:101F30000131A24206D20023F0BD0000000000D013
:101F4000FFFFFFFF121B0130F3D3F1E709277F1BCF
:101F5000FE406446A2B27243801A00D20139220CBC
:101F60007243130C1204821A99410B007046043517
:101F700013370100F940A840801900D30131002B2C
:101F800002D1A2420AD2F0BD013000D30131121BAE
:101F9000FAD2013BF8D1A24200D2F0BD013000D309
:101FA0000131121BF7E7F0B51C0C00D080E00CB437
:101FB00000251C0A04D11B02160E334312020835F9
:101FC0001C0B04D11B01160F3343120104359C0B6B
:101FD00004D19B00960F334392000235DC0B02D1F3
:101FE00092185B4101351C00971864410134464F3B
:101FF0007C66464C3C660E0CFFE7FFE7FFE7C046F9
:102000003C6F6643360C7703BE4697B27743C01BDE
:1020100000D20139C01B00D201399FB27743C91BDE
:10202000C91B170C77437E04FF0B801BB941CE08F8
:102030006643360C0C2D33DBB644120B1F053A43B6
:102040001B0B97B27743C01B00D201399FB2774375
:10205000C91B170C77433E043F0C801BB941860D0A
:102060008F023E43664329277F1BFE400C3D774687
:10207000AF40BF1930BCA2B2ABB272437343801AF7
:102080009941220C7243130C1204801A99410200E8
:102090000B000137001BA941F9D2781E0021F0BDC9
:1020A0000C277F1BFE4077467F0BAF40FF19E0E710
:1020B00000245D1C07D0144F7D663966FFE7FFE7FB
:1020C000FFE7FFE73C6F95B29EB265436643401B56
:1020D000B141150C1E0C6543664336042F0C3E437C
:1020E0002D04401BB141994204D202000B00200094
:1020F0000021F0BD01D19042F7D3801A99410134FB
:102100009942F2D3F6E70000000000D0FFFFFFFF86
:1021100048404140484018B41B4B5B68FC46019363
:1021200008BD04DF5324001018B4174B1B68FC468D
:10213000019308BD00DF5D2400109446134A926F9E
:10214000920809D2624618B40F4BDB68FC46019333
:1021500008BD0CDF152700100C4AF0B5146E556E43
:10216000576F166F6246FFF7EEFF084A1466556612
:1021700057671667F0BD18B4034B9B68FC46019384
:1021800008BD08DFB9250010E8190020000000D0C4
:10219000FFB550404240504059404B40594000E04C
:1021A000FFB5154F4C00640D03D0BC4204D10C03A5
:1021B00014D80020090D09055C00640D03D0BC4251
:1021C00004D11C030AD800221B0D1B0501264B401D
:1021D00009D44B4003D58B4200D18242FFBD9942C6
:1021E000FCD19042FFBD0B43DB1803431343F5D0F2
:1021F000C9434918FFBD0000FF07000000B5FFF705
:10220000CFFF01D0002000BD012000BD00B5FFF7C9
:10221000C7FF804100BDC04600B5FFF7C1FF01D92F
:10222000002000BD012000BD00B5FFF7B1FF01D9BE
:10223000002000BD012000BD00B5FFF7A9FF8041CF
:1022400000BD012040054A00121804D85A00121897
:1022500001D80020704701207047000000210028AD
:1022600005D17047C1174840401AFAD0C90713B5C5
:10227000064B1B6898470CBC441CA2401005120B6F
:102280000349091B09051943114310BD64290020A6
:102290001F04000010B54C00620D8023D218DB0033
:1022A000D21A5B057E2A10DD9E3A13DACC17090399
:1022B000490819435242D140640001341532202AA2
:1022C00005DAD0400843604310BD002010BD084629
:1022D000604310BDC80FC018013810BD18B4044BBE
:1022E0005B6AFC46019308BD24DFC528001000008E
:1022F000E819002018B4044BDB6DFC46019308BDBF
:102300005CDFD12900100000E8190020C94211D378
:1023100000B549004908002200F018F8002904D44B
:10232000002240428A41114600BD8021090600205A
:1023300000BD000018B4044BDB6EFC46019308BDE1
:102340006CDFD32800100000E819002018B4044BFB
:102350009B6FFC46019308BD78DFEF28001000005A
:10236000E819002018B4044BDB6FFC46019308BD4C
:102370007CDF5D2900100000E8190020132370B5F0
:102380001D78012D19D014DD1F48FFF7E5FA06006E
:102390001E48FFF7E1FA1E4C80223100200000F0B9
:1023A00009FC022D2DD01B48FFF7CEFA1A4B1860FE
:1023B00070BD1A4B164CA364F5E7184B144C236000
:1023C0006360A360E36023616361A361E3612362EF
:1023D0006362A362E36223636363A363E3632364CF
:1023E0006364A364E36423656365A365E3652366AF
:1023F0006366A366E36623676367A367E367A36413
:10240000D1E7064BA364CEE75344000053460000D7
:10241000E81900204C33000064290020212400101A
:1024200007B5604601880A0A0230DF2AFAD1C9B22C
:10243000820804D3028840880004104300E000684A
:10244000014A5050039007BDE81900200FB403BCA7
:102450000CBCF0B50124E407634000E0F0B50C0DBE
:10246000CF0F661E3605891B640503D3C94340425E
:1024700000D30131640D03D0661CF60A07D0E41BBB
:1024800000207F00791C89078912803C24031D0DE0
:10249000DF0F6E1E36059B1B6D0503D3DB435242D7
:1024A00000D301336D0D03D06E1CF60A07D0ED1B6F
:1024B00000227F007B1C9B079B12803D2D032F1B5E
:1024C000661B58D4A446202E46DA20371400BC40A0
:1024D0001D00BD40F24033412A4380185941CB0FC3
:1024E00005D0C943C0430022644250415141624675
:1024F0004D0D28D10D0D07D100281FD024194041C2
:102500004941013A0D0DF9D0640006D3013000D3E2
:102510000131002C01D140084000013A0BD4941C39
:10252000E40A04D112051144DB071944F0BDD907B0
:10253000204B194300E0D9070020F0BD0029DDD170
:10254000002CDBD1F0BD0132C6074008CD0728437F
:102550004908002EE1D0D9E73C2E29DA203E403749
:102560001400BC4000D00124F24014431A00BB40C8
:102570001C43D317ACE7AC46202F08DA2036040002
:10258000B4400D00B540F84039412843A5E73C2F41
:102590000CDA203F40360400B44000D00124F8405B
:1025A00004430800B1400C43C117EAE710001900CA
:1025B000002494E70000F07FF0B50C0D661E360590
:1025C000891BE60A6405640D02D0651CED0A04D07F
:1025D000002001210905803C2403A4461C0D671E30
:1025E0003F05DB1BE70A6405640D02D0651CED0A9C
:1025F00004D0002201231B05803C2403774064445F
:1026000097B484B296B27443070C7E43150C6F43A3
:1026100080B26843361802D3012000043F1830040A
:10262000350C00197D41844688B29AB250430C0C97
:1026300062431F0C7C438EB27E43921902D3012663
:102640003604A4191604170C3618674101BC81B270
:102650009AB25143040C62431B0C5C4380B2584352
:10266000121802D30120000424181004130C40187F
:1026700063412D185E410020474106BC88B293B2E9
:1026800058430C0C6343120C544389B251435B18FA
:1026900002D301210904641819041A0C09186241B3
:1026A0006D1856410020474118BCF902720D1143C4
:1026B000F0026A0D1043ED020A0D03D16D1940417D
:1026C0004941013B124E9B1B7600B3420ED26D0076
:1026D00007D30130002671416646354301D14008D9
:1026E00040001B05C918E4072144F0BD0BDA013393
:1026F00006D1013004D101314F0D01D04908F2E774
:10270000E1070020F0BD013631050020EBE70000B5
:10271000FF030000F0B51C0D671E3F05DB1BE70A39
:102720006405640D02D0661CF60A04D00022012361
:102730001B05803C2403D0252D060026F6432E667B
:102740001E096E66CE0FF619B44649004F0D02D031
:102750007E1CF60A03D000200021403F3F033E1BB1
:10276000B600B444013F7F05C91B49082E6F0136EE
:1027700076089C02950D25437543ED137543AD1303
:1027800001356D10F603761B0CB4CC02450D2C43BD
:10279000A2B2B3B25A43270C7B43350C6F43A4B2A9
:1027A0006C431B1902D3012424043F191C041D0C83
:1027B000A4187D4124196D41009A91B2ACB26143D5
:1027C000170C7C432B0C5F4392B25A43A41802D3DC
:1027D00001221204BF182204230C52187B41019CD1
:1027E0006C431B19520ED9010A434401A01A81B24D
:1027F000B2B2514303145A43360C734387B2774342
:10280000D617D21900277E4136049B191704160CDF
:102810007F185E417316ED18F30100268033754171
:10282000A90F06D16400690AE8055B0A184309D2BA
:102830002FE00422944480337541A90AA8059B0A1D
:10284000184326D3404149412404009A019B0D00BE
:102850005543641B4343E41A95B286B27543170C83
:102860007E43030C5F4392B25A43B61802D301224F
:102870001204BF183204330C52197B4152429C415E
:10288000002C02D40022013051414008CA071043F5
:10289000490802B06246D7079210084BD218084B7D
:1028A0009A4203D212058918C919F0BD0020002AE6
:1028B00001DC3900F0BD01331905F5E7FD03000027
:1028C000FE070000002200B5203200F010F80800DA
:1028D00000BD002200B500F00CF8CA179A4200D1E2
:1028E00000BDD8430121C907414000BD00220B159E
:1028F0000AD410B5944600F0A7F81414013400DA95
:102900000021CB17144C204700200021704762445F
:10291000343A0CD40C2A07DA040091409040524219
:102920002032D440214310BDD843D94310BD2032BA
:1029300007D40C469440524220321141D0402043EB
:1029400010BD0800C917203203D452422032104172
:1029500010BD1800190010BD0F2900104A00520DBB
:10296000144BD21A13DDFF2A1EDAD205CB0FDB0778
:102970001A43C300400F0903490A084310435B0090
:1029800001D301D0013070474308FBD2704702D019
:10299000C80FC00770470A0312130132F8D1420F63
:1029A000072AF5D1012200E0FF22C80F000280189B
:1029B000C00570478003000000210A00002104E0E8
:1029C00000210A00C11704E00022002306E0C046EF
:1029D0000022CB1758405940C01A994130B5184CC5
:1029E000A21A002903D1010010D00020203A4C1572
:1029F00012D104D2013A001849414C0DFAD3114CBE
:102A0000A24204D212058918DB07C91830BDD2438F
:102A1000520D00200021F5E703D4013A0018494186
:102A2000FBD50B324405C00A4D052843C90A640092
:102A300003D0002460416141E1E7E0D34408F8E7B6
:102A400032040000FE0700000A0DCC0F531E1B05C8
:102A5000C91A520503D3C943404200D30131520D74
:102A600003D0531CDB0A07D0121B00206400611C3A
:102A700089078912803A1203014BD21A704700006D
:102A8000FF03000051434343C9188C46110C83B225
:102A90004B4310B4040C614392B280B25043624382
:102AA0001C041B0C001910BC59411304120CC01853
:102AB0005141614470470000132310B512481C783F
:102AC000FEF74AFF0100012C0AD003DD80220F48E7
:102AD00000F070F80E48FEF737FF0E4B186010BD7F
:102AE0000A4C5422200000F065F80B4B6365A36587
:102AF000E36523666366A366E36623676367A3678C
:102B0000E3672362E361E5E753460000E81A00202B
:102B10004C330000642900201D2B001007B56046CF
:102B200001880A0A0230DF2AFAD1C9B2820804D326
:102B3000028840880004104300E00068014A5050B9
:102B4000039007BDE81A002010B5040005F0A6F8B0
:102B5000002804D0034B04199C4200D810BD024841
:102B6000FDF784FE000004200CDD001010B50C0001
:102B700005F09EFB002804D0034B04199C4200D8AA
:102B800010BD0248FDF772FE000004200CDD0010AD
:102B900010B505F08DF810BD01480421014B184710
:102BA0003011002069190010014B1B681847000004
:102BB00030110020014B5B681847000030110020E5
:102BC0009A4200D2885470477047C046F8B55746BD
:102BD000DE464E464546E0B599460A9B07009A46B2
:102BE0000D9B884693460B9C9B073BD10C9B9C42BC
:102BF0003DD21E1B0B9415000C005E442A004B4670
:102C0000013521002020B847B542F7D1A0460B9CE2
:102C1000002C20D0454636195346321B013C185D26
:102C200029004B46B847002CF6D12B0035009846BA
:102C30000D9B9B070FD55B46EC1A0C9BA3420AD950
:102C4000464698462A004B46310020200134B847BA
:102C500001354445F6D32800F0BCBB46B246A94630
:102C6000A046F8BD16001500002CD3D1E0E71600F1
:102C70001500002CCED1EEE7F0B54546DE465746AE
:102C80004E46E0B585B09C4610AB1B78149F93462A
:102C900098460F9C129E139DBB074CD4002D42D129
:102CA000B44248D201233B4099460E9B013B9A46D1
:102CB000302304E0524601341355A64201D9202C9A
:102CC000F8D14B46002B00D183E00E9B013B994687
:102CD0003023A54205D82EE04A4601341355AC42B4
:102CE00029D0202CF8D1FB060CD57B0554D4A64264
:102CF00063D0A54261D0119B102B50D0022B57D02E
:102D0000202C32D1202301930E9B5A460093039727
:102D100063460295FFF75AFF05B0F0BCBB46B246CA
:102D2000A946A046F0BD01233B40994601233B4202
:102D30002AD1B442B9D3FB061CD57B05DBD4002CC9
:102D4000D5D1119B102B5BD0119B022B6BD0302364
:102D500001240E9A13704346002B10D17B073ED5F9
:102D60002B260E9A631C1655CDE72300013430261E
:102D70000E9AD654202CC5D04346002BEED02D26DB
:102D80000E9A631C1655BEE74346002B2FD0013D1B
:102D9000B44200D289E798E7119B102BB2D1BB0651
:102DA00037D5202CAED058230E9A13550134A7E7FF
:102DB000202CA7D02300013407E0631E012CC0D0D3
:102DC000119A102A31D0022AD1D162260E9AD654F5
:102DD00096E7FB06CED57B0500D488E78BE723007A
:102DE0003E0790D520260E9A013316558BE70C230B
:102DF0003B405A1E9341ED1AB44200D255E764E7B6
:102E0000BB060ED478230E9A02241370302353701D
:102E1000A1E7202C00D175E778230E9A13550134D1
:102E20006EE75823EFE76033EDE70E9AA61E914652
:102E30004E44BA0602D55822327098E77822327092
:102E400095E7C04610B5002800D110BD01F036FD51
:102E5000FBE7C0460B0010B5002802D049681B688C
:102E6000984710BDF0B55746DE464E464546E0B59C
:102E700095B083460F00924698461E9A1F9B1000FD
:102E80001900209EFFF7DDF9002800D0EAE11E9826
:102E90001F990122C54B5242FFF7B8F9002800D014
:102EA00014E11E981F990122C14B5242FFF7C4F949
:102EB000002800D0E9E01E981F990022BD4BFFF7C3
:102EC000BBF9002800D0C8E01E981F990022BA4B19
:102ED000FFF79CF9002800D0BFE01E981F99002240
:102EE0000023FFF793F9002800D0E4E000230B93C0
:102EF000229B5B0500D406260024302307E017211F
:102F000006AA013452181355013E202C01D0092E77
:102F1000F5D81E981F99FFF7BDF9A84BF2009B1832
:102F20001A685B68050008920993FFF79BF9020095
:102F30000B001E981F99FFF7EEF8089A099BFFF700
:102F40001AF906900791FFF7C9F98146FFF786F94C
:102F500002000B0006980799FFF7DDF80022984B56
:102F600006900791FFF768F9002800D10DE10123D1
:102F70009C46E1444846FFF771F902000B000898AF
:102F80000999FFF749F9002802D000239946013535
:102F9000002E00D1D9E006954D46B94614E006AAA8
:102FA000944617230A216344280001341F19FEF7B1
:102FB00077FE3031397028000A21013EFEF770FE9D
:102FC000092D00D817E10500202CE8D14F46069DB9
:102FD00020240CAE06AA17239446634499465B4608
:102FE000B34606930FE04B4628000A210134E61849
:102FF000FEF72EFE3031280031700A21FEF728FE40
:10300000051E00D1E4E0202CEDD1069B5E469B46D8
:103010000323229A1340012B18D1219B002B15D09A
:103020000B9B002B00D1FDE0219B013B2193202B2A
:103030000CD93023219A07E0172006A9013409187A
:103040000B55944200D3CCE0202CF5D1229B019467
:103050000393219B0096029322E0229B5246049305
:10306000219B3900039358461E9B1F9C0296009398
:103070000194434600F04AF90400200015B0F0BC6A
:10308000BB46B246A946A046F0BD229B5B070FD4C3
:1030900003224C4B229901920391219900930291B2
:1030A0004346524639005846FFF790FD0400E4E7D6
:1030B0000422454BEEE71E9A1F9B00200021FFF7DC
:1030C0002AF801231E901F910B9311E7229B54466F
:1030D0009B0711D1219B042B0ED9219B55469C4661
:1030E0005E46043C64442A004346013539002020F2
:1030F000B047A542F7D1B346344D26002B1F994661
:103100005B46A3461C003200E87843463900013D87
:10311000A04701364D45F6D123005C469B46229BD5
:1031200004349B07A9D55346219AE31A9A42A4D99D
:103130005E4615002200434639002020B047534622
:103140000134E31A9D42F5D897E72800FFF78AF883
:1031500002000B001E981F99FEF7DDFF0022184B9E
:1031600006900791FFF752F80CAE002800D031E727
:10317000069807990022124BFFF75EF8002800D04E
:1031800028E7012301359D4324E70022069807998B
:103190000B4BFFF73BF8002800D0F9E64B46002B1D
:1031A0005CD101239C46E144F2E6C046FFFFEFFFFD
:1031B000FFFFEF7F65CDCD4165CDCDC1F8E10010BA
:1031C0000000E03F60DD001058DD001068DD0010F9
:1031D000069B5E469B460323229A1340012B00D197
:1031E00081E0202C00D131E70B9B002B27D02D2331
:1031F000335501342AE74F46069D202C00D1E7E6DF
:103200003022331907E0172006A9013409180A559E
:10321000202C00D1DCE6A342F5D12E220CAE0134E5
:10322000F254D7E60C23229A134257D0219B013B3C
:103230002193A34200D9FCE6202C00D106E7229B73
:103240005B0703D52B2333550134FFE6229B1B0775
:1032500000D4FBE6202333550134F7E6DB0700D426
:1032600096E69EE7229B55469B0711D1219B032B97
:103270000ED9219B54469C465E46033D6544220080
:103280004346013439002020B047AC42F7D1B34661
:10329000B9465F461C4EEC1C2A00B07843464946AE
:1032A0000135B847013EAC42F6D1229BBB464F46A2
:1032B0009B0700D4E1E65346219AE31A9A4200D8CC
:1032C000DBE65E4615002200434639002020B04769
:1032D00053460134E31AAB42F5D3CEE6219BA34219
:1032E00000D9A6E6B2E6219B002B00D179E70B9B23
:1032F000002B97D0219B013B21939C4200D298E662
:10330000202C00D073E7A1E664DD0010F0B5DE46A6
:1033100057464E464546E0B599B081468B469246A3
:103320009846229A239B10001900FEF78AFF002876
:1033300000D0CAE0229823990122824B5242FEF724
:103340007BFF002800D0C0E02298239901227E4B09
:103350005242FEF75BFF002800D0B6E02298239986
:1033600000220023FEF752FF002800D0C9E1229B73
:10337000239C08930994089809998023269ADB00D6
:103380001A400D928022269C1201144022000B94B8
:10339000269C07000E001C4200D0ADE00B0003434A
:1033A00000D0D5E0002A00D00AE2220006332493A0
:1033B000022313400C930223134200D002E2259B08
:1033C000042B00D20FE2043B0B93002304250A9345
:1033D0000022229823990023FEF718FF002800D02E
:1033E00003E25A4B269A134004930B9B0393249BAE
:1033F0000293089B099C0093019459464346524608
:103400004846FFF72FFD02002020269B1F27034080
:1034100059424B415B421840531C0893594643465E
:103420004530C8470A9AD317D4185C40D30F0A9383
:103430006B1E0B9308AB9C460025674401E0202DD2
:103440000FD020000A21FEF72BFC01357E19303108
:10345000317020000A21FEF723FC26000400092E0B
:10346000EDD8052306930B9B59460593002304933F
:103470000A3303930A9B4846029310AB0093089AC1
:1034800043460195FFF7F8FB0C9B002B2DD05346CC
:10349000C41A259BA34228D94D465F4681461E008B
:1034A000534639001A19202043460134A847A64242
:1034B000F6D8534648462599C21A01320023914254
:1034C00000D386E1013018180FE0269B0493259B5A
:1034D0000393249B0293229B239C009301944346D5
:1034E000524659464846FFF7BDFC19B0F0BCBB46F2
:1034F000B246A946A046F0BD01432BD10B9B22004A
:10350000002B00D154E700230A93249B0A9A00243D
:10351000934200DD85E12298239900220023FEF7E3
:1035200075FE002800D035E1269B084A02941A4017
:103530008023DB0013430493259B0393089B099C82
:10354000CBE7C046FFFFEF7FFFFFEFFFFFF7FFFF77
:1035500006232493B44B70009C46400D6044FEF754
:1035600081FEB24AB24BFEF706FEB24AB24BFEF7FC
:10357000DBFD3603B14B360B334304000D0038003E
:1035800019000022AE4BFEF7C6FDAE4AAE4BFEF769
:10359000F2FD02000B0020002900FEF7C5FDFEF73A
:1035A00079FE0A90FEF75EFEA84AA94B04000D00C2
:1035B000FEF7E1FD0022A74BFEF7B6FDFEF76AFE1F
:1035C000A54A0600A54B20002900FEF7D4FD040003
:1035D00030000D000C96FEF745FEA14AA14BFEF708
:1035E000CAFD02000B0020002900FEF794FD020036
:1035F0000B0006000F00FEF7BEFD320004000D00B8
:103600003B0030003900FEF78FFD00220E900F9135
:10361000954B20002900FEF790FD0022934BFEF70A
:1036200083FD02000B0020002900FEF786FD00222A
:103630008F4BFEF779FD02000B0020002900FEF7FA
:103640007CFD0D008021040032003B000020C905F4
:10365000FEF761FD02000B0020002900FEF764FD6B
:1036600002000B000E980F99FEF767FD0022734BC6
:10367000FEF75AFD7F4B0C9C9C46644400222305B8
:10368000FEF779FD06000F0002000B00089809996B
:10369000FEF7BCFD00280AD00A9B3000013B390030
:1036A0000A930022714BFEF748FD06000F000A9AAC
:1036B000330063323900C62A12D802222698042524
:1036C00010400B9A0C90002A25D1259B042B05D97C
:1036D000002800D0A1E0259B043B0B93042541E08A
:1036E0000222269810400B9A0C90002A12D1259B9A
:1036F000052B76D9002872D1259B0525053B0B9318
:1037000034E0802212069446229B0893239B634454
:10371000099330E605250B4300D1F6E60898099990
:10372000554A564BFEF780FD002808D008980999A5
:103730000022534BFEF76AFD002800D0E5E6249BEB
:10374000002B1CD00D9B002B19D0249B013B2493F4
:10375000259BAB4204D90C9B002B5AD002230C931F
:1037600000230B930A9B002B00D131E6089809999E
:1037700032003B00FEF7E1FC0890099128E6259B0A
:10378000AB42EDD90C9B002B43D000230B930233AB
:103790000C93E7E78020269B3A4A00061A408023D4
:1037A00084460294089C099D2900DB00134304937E
:1037B000259B6144220003930B00009201938EE647
:1037C0000524A8E600230B930A93023304250C93E7
:1037D000FEE553468C46013B63441B1A72E6022306
:1037E0000C930525C2E70423EDE58020089E099F80
:1037F000000639008446269A224B61441340049304
:103800000B9B32000393249B02930B0000920193C5
:10381000F3E5259B5B1B0B93A4E7022304250C9384
:10382000A0E79C1A013C76E601FCFFFFFB799F5064
:103830001344D33FB3C8608B288AC63F0000F03FD3
:103840000000F83F61436F63A787D23F71A37909F6
:103850004F930A400000E03F1655B5BBB16B0240E4
:10386000EF39FAFE422EE63F00002C4000002440D3
:1038700000001840FF0300002D431CEBE2361A3F06
:1038800080842E41FFF7FFFFF0B5DE4657464E46D7
:103890004546E0B5A5B01E002E9B92460C93CD4A3E
:1038A000CD4B80468B461A60002900D1EAE1002307
:1038B00030789946002800D1ECE1C84B4C460B9378
:1038C000C74B454657460E930AE0631C98462200B4
:1038D0003B005946A84744463078002800D187E08D
:1038E00001362528F1D108239A46043B9946023B2C
:1038F0009846013B00229C460D943078711C0300D1
:10390000203BDBB2102B03D80B9C9B00E3589F4657
:103910000300303B89460D9C092B3AD90023984679
:103920002A2800D1C1E000239A462E284BD003005C
:10393000683BDBB2122B1ED80E999B00CB589F46DA
:1039400063460E001A43D8E743460E001A43D4E7F5
:103950004B460E001A43D0E710230E001A43CCE763
:1039600053460E001A43C8E780235B001A43FF3B0F
:103970009C467078E1444E4667284FD82428A4D945
:103980000300253BDBB2422B9FD896499B00CB58C6
:103990009F46002394461E0000E00131B3009B19AE
:1039A0005B001E180878303E0300303B092BF4D929
:1039B0000123624689469C460023B0469A460E0083
:1039C000E1442E28B3D13021802049428C46C000EA
:1039D000024370784B4684446146092900D86CE163
:1039E0002A2800D17AE101239C464E46E1449EE715
:1039F000A146A846BA46CA4503D801235B425344B0
:103A0000994653464A4659460020C047200025B0F3
:103A1000F0BCBB46B246A946A046F0BD0300693BD8
:103A2000DBB20D930F2B00D94FE7012199408C4653
:103A30006D49894661464B4619400F916346494698
:103A40000B4200D028E10D9B0A2B3AD0072B00D067
:103A50003BE70C9B190008C98846002B00D14BE1BD
:103A600021200243914614A98C461F220F21624453
:103A70008C4651460D950C91A24615000F9902E017
:103A800020290CD0130064461C4020003730092C3C
:103A900000D80738013168541A090F2BF0D80C9B55
:103AA00054460D9D9A460F9133E10C9B02CB8846FC
:103AB000002947DB0C9301239C4670784E46E14475
:103AC00031E70C9B02CB14935346002B00D138E115
:103AD0009C4608780B000C908C44002801D100F023
:103AE00098FC89466146944603E05A780133002ADF
:103AF00001D08B42F9D1494662465B1A0C900F9374
:103B0000530500D520E10223180010400D90134208
:103B100000D1CBE30D930B1BB1469A465E460C9841
:103B200022003B003100A84753460134185D0028AD
:103B3000F6D1B3464E460D9B002B00D0C7E1149B37
:103B40000C93C9E60C9301239C4628384942024352
:103B5000884670784E46E144E5E670786C2800D1DE
:103B60007FE180235B001A43FF3B9C46E14402E770
:103B700080239B001A4301239C467078E144FAE6B7
:103B80007078682800D173E180231A437F3B9C46FC
:103B9000E144F0E6672800D103E1472800D15AE16B
:103BA000452800D15AE10492072142460C9B03921A
:103BB000073352468B43190002920CC92800009229
:103BC00001930C9122003B005946FFF79FFB040034
:103BD00082E6C046893800102029002058E00010F5
:103BE0009CE00010E8E0001041900000462800D161
:103BF000DBE00492072142460C9B039207335246B6
:103C00008B43190002920CC92800009201930C9179
:103C100022003B005946FFF725F904005CE6631CCF
:103C2000984622003B0059462520A847444653E6C3
:103C30000C9B04330D93631C9946920700D422E138
:103C40000C9B2200187859463B00A8474346444441
:103C5000012B00D885E23300B8462E005F462500D0
:103C60004C46994622004346013439002020B04793
:103C7000AC42F7D12C00BB46350047464E460D9B63
:103C80000C9329E6DB4B30789846002399460028B0
:103C900000D012E60024AEE66F2800D188E000D8FC
:103CA0000BE31023782800D1CFE09A430A239C46E7
:103CB00000230F930A330D9380E05646B100891913
:103CC000490001330E181878303E010030390929B7
:103CD000F4D9B2461E000133994628E60C9B023601
:103CE00002CB8A46C9435046C917084082460C9306
:103CF0003078731C99461AE610231000984311334C
:103D00001843814680201300C0000340024200D1C6
:103D1000A9E64B46069308230593534604931023C4
:103D20000393002302930F9B220001931CAB00938B
:103D300059463B002800FEF79FFF434604000C93C2
:103D4000CAE501235B42C3E60F9B534501D95346A5
:103D50000F930223180010400D90134200D1B7E1D9
:103D60000D93D1460B1B9A463300A1442E0022002E
:103D70004D460C98B9465F469B4608E04B463900D5
:103D8000541CB0475346185D002877D02200954256
:103D9000F4D15B46BB464F46A94635004C461E0053
:103DA000C9E680231B011A43FDE620231A4320E7BE
:103DB00008239C4600230F9308330D9380231100A2
:103DC000DB0019401A4200D116E10D239A4310007E
:103DD000802302009B001A401492184200D0C2E1D6
:103DE000802302005B001A4091460C9A04320F9225
:103DF000184200D0B7E2430600D59FE1030600D485
:103E000019E30C9B1B880993002B00D0FCE11033B5
:103E10009843002900D1F7E10023994643460593D2
:103E2000534604930D9B069003930023D2E0582839
:103E300008D0622867D102239C4600230F930233E7
:103E40000D93BBE720231A43103B9C4600230F939E
:103E500010330D93B2E780231B011A4320231A432A
:103E6000A1E6C0239B001A43F31C9946B07882E573
:103E7000C0231A43F31C9946B0787CE535005E46B2
:103E8000BB464F4657E64346012B00D863E1631E0D
:103E900043449A463300B9462E005F4655469B463A
:103EA000A24622004B46013439002020B047AC42E4
:103EB000F7D135005E46BB464F46A14654460C9BA3
:103EC0004A46187859463B004444A847D7E6A146DD
:103ED0000F9B984500D832E64444E41A3300B846B4
:103EE0002E005F4625004C46994622004346013489
:103EF00039002020B047AC42F7D12C00BB4635003A
:103F000047464E461BE680231000DB0018401A424D
:103F100000D10FE1112118008A430D920D9A8023E0
:103F200011009B0019408C461A4269D18023110070
:103F30005B00194089460C9904310F911A4200D058
:103F4000CAE113005B0600D5F0E013001B0600D4A5
:103F500059E20C9B00229B5ED9175A184A4092B234
:103F6000D90F0C91002B00D1F9E1100014AA94464E
:103F700042461F23149252466344A84616944D4667
:103F80000400B946B2461F00159201E0202D0FD063
:103F900020000A21FDF784FE01357E193031317091
:103FA00020000A21FDF77CFE26000400092EEDD832
:103FB000149B4F46A94645469846159B56469A4639
:103FC000169C0D9B069343460593534604930A2380
:103FD00003930C9B02934B4601931CAB220000936E
:103FE00059463B002800FEF747FE0F9B04000C9348
:103FF00072E4C046C92B00100C239A431000E7E678
:1040000007220C9B07339343013294469C4462463B
:104010000C920CCBD90F0F911100194300D191E0F4
:10402000D917139112915140109113995940119140
:1040300010981199129A139B801A9941109011911E
:1040400014AA0023944642469946149252461F33BE
:104050006344A846B24616944E46109C119DB9463C
:1040600015921F0001E0202E10D0200029000A2206
:104070000023FDF753FE013630322B00BA550D00F8
:1040800022000400002BEED1092AECD8149B1094D6
:10409000119545469846159B4F46B14656469A4659
:1040A000169C0D9B069343460593534604930A239F
:1040B00003930F9B02934B4601931CAB220000938A
:1040C00059463B002800FEF7D7FD0400FFF704FC2B
:1040D0000F9B984500D8C1E18023DB000D93434638
:1040E0000F9A1B199B1A994633002E004D46B9466C
:1040F0005F469B460C9122004B460134390020203C
:10410000B047AC42F7D143460C9901330F930B787B
:1041100035000C935E46BB464F46002B00D10EE5A2
:104120000D9B002B00D1F6E4002319E60C9B1B78B5
:104130001A0015E710239A430D92EFE60C9B1B78AB
:10414000099361E6002399460028AAD100220023A2
:104150001092119374E70C9B2200187859463B008B
:10416000A8474C468BE50C9AFA3BFF3B07329A4333
:104170000133994691444B460C931368526815924B
:104180001A4306D11032904300220992002900D030
:1041900081E06122810600D54122D2B20A9214AA9E
:1041A00091460A9A00210A3A1492424617925246C0
:1041B00018925A460991B3461F311E000F9B49447D
:1041C000BA4619941A950024674698468946159D63
:1041D00016901B920AE03032D2B24B4601341A5587
:1041E000A8454AD0202C4AD006000D003A000023F2
:1041F00030002900FDF792FDD2B2092AEBD9149BB9
:104200009C466244D2B2E8E76123820600D541238E
:10421000DBB20A3B0C93434614A91F228C4615932C
:1042200053466244A046B2464C461797A94617002B
:10423000099D0D9E1490169308E03033DBB20134D3
:104240003B55B5420ED3202C0CD005003100280080
:10425000FDF726FDCBB20929EFD90C9A94466344A9
:10426000DBB2ECE7159B4D46A14644469846169BAB
:10427000564614989A46179FD0E5B742B2D9179B75
:1042800057469846189B5E469A461B9B09949B4648
:104290001698199C1A9D43460593534604930D9B0B
:1042A0000690039300230293099B05E70F9B984513
:1042B00000D914E701330F932DE410231100994323
:1042C0000D91692800D0BAE080231000DB0018406F
:1042D0001A4200D122E61DE60C9B1B68DA0F110082
:1042E000002B00D18CE0DA179818504014AA9146A0
:1042F00042461F23149252464B44A046A9461697A5
:1043000004006546B2461F000C91159201E0202D75
:104310000FD020000A21FDF7C3FC01357E19303192
:10432000317020000A21FDF7BBFC26000400092E95
:10433000EDD8149B444698460C9BAC461900159B3F
:1043400056464D469A46169F0D9B0291069343464C
:104350000593534604930A23039363463CE60028DF
:1043600000D02EE602E60C9B1B689946002B03D179
:1043700010339843002938D16123820600D54123A8
:10438000DBB20A3B0C9343461693534614A91F22F3
:104390008C4617932B006244A0464D46B2461897B0
:1043A00099461700149C0D9E159008E03033DBB23F
:1043B00001343B55B5420ED3202C0CD00500310002
:1043C0002800FDF76DFCCBB20929EFD90C9A944671
:1043D0006344DBB2ECE7169B149444469846179B63
:1043E00056464D469A461598189F434605935346A0
:1043F00004930D9B0690039300230293149BEBE51B
:104400000028A1D172E70C9B1B68D9175A184A40A3
:10441000A6E580231000DB0018409C460F901A424E
:104420000FD00220030013400F93104219D0002335
:10443000A1460F934CE50C9B1B680993E4E40A002A
:1044400034E40223180010400D90134200D03EE5E2
:104450004346002B00D042E6FFF771FB01330F9378
:104460007FE463460D93F3E70EB4012230B584B0C8
:1044700007AC08CC064D010000942800524203947A
:10448000FFF702FA04B030BC08BC03B01847C046BE
:10449000C12B001010B50C0084B00394012402A9B4
:1044A00002900093034813006242FFF7EDF904B055
:1044B00010BDC046552E00100FB430B50C4985B064
:1044C00008AA08CA0D680392002D0CD000920122A0
:1044D000084C5242200002A9A847012005B030BC78
:1044E00008BC04B01847180000F032FA0020F5E7C5
:1044F00020290020452E001010B5094A0300146839
:1045000084B0002C08D0012200910648524203A931
:10451000A047012004B010BD00F01AFA0020F9E70E
:1045200020290020452E001000BEFDE7094A0300A7
:104530001068002805D00849C3188B4207D81360BB
:10454000704706480449C31810608B42F7D9012010
:104550004042F5E71C25002000000420902900209F
:1045600010B5FFF7E1FFC04630B50D0083B019006C
:10457000002A0BD0074B084C0192009302002B003D
:104580002000FFF799FF0120FFF7CEFF034B1A0031
:10459000F1E7C04670DD001080DD001084DE001001
:1045A00070B5FDF731FA074D074EB54209D2002428
:1045B000013E761BB60808CD984723000134B3426C
:1045C000F9D170BD44D700104CD70010030010B5CE
:1045D000080011001B68984710BDC046F0B5C646DC
:1045E00000B5437D07000C001600002B46D0002AC2
:1045F00017DD0B780A2B24D000239846012E13D008
:1046000001252900635C01350A2B26D0B542F8D17B
:10461000464509DCA419013C23780D3B5A4253411D
:104620003B7580BCB846F0BD4346E018A419F11AAA
:10463000013C3B68984723780D3B5A4253413B75F8
:10464000EFE7037D002BD7D102210F483B68984745
:10465000012EDFD001239846D2E7631E5B5C0D2B51
:10466000D4D0884504DA4346C91AE0183B68984715
:10467000022105483B68A8469847C7E70368110030
:1046800020009847CDE7C04648E20010F0B5C64686
:104690000B6806000C0000B5802B06D05A1C226067
:1046A000E418267180BCB846F0BD0F4B1D68002D84
:1046B00016D00B1D98460D4F02E02D69002D0FD02E
:1046C0002B68002BF9D03B68002B01D0AB42F4D112
:1046D000280041462268FFF781FF2D69002DEFD1A8
:1046E00001220023DBE7C0460C250020182500200E
:1046F000F0B54546DE464E465746E0B583B0914696
:104700001C0080460D00FCF745FF0023304A1218BC
:104710004B41002B02DA01222E4B52422E49080057
:104720008A4608F0D9FF07006B1C03D1404604F00D
:1047300083F90500002C27D0284E294B1C68002C3B
:1047400018D04B46002B21D1264B994602E0246914
:10475000002C0FD02368002BF9D04B461B68002B90
:1047600001D09C42F3D120002A004146B047246981
:10477000002CEFD1002F26D1280003B0F0BCBB469F
:10478000B246A946A046F0BD174ED6E7154B99464E
:104790000A239B4602E02469002CEBD02368002BFF
:1047A000F9D04B461B68002B01D0A342F3D12A005D
:1047B00041462000B0476B465A462000DA71D91DA9
:1047C0000122B047E7E7504608F05EFFD4E7C04655
:1047D00040420F00FFFFFF7F4C180020DD45001016
:1047E0000C25002018250020CD4500100A4A13682A
:1047F000002B05D10CE01A001B691032002B07D0EA
:104800008342F8D1002902D11869106019617047FC
:104810000029FCD01060FAE70C25002010B500F04C
:104820003DFB10BDF0B5CE464746040080B583B0D1
:10483000FCF7B0FE2600002736184F41002F02DAA1
:1048400001261A4F76421A4B1A4D994601AB9846EB
:104850004B461C68002C03D116E02469002C13D0B1
:104860002B68002B01D09C42F7D1A368002BF4D019
:104870000121404698470028EFDD4346187803B0F1
:10488000C0BCB946B046F0BD0B4B5A6A974207D838
:104890009B6AB34202D302204042F0E79742FAD12A
:1048A00001200021FCF780FED2E7C046FFFFFF7F1A
:1048B0000C2500201825002000400540F0B5CE460C
:1048C000474680B583B06B460600DD1D2870FCF7B7
:1048D00061FE0023194A12184B41002B02DA012213
:1048E000174B524217490800884608F0F5FE164B50
:1048F00081461C68002C14D0144F02E02469002C5F
:104900000FD02368002BF9D03B68002B01D09C42CC
:10491000F4D1200001222900FFF760FE2469002C59
:10492000EFD14B46002B05D1300003B0C0BCB946D7
:10493000B046F0BD404608F0A7FEF5E740420F0044
:10494000FFFFFF7F4C1800200C25002018250020B9
:1049500070B5040004F070F8012301000500012285
:104960002000FFF7C5FE084B1C68002C06D06368CA
:10497000002B05D098472469002CF8D1280070BD81
:104980002469002CF3D1F9E70C250020F0B5CE46C0
:10499000474680B5A3B004000D00FCF7FBFD0023E3
:1049A000274A12184B41002B02DA0122254B5242B2
:1049B000254E300008F090FE0023220001930700EE
:1049C0002B00224801A9FFF765FD214B804699463F
:1049D0001C68019B002B1AD0002C2FD01D4D02E02B
:1049E0002469002C0FD02368002BF9D02B68002BF2
:1049F00001D0A342F4D12000019A02A9FFF7EEFDF5
:104A00002469002CEFD14B461C6800230193002C35
:104A100006D06368002B0BD098472469002CF8D18E
:104A2000002F07D1404623B0C0BCB946B046F0BD08
:104A30002469ECE7300008F027FEF3E70194EFE784
:104A400040420F00FFFFFF7F4C1800208D460010F2
:104A50000C250020182500200FB400B583B004A950
:104A600001C90191FFF792FF03B008BC04B01847D9
:104A70007047C0460022014B1A7070478A290020F7
:104A80004B790020FF2B0BD18B79002B08D1CB79F0
:104A9000012B05D1082A03D9024B8A7809301A70F4
:104AA0007047C0468A2900200120704710B50129AF
:104AB00013D112495379107909781B02034300205E
:104AC000994200D010BD5378012B08D0022BF9D1A8
:104AD000642200210020FCF7E1FE0120F2E7D378F8
:104AE00091781B021943480ADB0501D4012040429A
:104AF0007F238A05D20F1940FCF758FF8A2900202E
:104B00000048704714E3001070B505001400012040
:104B1000012909D153780020012B05D1637912793D
:104B20001B021343072B00D070BD21002800024A4E
:104B30009F3301F055FAF7E76CE200100123037090
:104B4000004870474CE200104B780A781B02134370
:104B50008A7810B512041A43CB781B0613439622A9
:104B6000D200934200D010BD00220120110040422B
:104B7000FCF71CFF024B1860024B19607047C046DF
:104B8000282400202C24002010B5024B1878FBF7B5
:104B900047FF10BD8C290020154B70B51A68002AFC
:104BA00022D0EFF3108172B610680028FCD0BFF35A
:104BB0005F8F00200F4A596010701B68BFF35F8F32
:104BC000186081F31088002400250B4E3078FBF725
:104BD0001BFF002804D1002400252900200070BDFF
:104BE0003078FBF71DFFF8E7FA240025A400ECE776
:104BF000442900208D2900208C29002070B5040054
:104C000000200E0001F00AFB002834D0002001F043
:104C10001BFB00282FD0FCF7BDFC0023174A1218FD
:104C20004B41002B16DB164D280008F055FD0028DF
:104C300021D0002001F0F2FA00280FD1012000213C
:104C4000404200F001FD03246442280008F01CFDEE
:104C5000200070BD01220B4B5242E4E7002001F01E
:104C6000F3FA0028EAD021003200002001F0F6FA21
:104C7000041EEAD1E7E703246442E9E740420F005B
:104C80006C290020FFFFFF7F10B5FCF783FC002399
:104C90000D4A12184B41002B02DA01220B4B5242F3
:104CA0000B4C200008F018FD00280CD0012000213A
:104CB000404200F0C9FC002001F014FB0028F5D1AF
:104CC000200008F0E1FC10BD40420F00FFFFFF7F15
:104CD0006C290020F8B5DE46574680B505000C006B
:104CE000FCF758FC0023364A12184B41002B02DA1D
:104CF0000122344B5242344908008A4608F0ECFC49
:104D0000002803D1C0BCBB46B246F8BD002001F06C
:104D100085FA00284AD00026002C43DD2B4B9B4609
:104D200014E0A919002001F017FB07000120002161
:104D3000404200F089FC002001F0D4FAFCF72AFC84
:104D4000224BF61918605960B4422BDD002001F0A7
:104D500023FBA71B0200B84200DD3A00002AE0D185
:104D600001200021404200F06FFC002001F0BAFA5F
:104D7000002001F053FA002814D0002001F00CFBB1
:104D80000028E1D1FCF706FC5B460F001A685B685F
:104D9000002184460E4812184B419F4202D8D3D1BD
:104DA0009445D1D9504608F06FFCABE700200021B4
:104DB000064B18605960504608F066FCA2E7C046F2
:104DC00040420F00FFFFFF7F6C290020D819002010
:104DD00020A1070030B52A4C85B00021200008F042
:104DE0006BFC00281CD1274B1A68002A16D0EFF361
:104DF000108172B610680028FCD0BFF35F8F0124C9
:104E00002148596002781B68D2B20470BFF35F8FEB
:104E10000020186081F31088002A17D005B030BD3B
:104E200001200021404200F00FFC002001F00CFAAC
:104E30000500200008F028FC002DEFD0134B1B6864
:104E4000002BEBD0124A10689847E7E7FCF7F2F91D
:104E50000400FCF79FFBFA220023920012184B413A
:104E6000002B02DA01220B4B524201210291002158
:104E70000191094920000091FCF7E0F9CEE7C04616
:104E80006C290020442900208D290020282400209E
:104E90002C240020FFFFFF7F994B0010D02310B57A
:104EA0001B0684B01C68FCF7C5F9FCF7C1FAA042E8
:104EB00002D0002004B010BD294B002100201B7837
:104EC00001F05EFD27480368002B45D00120FBF769
:104ED0003FFFFF23244C254920701840FBF7BAFD03
:104EE00020780121FBF77EFD0520FBF7A1FD0028BE
:104EF00024D1082200211E48FDF756FEFCF79AF93E
:104F00000400FCF747FBFA220023920012184B41E1
:104F1000002B02DA0122174B52420121029100219B
:104F20000191154920000091FCF788F90028C0DBA9
:104F300012480121FFF75AFC0120BBE70120FBF7D3
:104F40001FFD0B4B01001800FBF764FF002205203A
:104F50000B49FBF7A9FDEBE7FBF740FFB6E7C046BF
:104F6000A45701106C2900208C290020D54D001079
:104F700044290020FFFFFF7F994B001040110020C3
:104F8000894B001000487047B0E30010004870479C
:104F90005CE3001010B5040017480378002B20D004
:104FA000002C06D1154B16484380063BFF3B03807F
:104FB00010BD052C1DD8134BA400E0581249012345
:104FC000013804E001330A800231142B0DD0C25C99
:104FD000002AF7D1C022DBB25B00920008481343DD
:104FE000E5E7112100F01AF8DAE7CA2304489B002C
:104FF000DDE70020DCE7C04674290020090400003A
:10500000E424002044E30010E624002010B5024808
:1050100000F0D8F810BDC0465C29002030B54B1E0A
:10502000012900D1A7E0664A11780D092C0030341F
:105030009F2900D9A2E00470012B00D1BEE00F210E
:10504000147821400C003034092900D998E04470CC
:10505000022B00D1B2E054782509290030319F2C71
:1050600000D990E08170032B00D1A7E00F212140EF
:105070000C003034092900D987E0C470042B00D11A
:105080009CE094782509290030319F2C00D97FE0DD
:105090000171052B00D191E00F2121400C0030342B
:1050A000092900D976E04471062B00D186E0D47836
:1050B0002509290030319F2C00D96EE08171072B22
:1050C00000D17BE00F2121400C003034092966D843
:1050D000C471082B00D171E0147925092900303101
:1050E0009F2C5FD80172092B68D00F2121400C0042
:1050F0003034092958D844720A2B5FD054792509D5
:10510000290030319F2C52D881720B2B56D00F21A1
:1051100021400C00303409294BD8C4720C2B4DD0DF
:1051200094792509290030319F2C00D9073101736A
:105130000D2B43D00F2121400C003034092901D917
:1051400037310C0044730E2B38D0D1790C09220072
:1051500030329F2900D9073282730F2B2ED00F22B5
:105160000A4011003731092A01D830321100C173C9
:10517000102B23D010300023037030BD07345AE7C2
:1051800037310C0063E707316CE737310C0074E707
:1051900007317DE737310C0085E707318EE737317E
:1051A0000C0095E707319DE737310C00A3E7073185
:1051B000AAE737310C00C4720C2BB1D1C018DAE762
:1051C0005C29002010B588B004000D22002168463B
:1051D000FDF7EAFC0D22002104A8FDF7E5FC4B23B6
:1051E0006A466846137004A90D2208F045FA152195
:1051F000082220006944FDF7DDFC08B010BDC04660
:10520000F8B500F047F90C23194DFF22AB670520D4
:105210001849FBF749FC184C402200212000FDF7FB
:10522000C3FC4027002301262121144A66702783EE
:10523000A260136063545F31618445396354104A3E
:1052400010496360E2602787A1620B606362E262DB
:1052500008F0FAF980239B052E64EB6490230A4A38
:105260000120EA508022094B5202DA64F8BDC046A0
:10527000000011504505002020250020840010501A
:10528000000110508000105010D00100002011507B
:1052900010B501210520FBF7A5FB10BD10B50022BC
:1052A0000021024800F016F910BDC046402500203C
:1052B000044B1970002904D080219023024A8902EE
:1052C000D150704786290020002011500B785B06D2
:1052D00002D14B78052B00D070478A78014B1A60B9
:1052E000FAE7C04600001150F0B5C646C87800B5D0
:1052F0008007830F1800012B60D08F780A794B79D3
:105300007F213940FC091B024E001343334D3219F3
:105310005201AA18977001276740577000275B0554
:105320005B0DD7701383D076B846CA00012C32D0FB
:105330002B4FBC468F016244BC46AC446746BA6002
:1053400047461760002932D0264AC9009046624677
:10535000414451603F223F339343022837D02249D2
:1053600037190A687F01D3180B602049EF19FA60DA
:105370008B422ED836197601AD19EB7E1C499B065F
:105380004A4013438022120613436A6813600120C7
:1053900080BCB846F0BD174FBC468F016244BC4686
:1053A000AC446746BA6247461760002908D100231B
:1053B00064012C196360104BE360E8E70020E7E725
:1053C0000B4AC9009046624641445162C2E75B0005
:1053D000C5E7FCF713FBFA68CCE7C04620250020A0
:1053E000840010500400105028290020FF0F105096
:1053F00000001050800010500001105010B508F04F
:1054000023F910BD10B57F200C0020404000E409B6
:10541000110000191A00034B4001C01800F05AF89F
:10542000012010BD202500207F23180000B5084072
:1054300083B00B4204D14B424B41084A013393667F
:105440008022C9094000064B401840010021C018C5
:10545000120108F051F903B000BDC0460020115000
:10546000202500207F22130010B50B400A4200D1F6
:1054700010BDC9095B005B1804485B01C01800231C
:1054800000220349C37008F037F9F1E72025002016
:10549000FFF7FFFF80220A4B520410B51A60094B38
:1054A00009491A6010000B689843FBD18022002143
:1054B00052010648FDF778FB0922054B5A6710BDDB
:1054C00000E0004000F0004008C000400000105024
:1054D00000001150002310B5C3820133828283760D
:1054E0000161040008F0C0F8002804D08021902356
:1054F000074A8902D150200008F0AEF8002802D0F7
:105500000123237710BD200008F0EEF8FAE7C0462B
:10551000002011507047C0467047C04600207047B9
:10552000002070477047C0467047C0467047C0466D
:105530007047C046024B5878431E9841C0B270472E
:10554000401F0020024B18784007C00F7047C0462C
:10555000401F0020F0B5D6464F464646C0B52F4BFB
:1055600007009A461B780E00FF2B50D1002941D02E
:10557000002154222A48FDF717FB0022294C2A4B10
:1055800020001A70FBF72AFC284B1C60284C2000D6
:10559000143CFBF731FC200001F0FAFD254B264DB1
:1055A0001C60264B002B04D02800FFF7C7FA244BC1
:1055B00018602449002489462149002388462A7816
:1055C00010E043461B6862019B18002B12D05B68F9
:1055D000002B0FD098472A780134E4B2511C2300E5
:1055E000A14209DBA242ECD89B1A5B014B445B68E9
:1055F000002BEFD100200BE05346310038001F7024
:10560000FFF7FEFD0028F5D03800FFF741FE01202E
:10561000E0BCBA46B146A846F0BDC04674110020B1
:10562000401F0020381F002087290020941F0020E1
:105630006C110020981F0020852900203D4B001090
:10564000901D00206CE40010F0B5DE4657464E4633
:105650004546E0B5C84B91B002931B78FF2B00D1B3
:105660003EE1C64BC64E9B465F46C64B0DAC019312
:10567000C54B009335686A69EFF3108172B6136801
:10568000002BFCD0BFF35F8FA9612800210001F03F
:10569000AFFB6A69AB69BFF35F8F0021116083F3D1
:1056A0001088002800D11BE16378082BE2D89B000A
:1056B000FB589F466368002BDCD0A0689847D9E769
:1056C0007F222179AF4D0A405300EB189846C80954
:1056D000804440460123303005799D4305710579AA
:1056E00003339D430571002A00D100E14346A74AD8
:1056F0001B7D1278934200D3EFE0A54A5B01156849
:10570000ED18002D00D1EBE0A36862792078AD6937
:10571000A847AFE79F4A1378002B00D1E0E0137849
:10572000013BDBB213701378002BA3D10122954DFE
:1057300001212B78042013432B703423EA5C8A4325
:10574000EA54EA5C8243EA540133EA5C8A43EA544D
:10575000EA5C8243EA54237800209B4600F09EFCDA
:10576000602223791A40602A00D1EFE0402A00D15C
:10577000F5E0DB06DB0E012B00D113E1022B00D19B
:10578000C7E0002B00D0E1E0202A00D11CE2002A73
:1057900000D0DBE06379092B00D9D7E07E4A9B007B
:1057A000D3589F46774D2B78DB0700D462E7FFF78D
:1057B000BFFE5FE7019BDB78DB0700D45AE7606838
:1057C000FFF7AAFE56E76F4D2B78DB0700D451E7B1
:1057D00028780007C00FFFF7A9FE4BE723786A4936
:1057E00099468B46694B6A4998468A4639001A7829
:1057F00047460023B04600254E46894610E05346F2
:105800001B686A019B18002B00D176E0DB68300032
:1058100098473A780135EDB2511C2B008D4244DC9B
:105820009542ECD39B1A5B015B44EFE72378584920
:105830009946564B8A4698463100BB464E461A78E2
:1058400000250023474689460FE053461B686A013E
:105850009B18002B55D0DB68300098473A7801350B
:10586000EDB2511C2B008D4207DC9542EDD39B1A03
:10587000009A5B0194466344EDE7019D54220021A8
:105880002800FDF791F91022FF214448FDF78CF91B
:1058900028002022FF2114304E465F46FDF784F990
:1058A00000F0F2FBFFF740FEE4E6364D5422002103
:1058B0002800FDF779F91022FF21281DFDF774F962
:1058C00028002022FF21143046464F46FDF76CF990
:1058D00000F0DAFB2379AB70CCE6501C984213DA67
:1058E00011B0F0BCBB46B246A946A046F0BDA368C5
:1058F0006279207800F0E6FBBCE646464F46214D33
:10590000E6E74E465F46CBE71F4D9B1A5B015D19EC
:10591000FAE67023217A0B4218D1C80982460F3368
:105920000B405B0098461948EB1853441B7D0078E8
:105930009946834266D216485B01006881469944C5
:10594000002A00D15FE14B46002B68D1207800216E
:10595000FFF76AFD80212078FFF766FD8AE6104890
:1059600000F09CFB012158460EAAFFF7CDF8002855
:1059700000D07FE6EAE7C04674110020C4E30010BF
:10598000981F0020401F00206CE400108529002093
:10599000901D002087290020E8E30010441F00200C
:1059A000094B0010237A0F2BD0D8CF4AEB181B7964
:1059B0001578AB423ED3691C9942C7DB5D1BCB4BCC
:1059C0006D01ED18686900F069FB012158466B69AB
:1059D0000EAA9847002800D04CE6602215002379D3
:1059E0001D401A42B2D163790A3B012BAED800F0B8
:1059F00055FB63790A2B00D199E158460EA900F0B6
:105A0000D9FA37E6431C4B4500DAF7E04B461B1A40
:105A10005B019946B5488144002A00D1F3E04B462A
:105A2000586900F03BFB4B46012158465B690EAAC2
:105A300098479CE7AE4A5B011568ED18002DC1D16F
:105A400084E7A37999466B789945D6D06B78002B7B
:105A500000D033E14B466B70002B00D12BE1484660
:105A60000138C0B2FFF792FA002800D17EE14378F6
:105A70000793022B00D079E10122C179B1468B1145
:105A8000491113400A40302112015B0113432A7867
:105A9000A8468A4313432B7009239A4682445646EC
:105AA000BA46C37882781B021343C31805938E4B02
:105AB00004938E4B08938E4B09938E4B0A93059B50
:105AC000B34200D855E1737801220B2B03D1337810
:105AD000F278F6187378042B00D044E1059B002778
:105AE0009B1B9BB20693049B0B921D780023039390
:105AF0001BE0099A7B011568ED18002D00D132E1F9
:105B0000310058462B69069A98478446082803D9DD
:105B1000069A824200D313E1049B01371D78FFB23D
:105B20006B1C03979F4200DD1DE1BD42E1D8039B42
:105B30005D1B089B6D019C466544E1E76B780CAAF0
:105B400002321370584601230EA900F049FA91E57C
:105B5000E3881A0AD8B20F2A00D9F7E666499300FB
:105B6000CB589F460EA800F09FFA5846A179FFF740
:105B700095FB02222B7813432B707BE5E388012BE6
:105B800000D0E3E608222B78584693430EA92B70E9
:105B900000F010FA6EE5022029780CAB9A1C8B06F7
:105BA0008908DB0F01400B431380584602230EA9DE
:105BB00000F016FA5EE5E388012B00D0C6E6082265
:105BC0002B7813432B7018E7237A0F2B00D9BDE6EF
:105BD000EB181D79444B1B789D4228D2444B6D0134
:105BE0001B685D19002D00D1B0E6686900F056FA17
:105BF000012158466B690EAA9847B8E6002A00D0E2
:105C0000A4E600239946627902201300039283439D
:105C1000012B15D0002A00D098E62B0043445344B2
:105C200030331B790CAA9B07DB0F0232BCE75A1CEE
:105C3000AA4200DA8AE6ED1A2C4B6D01ED18D4E782
:105C4000E388002B12D1029B1878039B012B23D0F1
:105C5000FFF7EAFB43460221EB18534430331A792D
:105C60000A4301211A711A790A431A714B46002B13
:105C700000D1FFE4586900F011FA4B4601215B693D
:105C80000EAA58469847002000F008FA3523EB5C2E
:105C9000DB0700D5EEE4B0E6FFF7E4FB4346022164
:105CA000EB18534430331A798A431A711A790399DD
:105CB0008A431A71DAE7FFF737FC9EE6002158465F
:105CC000FFF7F6FA5846FFF799FBAB7807490393BD
:105CD0000491054B064998461A780591002329003E
:105CE0001D008A461BE0C046852900206CE4001098
:105CF000901D0020541F002010E40010059B6A0135
:105D00001B689B18002B4DD0DB68584698474346CC
:105D10001A780135EDB2511C2B008D422EDC9542D4
:105D2000ECD39B1A049A5B0194466344ECE70CABFA
:105D30009A1C584601230EA9157000F051F999E4F8
:105D40000B9A012A4FD0002A3CD00023B07804E0FF
:105D50000133DBB20F71934234D2C118C9B241444E
:105D60000D79FF2DF4D04E464546574600236B7003
:105D7000ECE54E465746FFF7D5FB3EE65546542226
:105D800000212800FCF710FF1022FF21281DFCF73E
:105D90000BFF28002022FF211430FCF705FF039B96
:105DA000AB7057E65546FAE7FEF7AAFE021E00D191
:105DB000CCE5D37891781B020B4358460EA900F02E
:105DC0000FF9D4E565463B002A0031000A9800F03F
:105DD0007FFEAC46049B039A1B78664401339342D2
:105DE00000DB6CE6BFE7174B29699942ADD1079AF2
:105DF000ABE7FFF793FB021E00D1A7E558461378E7
:105E00000EA900F0EDF8B2E52189FFF7C3F8021EF4
:105E1000F4D19BE5022A0FD0FFF782FB021EC8D106
:105E200094E5FFF7AFF8021E00D18FE51223584624
:105E30000EA900F0D5F89AE5FFF7A8F8021EB8D130
:105E400084E5C04699640010F8B557464E46DE46D4
:105E500045460C00E0B516001F00002A3CD0702318
:105E600098461E4B00259B461D4B9A461AE05B4602
:105E70001B78200099465346997800F0EBFD0028E6
:105E80001CD021004846FFF72FFA002816D0A3782F
:105E9000DA09012A19D00A9A013513702378E41817
:105EA000B54219DA6378052B08D1E3789B079B0F7D
:105EB000BB4203D14246A3781A42D8D00020F0BC9E
:105EC000BB46B246A946A046F8BD0B9A01351370F1
:105ED0002378E418B542E5DB0120F0E774110020D7
:105EE000401F0020702270B58B780C001A4201D040
:105EF000002070BD064B20001D78064B997800F0FD
:105F0000A9FD0028F4D021002800FFF7EDF9F0E703
:105F100074110020401F00200B007F2010B5184096
:105F2000DB0934334000044AC018044B1168C01820
:105F300000F04CFD10BDC046941F0020401F002003
:105F40000B007F2010B51840DB0934334000044AB1
:105F5000C018044B1168C01800F060FD10BDC046A9
:105F6000941F0020401F002070B57F240F480C4074
:105F700064000419CD09641930342079C00701D5B3
:105F8000002070BD01262579094835430078257128
:105F9000FFF738FA0028F4D10122237993432371C3
:105FA0002379033293432371EAE7C046401F002060
:105FB0007411002070B5094C0600082220000D0065
:105FC000FCF7F8FD00238021E360A3602B7830000C
:105FD000994300220023FFF7C7FF70BD201F002058
:105FE000F8B5CE4647469046254E80B581460822F4
:105FF00030000D001F00FCF7DDFD4346B3600023B9
:10600000F381EC79AB7924021C43231CBC4200D9F8
:106010003B1C9FB2B381002C0DD0002F17D04246FD
:10602000002A2BD0402F1BD89FB233787F2B1CD84F
:106030000021144A0FE080212B7800229943484622
:106040000023FFF791FFC0BCB946B046F8BD7F23DF
:106050000022317899433B004846FFF785FFF2E77D
:1060600040239FB233787F2BE2D9064C3A00414659
:106070002000FCF79FFD80212200ECE70020E2E7F2
:10608000201F0020E01E002010B51422002102482D
:10609000FCF78AFD10BDC046201F0020014B18618F
:1060A0007047C046201F002010B5054C0100082293
:1060B0002000FCF77FFD0023A360E36010BDC04615
:1060C000201F002070B5384C1D0023780600DA0927
:1060D000C9098A4210D00020002D00D070BD2100D7
:1060E0003000FFF7F3F82369002B03D022000321CF
:1060F000300098470120F1E77F2B06D8A0680028E0
:1061000034D02A002949FCF755FDE289A1685219CB
:10611000E38892B24919E281A160934214D03F2DE5
:1061200012D9A389981A051C80B240282AD8207851
:10613000ADB27F2828D800219A4232D01B4A2B00CA
:106140003000FFF711FFC9E72369002B05D02200BB
:1061500002213000984700280AD0802123780022AD
:10616000994330000023FFF7FFFEB7E70020B5E7B3
:1061700000213000FFF758F930008021FFF754F973
:106180000120ABE74025D2E79A4207D0074C2A000E
:106190002000FCF70FFD80212200D0E780210022A3
:1061A000CDE70022CBE7C046201F0020E01E0020E4
:1061B00070B50400FFF7BEF9002800D170BDFFF7ED
:1061C000C1F90028FAD1C8236343124DEE18F178C3
:1061D0000029F3D010335D19280000F0F3FD3F28AB
:1061E000ECD90020F178FFF797FE0028E6D02800D0
:1061F00000F0E8FDF1783F2807D9074BE201D218FB
:1062000000204023FFF7B0FED8E70020FFF798FEFC
:10621000D4E7C046181E0020941D002010B50400CD
:10622000FFF788F9002801D1002010BDFFF78AF997
:106230000028F9D1C8226243024B01309B181B7918
:106240001840F2E7181E0020C82310B54343024847
:10625000181800F099FD10BD281E0020F8B5C824BC
:10626000802344431C4F103405003C195B029A42C2
:1062700000D31A4A200092B200F008FE0600FFF791
:1062800059F9002801D13000F8BDFFF75BF900286B
:10629000F9D1C8236B43FF18FB78002BF3D0200003
:1062A00000F090FD3F28EED90020F978FFF734FE8A
:1062B0000028E8D0200000F085FDF9783F2807D9B4
:1062C000074BEA01D21800204023FFF74DFEDAE722
:1062D0000020FFF735FED6E7181E0020FFFF000064
:1062E000941D0020F8B50400FFF724F9002801D11F
:1062F0000020F8BDFFF726F90028F9D1C82565432D
:106300002E00134F2436F619300000F03DFD002812
:10631000EED07F190020B978FFF7FEFD0028E7D006
:106320000C4DE401651929004022300000F0AEFD5B
:10633000B978041E08D003002A000020FFF714FEDD
:106340000028D5D02000D4E70020FFF7F9FDCFE7E3
:10635000181E0020D41D002070B5C82444430C4BE7
:106360000500E41880235B029A4200D3094A20000A
:1063700092B200F051FE0600200000F005FD3F281B
:1063800001D8300070BD2800FFF7ACFFF9E7C04628
:106390003C1E0020FFFF0000C82310B54343024805
:1063A000181800F00FFD10BD3C1E0020F0B50025B0
:1063B000184C83B0C82200212000FCF7F5FB164BD7
:1063C00021001D70FF236371E1235B02A3602000A5
:1063D00008234022A37338310095073B103000F0AA
:1063E0009DFC270001232100200026004022783157
:1063F0000093B837243000F091FCC0363800FAF72B
:10640000EDFC3000FAF7EAFCE5612762266365637C
:1064100003B0F0BD181E0020141E00200A4A116BA4
:10642000136A00290CD0002B07D00023D3615363DB
:106430001363002313620120704753631363FAE769
:10644000002BF8D0D161F4E7181E002070B50F4C76
:10645000052200212000FCF7A7FB0D4D2B78DA0761
:1064600007D50C4C9B070CD50121200000F0B0FE95
:1064700070BD2000103000F08BFE2B78054C9B0780
:10648000F2D4200000F084FEEEE7C046181E002083
:10649000141E00203C1E0020F0B54B79060083B08E
:1064A000022B02D18B79022B03D00025280003B0E8
:1064B000F0BD204FBB78002BF7D18B7809253B70BE
:1064C0000C780C196378242B07D00CE02378E4189F
:1064D0005D196378ADB2242B05D19542F6D9002021
:1064E000FFF766FEE2E71A00052B15D0042AF6D165
:1064F00063790A2BF3D1104B277801930133009372
:1065000030000223E119023AFFF79EFC0028CCD0AC
:106510000E35ED19ADB2E2E721003000FFF7E2FCE5
:106520000028C2D0A3787B7023785D19E4186278C4
:10653000ADB2DBE7181E00201A1E0020F8B560235C
:1065400014001278050013400020202B07D1304A98
:106550006379277916781B023B439E4200D0F8BD31
:106560006378222B1AD007D8202B34D0212BF6D1D8
:1065700001293ED00120F2E7232BF0D1012940D0A0
:106580000329F7D1234B002BF4D0E178A37809023B
:106590000020194300E000BF0120E0E7012930D0CE
:1065A0000329E7D101252E00A378E47802392402DB
:1065B0001C431471264024321000714000F008FE84
:1065C000154B002BD6D06208002031002A4000E095
:1065D00000BF0120C3E701290BD00329CAD10F4B0B
:1065E000002BC7D0083200201100FEF7ADFA0120C1
:1065F000B5E7072321002800094AFFF7F1FC012035
:10660000ADE721002800FFF7D5FC0120A7E7C04631
:10661000181E00200000000000000000494B001080
:10662000201E0020F0B54F464646D646C0B5364D32
:106630008046EA780C001F008A423CD0AB788B423F
:1066400010D00020E0BCBA46B146A846F0BD2F4BA2
:10665000002B04D02E4800F0ADFB002851D00020C4
:10666000FFF7A6FDAB78A34201D00120EAE7294B52
:10667000002B02D0002000E000BF0020FFF732FE18
:106680000028F2D1244C200000F07EFB0028ECD141
:10669000002FEAD0BF06E8D1243C4046A178FFF79E
:1066A0003BFC0028E1D0002300224046A178FFF700
:1066B0005BFC0120C6E79AB210239A46174EAA4403
:1066C0003100504600F0A8FC154B002BBFD06B7971
:1066D000FF2BBCD0002FBAD0F219914603E001364F
:1066E0004E45B4D06B7932789A42F8D1504600F0DA
:1066F00061FB0028F3D15346103B597900E000BFFD
:10670000EDE700E000BFAAE7181E0020000000002F
:10671000281E0020000000003C1E0020941D0020C8
:10672000000000009322F0B5134C85B0002120003A
:106730009200FCF739FA23002000802640270F4DF5
:106740004D337600FF332930029500930022002359
:10675000002103970196FF3000F0D4F94035201D49
:10676000283400230122002103970295019600940A
:1067700000F0C8F905B0F0BDDC2000205C2000204E
:1067800010B5054C200000F0F3F920002538FF3843
:1067900000F0EEF9012010BD0422002070B5084C75
:1067A000002520003130FF30257000F0F1FC200082
:1067B0000C3000F0EDFC2A23FF33E554657170BD09
:1067C000DC200020F8B557464546DE464E46E0B58B
:1067D0004B7980460F00FF2B5BD1404B99462A2313
:1067E0004946FF33CB5C002B53D14E79002E50D15C
:1067F000BB783C780B703B793C19002B46D0982332
:106800005B004B449A460C234B449B46A51803E07F
:10681000AC423BD22378E4186378052BF8D1AC4224
:1068200034D221004046FFF75DFB002831D0A37829
:106830000136F6B2DB09012B32D0504600F0A8FC3D
:106840002A234946A278FF33CA54637922791B026E
:106850001343234A5B0594465B0D942163445A42DB
:1068600053414A4602204900525C5B008243134375
:106870004A46535451464046083900F0E3F900288F
:1068800007D02378E4183B79B342C5D8E01B80B227
:1068900000E00020F0BCBB46B246A946A046F8BDC9
:1068A000584600F075FC5A46A3780C3A5371637948
:1068B00021791B020B430A495B058C465B0D63443F
:1068C00059424B41022011795B0081430B435946E9
:1068D00000200839137100F081F9D2E7DC20002094
:1068E00000FEFFFFF8B52A2506001F48FF35455D6D
:1068F0001F008D4215D043798B4201D00020F8BD96
:106900001A4B002B04D039040020090C00E000BF12
:10691000174C3000210000F061F900281DD0012043
:10692000EDE79A235B00C35A002B0DD1114B002BCE
:1069300004D000201049BAB200E000BF30000F4977
:1069400000F080F90120DAE796235B00C15831306E
:10695000BAB2FF3000F060FBE8E73A0021003000F7
:1069600000F008F90120CAE7DC2000200000000048
:10697000E0200020000000005C2000200422002015
:1069800000B5030083B0002910D00020012B07D8E8
:106990000A78002A04D00C48C2540120012A01D0F0
:1069A00003B000BD1800FEF7D5FDF9E701236A46E4
:1069B000002001A99380FEF7CDFD0028F0D0012230
:1069C000014B1A70ECE7C046341F0020037870B505
:1069D000DB0704000E00DD0F002B17D103785B07E7
:1069E00001D5280070BD01213000494206F06CFE3F
:1069F0002378DB07DD0F002B0AD123785B0708D44F
:106A00000422237801251343237002E00025E8E7E0
:106A10000025300006F038FEE3E7C04670B50C00F4
:106A2000012106004942200006F04EFE33785B0744
:106A3000DD0F002B04DB200006F026FE280070BDD1
:106A40003378DB0704D40422337893433370F2E7BE
:106A50000025F0E7437902791B021343C2785B05F6
:106A600092075B0D920F022A1DD0032A0CD0002042
:106A7000012A08D102394A425141124A94466144DE
:106A800099424041C0B2704702394A1E91410E4AB4
:106A9000494211408022D20094460020614499422C
:106AA0004041C0B2EFE7022905D0002040229A42BF
:106AB0004041C0B2E7E7054A981843425841C0B286
:106AC000E1E7C046FF03000040FCFFFF00FEFFFFC0
:106AD0008A1870B5914207D27F264C78052C04D0D5
:106AE0000C7809198A42F8D870BD34008D782C4092
:106AF00064000419ED0963550C7809198A42ECD831
:106B0000F2E7C046F0B5C64600B582B0150008AA47
:106B100040CA040017886A46928D012090460A00F8
:106B20002178024081432000114321703A000093F4
:106B300031000123083000F0F1F8002E01D0002FC1
:106B400008D10A9B012063604346638002B080BC89
:106B5000B846F0BD26001C363000FAF73FF9002396
:106B6000002D01D0330000266361A661E9E7C0462D
:106B700001207047F8B502240B7807001C406342DF
:106B80005C41144B64421C40134B08009C46083087
:106B90000D001600644400F0F7F8002807D1002E1D
:106BA00005D0344203D101242B781C4201D00020AF
:106BB000F8BD38006978FFF7AFF90028F7D02B78D7
:106BC0001C42F4D10023002238006978FFF7CCF989
:106BD000EEE7C04640FEFFFFFF010000F8B50D00E4
:106BE0000835060028000C0000F0CEF8002803D07D
:106BF000012723781F4201D00020F8BD30006178C2
:106C0000FFF78AF90028F7D028006288616800F051
:106C10003DF9237805001F4000280BD0002FEBD151
:106C20000300626830006178FFF79EF90028E3D026
:106C30002800E2E7002FDFD130006178FFF780F90C
:106C4000DAE7C046F8B5CE46474680B58A890600E1
:106C50000C000B78002A07D101251D4240D00020EE
:106C6000C0BCB946B046F8BD9B0733D42A4B40257B
:106C7000994627000837380000F0A4F88542EED87E
:106C80000122237890461A42E9D130006178FFF75B
:106C900043F90028E3D0380000F094F84246237806
:106CA0001A40854231D8002AD9D14A466388024029
:106CB0001D1C934200D9151CADB200226178002D35
:106CC00000D062682B003000FFF74EF90028C6D0D4
:106CD0002800C5E7FE2380251B029946AD00C8E7C2
:106CE0004978FFF719F90028B9D023781D42B6D1A9
:106CF000638800226178002B00D062683000FFF7C3
:106D000033F90028ABD06088AAE7002AA7D1300069
:106D10006178FFF715F9A2E7C0FF0000F0B5C6469D
:106D200000B504006846057E8020884617001E00D6
:106D30000002824226D8E068002803D0012149429F
:106D400006F0C2FC2069002803D00121494206F068
:106D5000BBFC4346236073045B0CED031D4300231F
:106D6000E0686381A780E5802381002801D006F0D8
:106D70008BFC2069002801D006F086FC012080BC35
:106D8000B846F0BD0020FAE710B504894189828831
:106D9000A3B288B28C4207D31B1A9BB2101C9A4232
:106DA00000D9181C80B210BD5100091A5B189BB2A3
:106DB000F4E7C04603894089181A43425841C0B2DB
:106DC0007047C04610B5048941898288A3B288B251
:106DD0008C4207D31B1A9BB200209A4201D9D21AC7
:106DE00090B210BD5100091A5B189BB2F4E7C0467F
:106DF00070B5040000690E00002803D0012149424B
:106E000006F062FC25896089A288A9B283B2854216
:106E100032D3CD1AADB2002D28D0AA4208D2914269
:106E20002FD3891A8BB263819A4203D89B1A9BB2E3
:106E30009A42FBD9E28821685204520C5343300035
:106E4000C918FBF7B7FE63890125591C89B2A288CE
:106E50008B420DD900215200891A89B220696181C3
:106E6000002801D006F010FC280070BD618989B2AD
:106E700052009142F2DBEFE75500ED1A4D19ADB229
:106E8000C9E789188BB26381CEE7C046F0B54646A4
:106E90004F46D646C0B50600006989469046002890
:106EA00003D00121494206F00FFC31897289B5886F
:106EB0008BB294B2914254D31F1BBFB2002F4AD061
:106EC000BD4205D2AB4251D25B199CB22F007481F6
:106ED0004346B8453DD89FB2A54203D8641BA4B22F
:106EE000A542FBD9F28831685204520C90466243A5
:106EF0002B1B9BB2891842469F4225D953439BB214
:106F00001A0048469A46FBF755FE434648467D1B05
:106F100064195C4331685044A2B2FBF74BFE71899F
:106F2000B588CB199BB26A00994216D99B1A9BB2BD
:106F300030697381002801D006F0A6FB3800E0BC60
:106F4000BA46B146A846F0BD48467A43FBF732FE42
:106F5000E5E73B1CBFE773899BB26A009342E7DB1E
:106F6000E4E76F003F1BDF19BFB2A7E75B1B9CB2D2
:106F7000ACE7C046F8B50400C0680E00002803D096
:106F80000121494206F0A0FB258920896189A28858
:106F9000ADB283B28FB2884229D3DB1B9BB29A4237
:106FA00009D8E779FF0906D1E068002801D006F08A
:106FB0006BFB3800F8BD2B0095421DD39B1A9BB28A
:106FC0009342FBD2E28820685204520C53433100B2
:106FD000C018FBF7EFFD6B1C9BB2A2889D4217D92E
:106FE000002352009B1A9BB201272381DCE751004A
:106FF000C91B5B189BB2D2E7E28820685204520C8E
:1070000053433100C018FBF7D5FD0135A288ABB260
:1070100052009342E8DBE5E7F0B54E465746DE46C0
:107020004546E0B589460600170083B0002A67D0C0
:10703000C068002803D00121494206F045FB33898E
:10704000F2799BB298467389B5889BB2D20940D138
:1070500098455ED26A00D31A43449BB2AB425DD2DC
:10706000EB1A1A1C9BB2BB4200D93A1C97B27B1B8D
:107070009BB20193F3885B045B0C9A464346DB1991
:107080009BB29B464446A84503D3641BA4B2AC42C2
:10709000FBD25346634330682D1BADB2C018BD42CE
:1070A0004BD3524649467A43FBF784FDB3885B00D5
:1070B000D84501D89B4503DB5A46D31A9BB29B4661
:1070C0005B463D003381F06800281AD006F0DCFAF8
:1070D00017E0F2885204520C9246AF4220D29845F3
:1070E0004DD34246D21A92B26900781B80B2D219AF
:1070F00001908A4233DA4346FB189BB29B46C1E7B4
:107100000025280003B0F0BCBB46B246A946A04605
:10711000F0BD4246D31A9BB2AB42A1D30025D2E7C1
:10712000002DD0D07F1B574398465A19002392B2A6
:10713000B94493462F000193A4E753465D43ADB293
:107140002A004946FBF736FD019B2900E218534609
:107150005A43306892B24944FBF72CFDA6E75A190E
:1071600092B29346D21B92B2904693420CD94346B8
:10717000591A8BB29846FB189BB29B4682E769006E
:10718000CA1A424492B2B0E7914200DD7AE7EEE7D4
:1071900010B50400C068002803D00121494206F060
:1071A00093FA2069002803D00121494206F08CFAA5
:1071B0000023E06863812381002801D006F064FA8F
:1071C0002069002801D006F05FFA012010BDC046FA
:1071D00070B50400C0680D00002803D001214942A9
:1071E00006F072FA2069002803D00121494206F016
:1071F0006BFA7F21E379ED011940E0682943E171E1
:10720000002801D006F040FA2069002801D006F0DD
:107210003BFA012070BDC046F0B557464E46454684
:10722000DE46E0B5060085B0009200221C00029305
:107230000EAB187833680F9DDA6601325960109FE3
:10724000DA660190221E00DCBFE0013A9346002D71
:1072500003D001213800A84733685A4631798902A2
:10726000002A00D183E00022002091464C46009A7B
:10727000125D0A4302431A6110229046002D1AD073
:10728000002404E0414633685A6B114229D10021A1
:107290003800A8470443E4B20028F3D002235B423D
:1072A00099464846019B337105B0F0BCBB46B246D7
:1072B000A946A046F0BD80244846596B0A42FCD03E
:1072C00019598C46002957D1834571D00299013054
:1072D000814275D0002183454CD00099095C196129
:1072E000EBE780229958002915D1002C15D1CB4508
:1072F00054D001239C46029BE1444B45D1D001214F
:107300003800A8470021CB451BD04A46009B9A5C19
:1073100033681A61B4E701245B6D80239B009A46B1
:107320005B468B46039304E0514633685A6B0A422E
:107330000DD100213800A8470443E4B20028F3D05F
:10734000ACE733680120019A504040028EE7039A6F
:1073500059461B6E9346002CCBD0002903D0CB0797
:1073600001D409079DD401235B42994699E7002285
:107370009146E7E78146E5E7596D0121884680217E
:10738000814618008900436B0B42FCD00300196E44
:1073900041464846002999D06146DEE7019B002B13
:1073A000BBD001235B449946029B4B45A7D178E7AC
:1073B0000199002906D05946481C0299814289D179
:1073C00081466EE700218846D9E70023994668E7A1
:1073D000F0B54E4657464546DE46E0B583B09A4680
:1073E0000CAB1B78019200930E9B02689946002318
:1073F000D36601335160D366534605000D9E002BC2
:1074000060DD01235B4253449B460024002E03D0E1
:1074100001214846B0472A6880235B009C46130040
:10742000516F1029FCD00021002C01D1297989024B
:10743000A34541D0604601431161002E27D0802230
:107440004027904608E000214846B04700283BD13D
:107450002B689A6F002A13D142469A585A6B1742EA
:10746000F1D0002148465B6DB047C4432000009B2B
:107470002B7103B0F0BCBB46B246A946A046F0BD96
:107480001B69019A135501345445C1D1EEE7802799
:107490004021D359536B194203D00124536D6442E8
:1074A000E4E7936F002BF4D01369019A135501346C
:1074B0005445DBD02A68B2E70127009847407F0295
:1074C0003943B7E70024D1E702246442CEE7C0463F
:1074D000F8B5DE4657464E4645468346E0B505209C
:1074E0000C00FAF783F90600600821008019FAF70A
:1074F000D7FB430098468044070005214046FAF731
:10750000CFFB3B1A9A461E4B8146700080199C4265
:1075100031D81C49FAF7C4FB451C5B461C680023A4
:10752000E366226804335A4002331340802252013A
:10753000A21813605346E3614B4623624346012081
:107540004F2B03D950214046FAF7AAFBA023E05065
:10755000E36F39005D400C4B2D042D0CE3181D60CA
:1075600001233000E366FAF79BFBF0BCBB46B24652
:10757000A946A046F8BD0549FAF792FB451CCCE7A1
:107580003F420F00809698007C10000040787D01FB
:107590000F4A70B5821A531E9A410E4BD200083220
:1075A0001A600D4B0D4C1A60150023689D432B1E6D
:1075B000FAD166240268FF340571D5661460633C15
:1075C0008833FF3CD5639563D450FFF781FF70BDCE
:1075D0008011002000E0004000F0004008C00040A2
:1075E000F0B5CE46474680B589B01F0010AB1B787A
:1075F0000400994604AB98461600129A139B404625
:107600000D00F9F7AFFF434602934B4601900093FC
:1076100032003B0029002000FFF7FEFD09B0C0BC8E
:10762000B946B046F0BDC046F0B5CE46474680B537
:1076300089B01F0010AB1B780400994604AB984634
:107640001600129A139B40460D00F9F78BFF434634
:1076500002934B460190009332003B00290020002A
:10766000FFF7B6FE09B0C0BCB946B046F0BDC04693
:10767000002310B5074C636003682060002B08D01E
:1076800001230C30026819000C300133002AF9D1B3
:10769000616010BDE81B0020F0B5C646040000B5CF
:1076A00000281CD0202101F0F7F8002825D0002365
:1076B000451C03702A0021001148FDF7CDF9114B3C
:1076C0005F68002F14DD1E68002398462000316893
:1076D00001F06AF9002805D128007368984780BC3A
:1076E000B846F0BD01239C46E0440C36B845EDD1C8
:1076F00021000548FDF7B0F9F1E7044DDAE7C0468F
:107700004CDE0010E81B002068DE001084DE001054
:10771000F0B5404F8DB0404C3A7801AD0B00616040
:107720002A706946D02220600A7606A8012198476F
:1077300001212800236898472978602902D037481A
:10774000FDF78AF91822002106A8FBF72DFA8823F5
:1077500004AD28002B70012163689847236806A8B0
:1077600018219847069B02AEA360079B0999E36026
:107770000B9B0898E3613B780A9A3370A123206140
:10778000616128002B7001216368A2619847300075
:10779000236801219847202332780021E2542800F1
:1077A0000722FBF701FA6A46E12303A813730121BC
:1077B0006368984728002368072198472B8806A804
:1077C00063842423AA78E2540F222B79E9781A40A3
:1077D00009010A43E2846A791B09120113432385D4
:1077E0002A23AA790221E2546A46C933FF3313835C
:1077F000636898476A460A4B06A8138302216368A8
:1078000098476A46074B0221138306A86368984786
:107810000DB0F0BD84DE0010F01B002088DE0010EB
:10782000F5200000F427000070B50C00150082B0B0
:10783000064E01AB726818700121180090472900AC
:1078400020003368984702B070BDC046F01B00208E
:1078500000B5054A83B001AB1870597018000221B9
:107860005268904703B000BDF01B002030B583B0D4
:1078700001AC032200212000FBF796F96A46FA23A7
:10788000094D137068466B680121984720002B68EA
:10789000032198472078637800031B011843A378DD
:1078A0001B09184303B030BDF01B002030B583B076
:1078B00001AC032200212000FBF776F96A46F7238A
:1078C000094D137068466B680121984720002B68AA
:1078D000032198472078637800031B011843A3789D
:1078E0001B09184303B030BDF01B002030B5002346
:1078F00083B06A46084D01AC2380FD33137068469F
:107900006B6801219847200002212B689847208846
:1079100040BA80B203B030BDF01B002030B583B058
:1079200001AD032200212800FBF73EF96A46FA2345
:10793000144C137068466368012198472800236837
:10794000032198476A782B78A97812011B03134307
:107950000909228919431B099B1A5B435200C9106C
:10796000891A0A20225E1B134A430C20215ED21280
:107970004B439B13D3189800C01880300012E36269
:1079800003B030BDF01B0020F0B5DE4657464E4632
:107990004546E0B58BB009ACFFF7C0FF03220021DC
:1079A0002000FBF701F9F723624E08AA10001370BC
:1079B0000121736898472000032133689847237892
:1079C000F16A06936378A2789B460792CB170A0068
:1079D00001215948494212184B4110001900140066
:1079E0001D00FBF74FF88A4680461021705E22008A
:1079F0002B00C11702940395FBF744F8030D0D0308
:107A000004031221705E42461D43C1175346FBF723
:107A100039F80F06020A3A430B12802112196B4102
:107A200000200902801859410023F289FBF72AF847
:107A30004B10CF1799463B4300D179E01821705E77
:107A400042465346C117FBF71DF8029A039B059166
:107A500004901621705EC117FBF714F8C40B4B0499
:107A6000234342040498059912184B415946079C38
:107A7000090120098024014306986403000301439F
:107A8000641A6508E117E0070024029203931422A8
:107A9000B35EC9072943DD00029A039BA4185D4128
:107AA0000023001BA941254AFAF7ECFF3B004A4698
:107AB000FAF71CF9019100900099019AD3044C0B3C
:107AC0001C43019B22005D131E23F05E2B00C11797
:107AD000FAF7D8FF22002B00FAF7D4FFCB014D169E
:107AE000440E1C21705E1C43C117009A019BA41810
:107AF0005D41FAF7C7FF4F03C20CCB143A4312198A
:107B00006B411C06100A204319121A23F45EE61773
:107B1000250F33012B43220112184B411806120A7C
:107B200010430BB0F0BCBB46B246A946A046F0BD20
:107B30000020F6E7F01B0020000CFEFF350C0000D3
:107B400030B583B0FFF7EAFE00236A46274C01AD4B
:107B50002B80FD3313700121684663689847280025
:107B600002212368984722492B888C465BBA26203D
:107B7000215E9BB20905E26A9B035B1A2820215E05
:107B8000624451435B1A80218020C9018C46000267
:107B90002421634484462A20615C20565143424399
:107BA000C912614492124A43802189038C46921281
:107BB0002221605E6244504380229201944620223A
:107BC0006044DB1380135843C3135B43A25CDB1197
:107BD00053431B11C01AC343DB171840C8235B056E
:107BE000984200DD1800001303B030BDF01B0020E8
:107BF00000D4FEFF70B50B0C0024150C002B28D10F
:107C0000002D3CD18BB291B2594300F05BF8051EB8
:107C100033D00300083B5A6803239A43043A242ACA
:107C200012D80300132A0AD90460446008331B2ABF
:107C300005D98460C460242A2AD0030010330022AE
:107C40001A605A609A6002E00021FAF7ADFF28003E
:107C500070BD002D16D1151C89B292B24A43ADB247
:107C60009BB26B43110C5B18190C0BD1190492B227
:107C7000114300F027F8051ECBD10025E7E72B1CA8
:107C80000D1CE9E700F07CFE0C2300250360DEE715
:107C90000300046118334461D1E7C04610B5034BBB
:107CA0000100186800F00EF810BDC04698150020BD
:107CB00010B5034B0100186800F046FF10BDC04628
:107CC00098150020F0B54E464546DE465746E0B5CD
:107CD0000D000B35060085B0162D21D8102900D9CE
:107CE000D4E000F0D5FA102518230221CA4FFB1862
:107CF0001A005C68083A944200D186E10322636866
:107D0000A1689343E268CA6091600121E3185A6850
:107D100030000A435A6000F0C3FA20000830B8E08F
:107D200007239D4300D5B1E0A94200D9AEE000F0A1
:107D3000AFFAFC235B009D4200D2E0E1690A00D16A
:107D4000AEE0042900D9A1E138239846A909884466
:107D50003931CB00082252429446AF4FFB189C4465
:107D60006346DC68A44514D0032399460B006146A2
:107D70009C4607E0E068002A00DB40E1814200D138
:107D800041E104004A46636893435A1B0F2AF1DD20
:107D900041463A003C690832944200D11EE103207A
:107DA00063688343581B0F2800DDACE13A617A61B8
:107DB0000028AADA7A68904680229200934200D383
:107DC00036E1DA08580901238340404618438046CB
:107DD000D300DB199A687860E360A2609C60D4608D
:107DE00001208B109840404562D8434603420AD197
:107DF00003239943434640000431034203D140002A
:107E000004310342FBD00323B3469C460E00B84620
:107E10000190F00040440100B246CB680BE064469C
:107E20005A681F00A243DB68541B0F2C00DD39E1A8
:107E3000002C00DB53E19942F1D101239946CA4459
:107E4000534608319B07E8D1032205E00368083850
:107E5000013E834200D013E23242F7D14346019AF9
:107E60005B68934342465360019A520001929A42E2
:107E70001CD8002A06D119E004229146019ACA446E
:107E8000520001921342F7D05646C2E70C233360EA
:107E9000002005B0F0BCBB46B246A946A046F0BDE6
:107EA00080233F22402190469B0053E75E46474691
:107EB0000322BC68636893439846AB4203D35B1BC1
:107EC0000F2B00DD8DE0230043440293534B082029
:107ED0001B6810335B19019300F058FD5049039063
:107EE0000B688A46013306D08446019B4242013B1F
:107EF0006344134001933000019900F02FFD03000B
:107F00008146013300D11CE1029B834200D916E176
:107F1000444B02989B461A68019B59469C46624412
:107F20000A6003990139484500D157E153461B685F
:107F3000013300D15EE14B4602981B1A9B185A464A
:107F4000136007234A4648461A400292184200D15D
:107F500015E10398013384469B1A019A99444A44D7
:107F6000019263440A409B1A194030008A4600F08F
:107F7000F5FC431C00D158E14B46C01A03005344A2
:107F800001935B461A68012052441A604B464946E9
:107F9000BB60019B03434B60BC4213D043460F2B95
:107FA00000D82BE107210C3B8B4361680140052081
:107FB00019436160E118486088600F2B00D93FE1E8
:107FC0004B465B6818490868904200D20A6017491E
:107FD0000868904200D20A604C46B4E07B6898463C
:107FE000FEE6012229001343114365196160300048
:107FF000BD606B6000F054F92000083049E7A268CA
:10800000D060826081E66146C3E6DC680231A3424B
:1080100000D1BEE672E6C04690110020541C00203C
:1080200088110020241C00204C1C0020501C002023
:108030005A0A042A7CD9142A00D9B0E010005B3017
:1080400082465C32D200082040428446BA189444EA
:10805000624692680B308146944500D186E0080064
:10806000A2466146844602E09268914204D04C46A2
:108070005068A0439842F7D8D368614654469C465E
:108080006346A260E3609C60D460A9E6142967D9C6
:10809000542900D98CE06E239846290B88446F310F
:1080A000CB0057E6BA46012051468446491905439C
:1080B00050464560856847466046EB605E469D6079
:1080C000534639617961204308374860CF603000FA
:1080D0008F609C5000F0E4F850460830D9E6BA466C
:1080E00001205E465244516801435160BA68300035
:1080F000D3609A6000F0D4F838000830C9E62B004D
:10810000E9080833F2E56119884601218C460D43E0
:108110004146656039617961CA608A60624602439E
:108120004A60E050300000F0BBF820000830B0E6B4
:108130009A091000393238308246D20083E7BC42B7
:1081400041D0BC686368032293431A005B1BAA42B8
:1081500002D30F2B00DD44E7300000F0A1F897E6D2
:108160005B23984688445C31CB00F3E55346981076
:1081700001238340404618438046786080E7019B96
:10818000039A4B440B40D31A194030008A4600F042
:10819000E5FB431C00D0EFE600239A46F1E6542AA3
:1081A0002ED81A0B10006F326E308246D2004AE78A
:1081B000AA235B0099422ED8DD3B9846E90B884400
:1081C0007831CB00C6E5304B9B461A68019B9C4634
:1081D0005B4662441A60039B591EA7E64846084264
:1081E00000D0A3E6B9684344894601210B434946C0
:1081F0004B60E7E653464A461A60A2E64860ABE7A2
:10820000AA204000824226D8DA0B1000783277305C
:108210008246D20017E71D4B994226D87C23984608
:10822000A90C88447D31CB0094E5019A029B9446C9
:108230004A46083B63449B1A019300239A46A0E6F2
:1082400021003000083100F07FFC5B461A68BB68F3
:1082500099465B68B6E60D4882420CD89A0C10002D
:108260007D327C308246D200EDE6FE237E227F21E5
:1082700090469B006EE5FE227E2092008246E2E65A
:1082800043465B68F0E5C046241C0020540500000E
:1082900010B5024800F0CCFB10BDC046201C0020E9
:1082A00010B5024800F0C6FB10BDC046201C0020DF
:1082B000030010B50A0003490868190000F004F82B
:1082C00010BDC04698150020F0B557464E46DE4614
:1082D0004546E0B50C000600170083B0002900D128
:1082E000ACE0FFF7D5FF08235B429946A1444B461B
:1082F0005B68032219003D0091430B35CA4688464E
:10830000162D67D81025AF4267D8A8456EDA4946C2
:10831000C04841444A68009080689346884200D132
:10832000A0E001208446100062469043081840688F
:10833000104200D077E05A46032082439346C3445C
:108340005D454EDD6046184212D14B4648461B68DB
:10835000C31A03209B465B688343D21842440092B1
:10836000954200DCCCE0434400939D4200DCCBE02E
:1083700039003000FFF7A6FC071E00D11EE14B4676
:1083800001225B68934302004B44083A934200D1B8
:10839000E3E04246043A242A00D9E3E00300210046
:1083A000132A09D923680360636843601B2A00D934
:1083B000DCE00300083108330A681A604A685A6032
:1083C0008A689A603000210000F0BEFB3000FFF7A1
:1083D00067FF20E00432954395D50C2300273360D6
:1083E00019E0D846CB688A68D3609A6043465F1B21
:1083F0005346012250465B68404413400F2F22D859
:1084000041460B4351464B60436813434360300081
:10841000FFF746FF2700380003B0F0BCBB46B2466A
:10842000A946A046F0BD1A42A2D14B464A461B6857
:10843000D31A03229B465B68934394E71100FFF72E
:1084400041FC0700E7E751462B43491955461743BE
:108450006B604F604368083113434360300000F0A5
:1084600073FBD4E703218A4394462900C4441031A6
:108470008C4500DB84E0DB0700D579E74B464846B6
:108480001B68C31A03209B465B688343D21842448F
:108490000192914200DD66E75B465A46DB689268CE
:1084A0005F46D3609A604246043A0837242A00D9CE
:1084B00099E03B00132A0AD9594623688B60636808
:1084C000CB601B2A00D993E05B4608341033226846
:1084D0001A6062685A60A2689A605B460122591964
:1084E000009B30009960019B5B1B13434B605B4614
:1084F0005B6813405A462B435360FFF7D1FE8AE76F
:10850000CB688A68D3609A605B465A46DB6892689B
:108510005F46D3609A604246043A0837242A17D847
:108520003B00132A09D9594623688B606368CB60E6
:108530001B2A39D85B460834103322681A606268F7
:108540005A60A2689A60009B3C009846DA464DE764
:108550002100380000F03EF9F5E703225B68934301
:10856000984443E7210000F035F92BE7A3688360C6
:10857000E368C360242A26D00300103110331BE7C0
:108580004B465919009B0122996063465B1B1343BC
:108590004B604B465B68300013404A462B435360A8
:1085A000FFF77EFE270036E7A3680B61E3684B61A7
:1085B000242A10D05B4610341833BEE73000FFF792
:1085C0006FFE002727E72369183103610300626902
:1085D00018334261F0E623698B615B4662692033A0
:1085E000CA611834A9E72100380000F0F3F874E7F5
:1085F000A3680B61E3684B61242A03D05B46103407
:10860000183364E723698B615B4662692033CA6172
:1086100018345CE790110020F0B557464E464546A9
:10862000DE468846E0B50C0092461E00082183B065
:108630000190464823001D780134425D1142F9D172
:108640002D2D5ED0002293462B2D33D0002E07D146
:10865000302D62D00A23052199460A263C4F0DE0B1
:10866000102E53D0012031004042F9F719FB0700CA
:10867000012031004042B146F9F712FB00220020F0
:108680002B00303B092B07D9113B192B03D92B00A9
:10869000613B192B11D80A339E420EDD551C06D0C2
:1086A000B84221D81ED04A465043012218182578D6
:1086B0000134E5E725789C1CC8E7531C17D05B46BE
:1086C000002B00D040425346002B04D0002A15D185
:1086D000534642461A6003B0F0BCBB46B246A946B8
:1086E000A046F0BD8B42DEDD01225242DFE72223AD
:1086F000019910000B605346002BECD0631E984686
:10870000E6E725789C1C01239B469FE7302D0FD080
:1087100010230F2199460F4FB0E72022237893436F
:10872000582B0AD00823072199460B4F0836A5E796
:10873000202223789343582BEAD1102365780F2108
:1087400099461026034F023498E7C046ADE4001066
:1087500099999919FFFFFF0FFFFFFF1F10B5FFF752
:108760005BFF10BD10B504001300034A10680A0037
:108770002100FFF751FF10BD981500200EB4812392
:10878000F0B500269CB021AD02AC9B0080CDA3814A
:108790001B960290069000F04FF90B4B03900A9342
:1087A00001235B42E381094B07903A0021001868DE
:1087B0002B000E961396019500F07CFB1CB0F0BCCC
:1087C00008BC03B01847C046D18700109815002098
:1087D00000207047F0B5CE46474680B588420DD997
:1087E0008B1898420AD2531E002A03D0CA5CC25486
:1087F000013BFBD2C0BCB946B046F0BD0F2A0BD836
:108800000500561E002AF5D00023CC5C1A00EC545B
:1088100001339642F9D1EDE703000B4388469B07ED
:1088200034D110261700B1460C000300103F3F0959
:108830003F01C519A94426681E6066685E60A66887
:108840009E60E6681034DE601E001033AE42F2D146
:10885000CF1939000F230C2610318C4613401642D5
:1088600017D04446043B9B089B00FF181437061B97
:108870000C688D1904312C60B942F9D1614604337A
:1088800059184B441D0003231A40BAE70500561E31
:10889000BAE74D461A00B4E70323CAB2F0B5034065
:1088A000002A35D00324002B2DD1FF230B401D02BD
:1088B000ED182B04ED182C000168264E4C408B1946
:1088C0008B43A119A143244E0B43334211D141687C
:1088D000204F0C00CB196C408B43E119A1430B4393
:1088E00004303342F3D00378002B05D09A4204D0F1
:1088F00001300378002BF9D10020F0BD9342FCD069
:1089000001302042D1D00378002BF7D10020F4E7CA
:10891000002B08D0032202E00130104203D003787C
:10892000002BF9D1E9E702680A4B0B49D3189343AE
:108930000B4206D14268074B0430D31893430B42D5
:10894000F8D00378002BD8D043780130002BFBD12E
:10895000D3E7C046FFFEFEFE80808080002370B516
:10896000064C050008002360FBF7E0FD431C00D027
:1089700070BD2368002BFBD02B60F9E71425002085
:10898000014B18687047C04698150020802310B529
:108990005B01082801D1180010BDFFF7F1FF162375
:1089A0000360173BF7E7C046024670B50A439207DB
:1089B0002AD11E4DEE0104C808C9541B944334400B
:1089C00017D0D0B2D9B2401A2106014310D190B2CB
:1089D00099B2401A210401430AD110021902000A77
:1089E000090A401A2102014302D1100E190E401A41
:1089F00070BD9A42DFD010BA19BA884201D901205D
:108A000070BD0020C04370BD02780B780130013189
:108A1000002A09D09A4207D102780B78013001313F
:108A2000002A01D09A42EFD0D01A70BD0101010195
:108A30007047C0467047C04610B583070AD0030090
:108A4000032102E001330B4205D01A78002AF9D144
:108A5000181A10BD030019680C4A0D4C8A188A4375
:108A600022420FD15968094A04338A188A432242A4
:108A700008D15968054A04338A188A432242F1D042
:108A800000E001331A78002AFBD1E1E7FFFEFEFE89
:108A900080808080F0B5C646060000B508200D0035
:108AA000FFF774FF04003000FFF7F2FB234B2100B7
:108AB00098469B685F6803239F4338001138401B2A
:108AC0000019F9F7EDF8451E6543AC4208DC0021BA
:108AD0003000FFF743FF43469B68DB19984206D0FE
:108AE0003000FFF7DDFB002080BCB846F0BD300051
:108AF0006942FFF733FF01300ED0012243467F1B4E
:108B00009B6817430E4A5F60136830005B1B13605D
:108B1000FFF7C6FB0120E7E700213000FFF71EFF4B
:108B200043469A68831A0F2BDADD064C0449246801
:108B3000001B086001210B435360D1E79011002016
:108B4000241C002088110020F0B5D6464F4646462A
:108B500005000C00C0B5002948D0FFF799FB2100A3
:108B6000012708394B6803209C46BB43CE18726826
:108B700082436046384080466A4891468468B442E1
:108B800000D17CE07260B41864683C40A246444660
:108B9000002C30D10C68A446091B8C686344A446A1
:108BA0000824A0468044C4455CD0CC68A0466446F6
:108BB0004246E26094605246002A1FD01F434F6035
:108BC000336080229200934230D2DA085C0901239C
:108BD000A340446823434360D3001B189A68CB60CA
:108BE0008A609960D1602800FFF75AFBE0BCBA4662
:108BF000B146A846F0BD5246002A0FD101224B448F
:108C0000CF18BC46B468484F1A43BC425BD0F668E4
:108C1000E660B4604A6062461360D2E762463A4357
:108C20004A608022336092009342CED35C0A042CC7
:108C30003FD89C09260039343836E40004192268EC
:108C4000083C0327944203D14EE09268944203D03B
:108C50005068B8439842F8D8D468CC608A60A16064
:108C6000D160C0E75246002A35D14B441A00B068A3
:108C7000F3681743C36098604F608A50B3E74B4472
:108C80001A004346002B06D10B68C91A8C68D2180B
:108C9000CB68E3609C60012313434B60234B8160EE
:108CA0001B6893429FD8224B28001968FFF7F2FEF9
:108CB00099E7142C13D9542C1DD81C0B26006F34A3
:108CC0006E36E400BAE7E160A1604A606246CC60BB
:108CD0008C60136087E71F434F60336083E7260093
:108CE0005C345B36E400A9E70123B610B340466864
:108CF00033434360B1E7AA225200944205D8DC0B0B
:108D0000260078347736E40098E70A4A944205D87A
:108D10009C0C26007D347C36E4008FE7FE247E2602
:108D2000A4008BE790110020981100208C110020E6
:108D3000541C00205405000070B514004B1C1BD0BF
:108D400093892022FF259343226BA381CEB26368CF
:108D50000D40002A13D0626B9A4208DD2368013B64
:108D600023601E70636801336360280070BD2100BA
:108D700002F07EFE0028F1D001256D42F5E7216961
:108D80002268002905D0914203D2511E0878A842DA
:108D90000ED0E363230040332363032363633F3335
:108DA000A263E65423004233236001236360DCE7BF
:108DB000013321606360D8E710B50C00096B00290E
:108DC0000FD023004033994201D0FFF7BDFE0023AE
:108DD0002363E36B6360002B03D00020A36B23604D
:108DE00010BD0022202101206260A28923690A436C
:108DF000A2814042F3E7C046F0B5DE4657464E46F4
:108E0000454683461800E0B5504385B00F000E9CE0
:108E10000193002835D00023984640339946656871
:108E200006002168A144A84220D90290039238008C
:108E30002A00F9F7BFFE2368216B5B1923604346C4
:108E4000B24663607F19761B002921D0494502D0C4
:108E50005846FFF779FE43462363E36B6360002BBC
:108E600016D0A16B1D002160B342E0D33200380060
:108E7000F9F7A0FE636801989B1B636023689B1948
:108E8000236005B0F0BCBB46B246A946A046F0BD83
:108E900023692021236000236360A38902980B4388
:108EA000A3815346039A28181100C01AF8F7F8FE58
:108EB000E7E7C046F0B557464546DE464E46E0B5C4
:108EC000C94C0D00A54402AFBA6580227B6378656A
:108ED0000C23C95E92016B6E114200D0A5E00A43DB
:108EE000AA81C24A13406B66602008231B18D81958
:108EF00008220021F9F758FE00239A463B62FB63E3
:108F0000FB643B647B64BA4BBB64BA4BBB63BA4B38
:108F10007B62E423BA6CD45802F05AFE6021082226
:108F20005218D219009204310300BA6D786D791885
:108F3000A04700285FDBBB6D06009C468444634667
:108F4000BB657B6E002B3DD0012864D0252B1CD047
:108F50000028DED0BB6D9E1B5246504480465446CE
:108F60006B68B61A002B21DD2A68335D11789942AF
:108F700028D16B680132013B01346B602A604445A3
:108F8000F0D1A246C5E701200126BB6D00241A7866
:108F9000002384469B46BB6D591C1300253BDBB266
:108FA000552B0FD8B86B9B00C3589F462900786D8E
:108FB000FFF702FF0028D7D07B6C002B4AD0AB898B
:108FC0005B0647D4FB6B002B0AD0FB6B18687B6CED
:108FD000013301D101F024FC002801D0F9F7D8FDBC
:108FE000BD46786CB9239B009D44F0BCBB46B2469D
:108FF000A946A046F0BD814B60207B6608231B1864
:10900000D81908220021F9F7CFFDBB6D0133BB65EC
:109010007B6E002BD6D07A6AD25C120736D4252B11
:10902000B1D0BB6D01205E1E96E79B0400D45BE7C8
:1090300001235B427B64D3E72307C3D1BB6DB965D2
:109040005A78A8E72307BDD102231C43BB6DB9653D
:109050005A78A0E7FB6B002BEAD0DB889B46FB6BC2
:1090600018685B46002B0DD00500002400268046C2
:109070002B6801341868F9F78BFD08CD1E605C453C
:10908000F6DB404601235B427B64A5E77A6A08244D
:10909000564690466B680BE041462A681378CB5CD5
:1090A0001C420DD06B680132013B01366B602A60B7
:1090B000002BF1DC2900786DFFF77EFE0028EBD055
:1090C000B24626E78F23234200D07BE75B469B0016
:1090D0005B445B009B183022524293469B44BB6D1D
:1090E000B9655A7857E76B683963002B01DC01F0EA
:1090F000C3FA042399462A683F4E1378F35C1B0792
:1091000022D5082398465346A2461C0006E0414655
:1091100001322A601378F35C194212D06B68013473
:10912000013B6B60002BF2DC2900786DFFF744FEF9
:10913000002800D040E741462A681378F35C1942C2
:10914000ECD1230054469A464B46022B01D100F045
:109150003EFD032B01D100F0F4FD786D02F040FDDF
:109160000368AE2219005B46013B5200934201D8CE
:1091700000F0FFFF5D3BFF3BFB605E23FF339B4640
:10918000F023DB0023433B6500239946BB657B61ED
:109190003B61BB62BB612133FF339C46C03B9846B9
:1091A000B844C44463465446E0468A46FB61144BC7
:1091B000FB622A6811780B002B3BDBB24E2B00D9E7
:1091C00001E3F86A9B00C3589F4680239B001C4321
:1091D0006B683963002B00DCA2E20A4B3B62102370
:1091E0003B640D3B994686E714FDFFFFFFDFFFFF61
:1091F000E0160020B0E50010ADE40010FDFF000017
:1092000008E700105D8700106B683963002B01DCF4
:1092100001F036FA5E46002E00D10136E30701D593
:1092200001F046F9E30601D501F090F87B6B04CB21
:1092300090467B63240601D401F01FF8002A00D178
:10924000C0E63000F9F780FC041E00D102E7434677
:10925000FA6B1860D188F9619388994201D301F0C3
:1092600058F91068FA69F96B531CCB809300424699
:109270001A500095210033000122786DFFF7BCFDE4
:10928000041E01D101F0C4FA864208D943462100E8
:109290001868F9F76BFC002801D043461860A24417
:1092A00000F038FC6B683963002B01DC01F0DCF95D
:1092B000B84B3B6208233B64053B99461BE76B6850
:1092C0003963002B01DC01F0CBF90223994612E748
:1092D0006B683963002B01DC01F0BFF9AD4B3B62D9
:1092E0000A233B64073B994605E78F231A00224077
:1092F000234200D066E6FB6B002B01D101F044F95C
:1093000080231C439AE63963B965E30600D500E67D
:109310007A6B08CA7A63220701D501F0F7F8620771
:1093200001D401F01EFA52461A80F2E5230700D05C
:1093300048E6BB6D5A7802236C2A01D100F068FF21
:109340000123B9651C4326E601231C436B6839637E
:10935000002B01DC01F0CFF88F4BC0E7230700D0D2
:1093600030E6BB6D5A78682A01D100F050FF042323
:10937000B9651C430FE66B683963002B01DC01F013
:1093800093F9854B3B6200233B6403339946B2E675
:10939000602220239B18D81902F02AFB6B68B8655D
:1093A000002B01DC01F076F95B46002B01D1013B7B
:1093B0009B46012310221E00224026403A6323428E
:1093C00001D100F0E7FD002A01D000F0DCFF7B6B4B
:1093D00004CBBA627B63240601D401F017F9002A9A
:1093E00000D1EFE58020F9F7AFFB8046002801D1DE
:1093F00001F0E4F9BB6A1860FB6BDA88FA619C88BB
:10940000A24201D301F01AF81868FA69F96B531CEB
:10941000CB809300BA6A1A504346FB612023BB619C
:10942000002602F0D5FBB04200D1C5E590216020B6
:109430002B6849001A780918C91901338A556A68D6
:109440002B60FB6C013A741C6A60032B00D1A5E110
:109450001023994650339C46BC44E1440822002125
:109460004846F9F7A1FB90224B4660215200FC626E
:109470005218009341462300786DD21902F06EFD18
:10948000F864431C00D197E5002800D091E14246E2
:1094900000261060602018231B1808220021D8190C
:1094A000F9F782FBE023BA6C6021D258C83B3A65D9
:1094B00060229B18786D3200DB193E6D7918B04739
:1094C0000026012802D16023FB181E782023602289
:1094D0009B18DB199B5D002B01D101F0F7F8FB6CA9
:1094E000A244032B00D14BE301235B429C463B6B20
:1094F000E344002B0ED104239C46BB6AE044002BBE
:1095000008D04346FA699C1ABA69A310934201D362
:1095100000F0D7FC6B68002B00DC3EE35B46002BC1
:1095200000D07DE73B6B002B00D0F2E44246136095
:10953000BB6A002B0FD04346FA69991A8B10BA699F
:1095400001339A4207D9BC6A04312068F9F70EFB4F
:10955000002800D020607B6C01337B64D9E40123B8
:109560001C436B683963002B00DDA1E62900786D90
:10957000FFF722FC002800D19AE61DE56B683963ED
:10958000002B01DC01F05FF801231C4301339946F5
:10959000B1E5C0465D870010E9B9001041231C43C6
:1095A0006B683963002B01DC01F086F85E46002E03
:1095B00000D1013610231A0022403A65234201D01F
:1095C00000F0BDFE7B6B04CBFA627B63240601D402
:1095D00001F024F8002A00D1F4E48020F9F7B4FA6D
:1095E0008146002801D101F0E9F8FB6A1860FB6BA5
:1095F000DA88FA619C88A24201D300F0D0FE186894
:10960000FA69F96B531CCB809300FA6A1A504B46E7
:10961000FB612023BB6290235B009B46C03B9C46C2
:109620000024B046BC44FE6CE34402F0D1FAA042F0
:1096300000D1C1E459462B68621CBA651A7801331F
:109640000A556A682B60013A18236A6060229B18E9
:10965000DC19032E02D1BB6F042B04D00822002199
:109660002000F9F7A1FA00945A464946BB6D786D7F
:1096700002F074FC0600431C00D19DE4002879D15F
:10968000BB6D9C4601235B42E2449C463B6DE0443B
:10969000002B10D14A461360FB6A002B08D04B46C2
:1096A000FA699C1ABA6AA310934201D300F0F3FC42
:1096B00004239C46E1446B68002B0ADD4346002BE3
:1096C0000DD00024B1E73B6D002BE5D06B68002B7B
:1096D000F7DC2900786DFFF76FFB0028EED0FE6401
:1096E000FB6A002B08D04B46FA69991ABA6A8B10AC
:1096F000934201D200F032FF3B6D5A4253417A6CE3
:1097000094469C4463467B643B6BBB65FFF701FC5E
:1097100088239B001C436B683963002B00DD5CE5EC
:109720002900786DFFF748FB002800D155E543E498
:109730006B683963002B00DD0EE6BF4B3B620A23EA
:109740003B64073B99462900786DFFF735FB0028FD
:1097500000D1D0E430E45B4623439B4600D031E4A3
:10976000BB6D10245A78B965FFF715FC6046B965E2
:10977000FFF7EEFB831C00D117E2BB6D9C46E24471
:10978000032802D12368042B9DD001235B429C4611
:109790003B6DE044002B00D17EE78CE71023994617
:1097A00050339C463B6FBC44E144042B00D055E64B
:1097B00059E6FB6C023300D171E343461E68731C0B
:1097C00000D067E682E63B6D9B0565D553461B7866
:1097D0008B4261D15B467B6043460026BB6006E05E
:1097E000534601322A6011789B5D99421AD1534643
:1097F000B04601369B5DA3460134002B01D100F039
:10980000A1FC6B68013B6B60002BE9DC2900786DE3
:10981000FFF7D2FA002805D153462A689B5D1178DC
:109820009942E4D043465146FB622B000D00984616
:10983000BE68FC6AB2467E6D295D42463000FFF785
:109840007BFA013CF8D25B46FA6A56469B1A4546BB
:109850009A4623E0BB6D4B44002B1DD1774B3A6DEC
:109860001A40002399463A65BB65434619700123A7
:109870005B429C460233E3449C46E0446B680134FF
:10988000013B6B60002B00DC72E12B6801332B6025
:109890005B46002B00D08CE44646A246BB6DBA6AFC
:1098A000013B002A00D1E9E0396D654A1140396574
:1098B000012B01D800F0CFFC4B46013B062B01D811
:1098C00000F07FFD396D10230A00386B1A40B8652F
:1098D0000B4201D0FFF71DFBC02332708022DB005A
:1098E0000B40D200934200D0FFE0BB6ABA699342BA
:1098F00000D1FFE01300BA6A7E619A1A6021514BD1
:109900005B187969DB19994207D34F4B9C4660235A
:109910009846B844C44463467B614C497869FAF779
:10992000A3FDE7E03A6D1305B6D5BB6D4B44002BA4
:10993000B2D1424B94E74B46072BADD10823994651
:1099400093E798238022386D1B0103405200934215
:10995000A2D1BB6A012B9FD18022394B1201184042
:10996000024330233A6542461370313B9C46023332
:10997000E3449C460023E044BB6276E74B46062B5B
:109980008AD10723994670E73B6D1B0584D53A6D54
:10999000A0201300C00003400138FF38834205D0E7
:1099A000024200D178E7BB6A002B63D03B6D9B0578
:1099B00005D4BB6ABA699B1A3B6143467B61244B61
:1099C0003A6D1A401300C02252001A4300233A6530
:1099D000BB624AE7BB6D002B00D0ABE3BB6A002B38
:1099E00007D1E0233A6DDB001A409A4201D100F022
:1099F000D5FE4B46012B02D0042B00D04CE74B4642
:109A00000133DBB2994630E73B6D1B0504D5BB6DD6
:109A10004B44002B00D121E7BB6D012B00D03BE76D
:109A20000223BB6521E780233A6D134200D133E75F
:109A30009A433A6519E7C046E9B900107FFEFFFF77
:109A4000FFFEFFFF7302000072020000ACDE001098
:109A50007FF0FFFF4B46002B00D060E3BB6A002B7A
:109A600000D0ECE3E0233A6DDB001A409A4201D1CA
:109A700000F09CFE4646A246BB6D013B012B00D880
:109A8000E9E34B460022013BBA62062B01D800F005
:109A9000BBFC3A6DD30500D414E7530501D500F0A3
:109AA000A6FE0123741E5B42217853449846652923
:109AB0000BD0452909D02A00786DFFF73DF9022324
:109AC0005B4253449846B41E21782A00786DFFF714
:109AD00033F9396D10230A00386BC2461A40B86555
:109AE0000B4201D0FFF715FA22703B69002B01D021
:109AF00000F07DFD0022F969786D01F0C1FE7B6BFD
:109B0000B865F96510CB7B633B6DDB0700D48DE353
:109B1000206061607B6C01337B643B6BBB65FFF74E
:109B2000F8F93B6D1B0504D5BB6D4B44002B00D1F0
:109B300094E64B46022B00D0AEE60323994694E60A
:109B40003A6D130500D422E7EFE63B6DDB0500D448
:109B500080E680233A6D9A43BB6A3A650133BB6263
:109B6000FB68002B00D0B4E3013B9C46E34485E650
:109B70002900786DFFF720F9002800D188E68BE6F0
:109B80004B461B68042B00D0AEE43B6B002B00D18E
:109B9000B1E46B68002B00DD42E42900786DFFF72B
:109BA0000BF9002800D1B9E4BCE46B68002B01DD9F
:109BB000BC6D3AE52900786DFFF7FEF80028F7D074
:109BC000BB6DFE64002B00D18AE5FFF7F5F95B461B
:109BD000002B01D1013B9B4601231A0022409046F5
:109BE000102222409146234200D17CE1002A00D07D
:109BF00076E37B6B04CBBA657B63240601D400F06B
:109C00001AFD002A01D1FFF7DDF98020F8F79CFF4B
:109C10008046002801D100F0D1FDBB6D1860FB6BC0
:109C2000DA88FA619C88A24201D300F0F5FB18683B
:109C3000FA69F96B531CCB809300BA6D1A504346F6
:109C4000BB6220233B652B681B78F35C1B0700D5A8
:109C50004EE25B4600243B6001F0BAFFA04201D116
:109C6000FFF7AAF9902149008C46C0398B46BB44C6
:109C7000DC4461462B68621CFA621A7801330A558B
:109C80006A682B60FB6C013AF9616A60032B01D0B2
:109C900000F02BFC182360229B18DC19BB6F042BEF
:109CA00004D0082200212000F8F77EFFFB6A41461D
:109CB000BB610094FA69786D02F050F9F864431CB6
:109CC00001D1FFF779F9002801D000F064FC424689
:109CD0001060002002F06CF9002800D0F8E1FB6A67
:109CE0009C46E24401235B429C463B6863443B60E4
:109CF0004B46002B01D000F085FC04339C46BB6D25
:109D0000E044002B01D100F07DFC4346BA6A9C1A66
:109D10000022FA623A6DA310934201D300F057FD7E
:109D20006B68002B01DC00F026FD2B681B78F35CD0
:109D30001B0700D5DCE13B68002B00D1D8E1FC6AB1
:109D40008AE75B46AE220021013B884652009342DF
:109D500005D9D94B5B4498465E23FF339B46D823F5
:109D60001B011C430023BB652133FF339C46C03BD2
:109D70009946B944CC446346FB61D04B5E46994654
:109D8000E3462A6811780B002B3BDBB24D2B17D82A
:109D900048469B00C3589F463B6C0A2B10DDC84BBE
:109DA0001C405B46197001239C46E3446B68013BF1
:109DB0006B60002B6CDD01322A60013E002EE0D189
:109DC0005A46D946E30509D5FB699A4200D961E2B2
:109DD0004A46FB699A4201D1FFF7F4F810231A00B2
:109DE0002240234214D14B46F9691A70786D002243
:109DF0003B6C3E6AB0477A6B131D9846A30600D4AD
:109E00000DE2136818607B6C01337B6443467B630F
:109E10004A46FB69D61ABB6D9C466644B2443B6B0E
:109E2000BB65FFF776F8386CA64B4000C35E3B6419
:109E3000A34B1C40B5E7C0238020DB0023408000FB
:109E40008342BDD1A04B2340A024E4001C43102337
:109E50003B64A6E780232342B2D09C43A1E7386C41
:109E6000984B4000C35E3B64082B98DCA8E72305B1
:109E700097D53B6C002B05D180239B001C43F93BFD
:109E8000FF3B3B64630500D4B3E1904B1C4088E783
:109E90002900786DFEF790FF00288ED090E76B6860
:109EA000002B02DD2600FFF7BCFA2900786DFEF7D3
:109EB00083FF0028F6D0002C01D1FFF733FBFFF71A
:109EC0007BF8F869D1001600F8F750FEF861002819
:109ED00001D100F073FC8046BA6A7300A0441060A0
:109EE000BB61FFF717FB002A01D000F004FC7B6B7D
:109EF00004CB91467B63240600D440E3002A01D1C1
:109F0000FFF760F82020F8F71FFE041E01D1FFF7CD
:109F1000A1F84B46FA6B1860D188F9619388994291
:109F200000D3C0E11068FA69F96B531CCB80930031
:109F30004A461A502023BB652B681A78B25C120778
:109F400000D5CBE121003C655C466A68013A6A6055
:109F50005A1C2A601B784A1C0B704B469046002BFB
:109F600007D013003A6D9B1A9B46BB6D9B4500D3EF
:109F70002CE3013C002C00D121E16B68002B00DCBC
:109F800016E108212B681A78B25C114200D016E164
:109F90004146DAE73B6B002B00D0A9E17B6B04CB99
:109FA00090467B63240600D440E3002A01D1FFF7EA
:109FB00009F82020F8F7C8FD041E01D1FFF74AF880
:109FC00043461860FB6BDA88FA619E88B24200D380
:109FD00045E21868FA69F96B531CCB80930042463E
:109FE0001A5020231800202160262B6889191A781E
:109FF000C9198A5C002A01D1FEF7E4FF52465E4689
:10A00000A14683463A6516E04B46D31A9A46140099
:10A010005B452FD2013E002E00D1AEE06B68002BD5
:10A0200016DD202160202B6809181A78C9198A5C6E
:10A03000002A00D1A1E06A68013A6A605A1C2A60CD
:10A040001B78621C23704346002BDDD11400E1E72E
:10A050002900786DFEF7B0FE0028E2D03B6D4E4639
:10A060009A465B4618004C4501D1FEF7A5FFA31B9D
:10A0700099468DE05B465B00484619009B46F8F721
:10A0800075FD8146002801D1FEF7E4FF54464346A2
:10A090004C441860BEE7F869D100F8F767FDF86135
:10A0A000002800D18AE38146BB6AFA6A5B00A144BA
:10A0B0001060BB62FFF7FCFAA3FEFFFF44E800104C
:10A0C0007FF4FFFF7CE90010FFFDFFFF7FFAFFFF39
:10A0D00020236022FF339B18DC197B6DBE699B46F1
:10A0E000A15D2A005846013EFEF726FE002EF7D15C
:10A0F0004B46002B00D092E643464A461A60BB6DA1
:10A10000002B08D04346BA6A991A8B103A6D013376
:10A110009A4200D918E27B6C01337B647FE6FD2212
:10A12000033B134201D0FFF7B7FB0433DBB2994680
:10A13000FFF79BFBBB6D022B00D05AE40323BB65EA
:10A14000FFF793FBBB683A6D98467B685C469B467D
:10A15000D94B40461A403A655146320001F0FEFCA8
:10A1600001235B429C46BB6A8046E344BB61FFF728
:10A1700085FB0023FB60FFF703F83B6D4E469A46D4
:10A180005B461800A31B9946B44201D1FEF71AFFA3
:10A19000002323704346002B04D04B46591C8842B1
:10A1A00000D9CFE27B6CCA4401337B64FEF7B1FE79
:10A1B0002900786DFEF700FE002800D1E1E6434655
:10A1C00044463A6D9B1A591C9A44002323704B460F
:10A1D000002B00D19EE4BB6D994200D39AE44B461C
:10A1E0001868F8F7C3FC002800D193E44B461860C8
:10A1F00090E4B24B1C404346002B04D001235B4249
:10A200009C460136E044BB6D0133BB65CEE50823B7
:10A210001C43BB6D9A780233BB65FEF7BCFE230777
:10A2200000D42EE17B6B1B681870ECE53B6D9B073F
:10A2300000D44BE1BA6DFB6D226063606AE4A04B11
:10A240003A6D46461A40BB6DA246013B3A65012B6A
:10A2500001D9FFF737FBFB699E4201D8FEF7B2FE3A
:10A2600034002E001D00013C32002178786DFEF78D
:10A2700063FDAC42F7D1FEF7A5FE00953300012245
:10A280004146786DFEF7B8FD041E01D1FEF794FE3D
:10A29000A2443FE45E46013E2A003178786DFEF725
:10A2A0004BFDB14694E5874A934200D9BBE20822B0
:10A2B0009046984443469900FB6B1868F8F756FCA3
:10A2C000FB6B002801D1FEF7C8FE424618609A8059
:10A2D00029E6FB68013BFB60FFF7D0FA012174E738
:10A2E00000233B65BB62BB656433FB189846AAE458
:10A2F000202160202A6809181378C919CB5C002B2B
:10A3000001D1FEF75FFE5C4607E020216020137854
:10A310000918C919CB5C002B3ED06B680132013B98
:10A3200001366B602A60A64236D0002BEDDC290096
:10A33000786DFEF741FD00282ED12A68E5E700235D
:10A340009946BB62FB61FB62FFF765F97B6D0024F8
:10A3500098460AE0D218290040462A60E418F61A06
:10A36000FEF72AFD002800D0F6E16B682A689E42BD
:10A37000F0DC9B1B9219A4196B602A603B6BA24412
:10A38000BB65FEF7C6FD0023BB61FB61BB626433A6
:10A39000FB189846FFF744F8B244FEF7BAFD494B64
:10A3A0009C4200D90AE2FB6B08341868A100F8F758
:10A3B000DDFB002800D101E2FB6B18609C80FFF7F9
:10A3C0001FF94B46022B00D831E2032B01D1FFF7D6
:10A3D00079FAA84634004D46013C42462178786D12
:10A3E000FEF7AAFC63199B1BDBB2032BF4D1A94631
:10A3F0004B465246043BDBB2013AD21A013E454677
:10A400009246F61AFFF745FB4B46022B00D80EE2A8
:10A41000032BDED1FFF73DFB2A4B9C4200D9CDE157
:10A42000FB6B08341868A100F8F7A0FB002800D1E6
:10A43000C4E1FB6B18609C80FFF7FAFB214A944251
:10A4400000D9BBE1FE6B08343068A100F8F78EFB41
:10A45000002800D1B2E13060B480FEF7D6FF194A7F
:10A46000964200D9DFE1FB6B08361868B100F8F7B7
:10A470007DFBFB6B002801D1FEF7EFFD18609E808D
:10A48000A8E563075CD4E30700D582E1A40700D404
:10A490007FE10D4B3A6A9A4200D1D9E100223B6C30
:10A4A000F969786D01F070FC7B6B1B6803C3AAE44B
:10A4B00040231C43FFF77EF87FFDFFFF7FFCFFFF7B
:10A4C000FFFEFFFFF6FF00005D870010B86DF96D1D
:10A4D00002000B00F7F7B5FE00284AD1B86DF96D00
:10A4E000F7F740FF2060FFF715FB182360229B1849
:10A4F000DC19FFF7D6FB2900786DFEF75DFC00281C
:10A5000001D0FEF759FDD64BFEF7E9FE52461A7010
:10A5100085E4D44A934200D985E1082291469944C2
:10A520004B469900FB6B1868F8F720FBFB6B002883
:10A5300001D1FEF792FD4A4618609A80FEF792FE1E
:10A540007B6B1B6818805EE4BC6D04312068F8F7F3
:10A550000DFB002800D1DEE52060DCE5FC6A206808
:10A56000F8F704FB002801D1FFF7C6F82060FFF7D9
:10A57000C3F8BD4801F03AFD2060FFF7CBFA002395
:10A5800014009946BB65D7E482B002ABFB6302922C
:10A590000392FEF7B5FEFB6C023301D1FFF7C0FB5F
:10A5A0004346186801F004FD002800D090E5FB6ADE
:10A5B0009C46FB6CE244032B01D0FFF793FB23681E
:10A5C000042B01D0FFF78EFBFFF792FB5B00190015
:10A5D0001000BB65F8F7CAFA3865002801D1FEF70C
:10A5E00039FD02005A4490464A461060C1E47B6936
:10A5F0000022591C786D0A2301F0F6F93B69C21A52
:10A60000FFF77CF90023FB62FFF78AFBBB6A9846E1
:10A610000023BB61FB61BB62FEF702FFFB6A994648
:10A620000023BB62FB61FB62FEF7F5FF0023140011
:10A6300018009846D7E4BB6D984600233B65BB6283
:10A64000BB65FFF700FB2900786DFEF7B5FB00281E
:10A6500001D1FEF799FFFEF7AFFC844BFFF76EF8D0
:10A6600002239946FFF76FF8804B3B6208233B6457
:10A67000053B9946FFF767F804239946FFF763F80F
:10A680002900786DFEF798FB002801D1FEF7C2FD86
:10A69000FEF792FC2900786DFEF78EFB002801D1B1
:10A6A000FEF782FEFEF788FC6D4B3B6200233B64A5
:10A6B00003339946FFF747F82900786DFEF77CFBD6
:10A6C000002801D1FEF772FFFEF776FC002C01D1C5
:10A6D000FEF728FF2023FF339B18DC197B6DFE6AF1
:10A6E0009946A15D2A004846013EFEF725FB002E53
:10A6F000F7D1FEF717FF2A681378F35C1B0701D523
:10A70000FFF78DFB330008244646984604E0414697
:10A710001378CB5C1C4211D16B680132013B0136CE
:10A720006B602A605E4509D0002BF0DC2900786D53
:10A73000FEF742FB002801D12A68E8E7B046C24490
:10A74000FFF76DFB43461868F8F710FA002800D1B0
:10A7500028E54346186025E5002C00D00EE6FEF7FC
:10A760002BFCE2072FD4A4072DD552461A60D2172E
:10A770005A60FFF754FB2900786DFEF71DFB002897
:10A7800001D1FFF7D2FAFB6A002B01D0FEF714FCCF
:10A79000AEE47B6B1B681860FFF735FB344B3A6DFA
:10A7A0001A4001233A65BB65FFF75FF8304B3A6DFD
:10A7B0001A4001233A659946FFF757F801235B4297
:10A7C0007B64FEF7FFFB52461A60FFF728FBB86A6E
:10A7D000D100F8F7CBF9B8620028EFD080463B6D86
:10A7E000BA6D5B00A04410603B65FFF799FAFB6906
:10A7F0009E4201D8FEF7E6FB3400013C2A00217896
:10A80000786DFEF799FAFB699C42F6D1FEF7DAFB08
:10A810007B6C002B04D0AB895B0601D4FEF7D5FB23
:10A82000FB6BFEF71AFCFB699B46FEF718FCFB6905
:10A8300034009E4201D8FEF7C5FB013C2A00217876
:10A84000786DFEF779FAFB699C42F6D1FEF7BAFB08
:10A8500000223B6CF969786D01F07CFB24E6C04670
:10A86000E9B90010F6FF000084DE00105D870010DB
:10A870007FF8FFFF70B516000D0002F07DFD002E81
:10A880000DD06B236A00520D9B1A002B07DD0024AC
:10A89000034A1B059D182B002200F7F76CFC70BDC6
:10A8A0000000F03FF0B54546DE4657464E46E0B55F
:10A8B0009FB0069200220C001A92002100228046CE
:10A8C00004910592210019910A780F002D2A03D8CE
:10A8D000AA4D900028588746002107910021089131
:10A8E000302A00D1C4E02F2A00D889E200239A46FA
:10A8F000190038000026130055460BE08B005B184A
:10A9000001305B0019909918027830391300013634
:10A910002F2A0FDD392A6FDC082EEFDDAB005B1923
:10A9200001305B0019909D180278303D130001360C
:10A930002F2AEFDC894601229149AA4601F0DAF874
:10A94000002800D14AE20023089612930A930B9341
:10A95000089B1C00102B00DD10244846F7F77EFCF6
:10A96000089B04900591092B19DD2200854B093ABB
:10A97000D2009B181A685B68F7F7FDFB04900591FD
:10A980005046F7F76BFC0B00020004980599F7F7A7
:10A99000CBFB089B049005910F2B00DDAFE00A9BD9
:10A9A000002B01D100F066FC0A9B002B00DC46E383
:10A9B000162B01DC00F05FFD2523089A9B1A0A9AEA
:10A9C000934200DA9BE00F24089B6E4DE41AE100ED
:10A9D0006918049A059B08684968F7F7CCFB0A9B3D
:10A9E0001C1BE4002D192A686B68F7F7C4FB0600EE
:10A9F0000F0013E2013166E7894601226049AA4649
:10AA00001D0001F077F8002846D1199D2B00691C24
:10AA100019915B780D001A00002E00D0E2E12B00A6
:10AA20000020302A07D11800013319931A78302AF0
:10AA3000F9D0401B01301300313B082B00D867E2EE
:10AA400020239A43452A00D118E3089B034300D0F2
:10AA5000E2E1069B00260027002B00D01C6030009E
:10AA600039001FB0F0BCBB46B246A946A046F0BDB7
:10AA70007A7820318A437D1C582A01D100F0FDFBF1
:10AA80002F0019953A780135302AF9D0002A00D1E3
:10AA9000C2E10123089326E7002300200022099643
:10AAA0001293652D00D1D2E100230B93452D00D1E7
:10AAB000CDE1002E00D0BFE1089B034300D0ABE105
:10AAC000002AC6D1692D00D1E6E201DD00F0C2FC0A
:10AAD000492D00D1E0E24E2DBBD12B4919A801F040
:10AAE000E3FE0028B5D0199B1B78282B01D100F07C
:10AAF00079FD264801F074FA06000F008EE10A9AEB
:10AB0000089B94461B1B6344002B00DC70E20F2261
:10AB10001C001100944319401A4201D100F02CFC92
:10AB2000184BC900591808684968049A059BF7F73B
:10AB300022FB04900591002C01D000F01DFC0023A5
:10AB400009934B463200009339004046089B02F0BF
:10AB50005FF81390002801D100F09AFC0A9B12992B
:10AB6000DA430B98D217081AD9171340149300230D
:10AB7000084099469B461290F0E0C046A0E90010BC
:10AB8000B4DE0010C0560110C4DE001084DE0010D8
:10AB9000C91A521A1F2900DD26E301238B401093A6
:10ABA00000231593AB189A46099BA4189C462B00CA
:10ABB0006444554500DD5346A34200DD2300002BCD
:10ABC00004DD5246D21A9246E41AED1A129B002B6B
:10ABD00000DDB0E25346002B00DDC8E20A9B002BEB
:10ABE00000DDF3E2002C00DDE4E2002D08DD494643
:10ABF0002A00404602F050FA8146002800D1E2E2E5
:10AC000040461A99089A02F0E3FA8346002800D1D8
:10AC1000D9E2C36849460E930023C36002F0BAFA32
:10AC2000002801DA00F009FD059B0B9301D100F02B
:10AC3000A2FC4946584602F07DFC80230022DB0539
:10AC400004000D00F7F7E8FA002800D165E20E9B3A
:10AC5000002B00D0D5E2049B002B00D05AE30B9BC5
:10AC60001B0300D0FDE2002220002900D74BF7F79C
:10AC7000CDFA002801D000F074FC0022D44B200053
:10AC80002900F7F778FA0A000100130010911192D9
:10AC90000C9080221206944663440D930B9BCD4A80
:10ACA0000C9C0D9D13409A46CB4B9A4500D1AFE2C8
:10ACB000099B002B29D0D423DB049A4525D8109872
:10ACC0001199C64AC64BF7F7A7FA002818D0109872
:10ACD0001199F7F703FB002800D10130F7F7BEFA0E
:10ACE0000E9B10901191002B01D000F024FC8022CB
:10ACF00012060B009446634416901793169C179DFA
:10AD0000D6235246DB04EB189D1A3000390002F0BE
:10AD100033FB02000B0020002900F7F72CFA320069
:10AD20003B00F7F701FA0E0004900591099B002BF8
:10AD300004D1A84B33409A4500D1B9E240461A9954
:10AD400001F00AFF4046089901F006FF49464046D7
:10AD500001F002FF5946404601F0FEFE139C4046BA
:10AD6000616801F0D1FE031E089000D12BE2226938
:10AD70000C3302320C34210018009200F7F71AFF4E
:10AD8000049E059F1CAB01931BAB009332003B005C
:10AD9000404602F06DFB011E1A9000D1F0E1012146
:10ADA000404602F005F88146002800D10BE21B9BCB
:10ADB000002B00DAD7E1129A149C9D1809991C9A6D
:10ADC0005B1A36219B188A1A8649013B8B4200DAAE
:10ADD000DEE60023159301331093E3E6199B591C1B
:10ADE00019915B781A00303A092A00D9D4E0151E6F
:10ADF00001D100F037FD012330000996129315E3CD
:10AE000001223800784900F075FE002800D188E35F
:10AE1000089B002B00D11CE600260027069A002A7A
:10AE200001D0199B1360079B002B00D117E68021EE
:10AE300009067B181F0012E60B9B129A08969B1AB4
:10AE40000A93099B002B00D182E51E0080E53300A8
:10AE5000034308990B4300D1FBE5199C631C19932C
:10AE600065782B2D00D1F9E12D2D00D0AAE001232A
:10AE70000A93A31C1993A5782B00303B092B00D90A
:10AE8000AEE11999302D0ED14B1C19931D78190084
:10AE90000133302DF9D000230B932B00313B082BCD
:10AEA00000D906E601334D1C1995AC464D780B933D
:10AEB0002F2D00DCD4E20E9101000B9B0B928B46F0
:10AEC0000B99624660468C460BE09900C918013226
:10AED000490019924B194578303B2F2D00DCC5E213
:10AEE0001000392DF1DD0B9363460E9994461A003C
:10AEF00063465846591A082900DCB1E23B4B0B93D4
:10AF00000A9B002B00D1D4E50B9B5B420B93D0E551
:10AF1000431C199F303A1293002315003900012673
:10AF200009934B469B004B44A94600205B00994483
:10AF30004B1C19931D7819002B00303B092B00D9AD
:10AF4000F5E11D00421C4B1C002D01D100F087FCD7
:10AF5000129B9C46944463461293012A01D100F04F
:10AF60007CFC52468A462100731C4C469C4689460E
:10AF7000110008E0A2001419640001339A1B013A81
:10AF8000904200DC4AE25A1E082AF3DD102BF4DC62
:10AF90008A0051184900F0E720229343452B74D0D2
:10AFA0004846F7F75BF904900591092E00DC61E152
:10AFB0003400102E00DD10240023089612930B930A
:10AFC0000A93D2E400230A9356E7C0460000F03FFC
:10AFD0000000E03F0000F07F0000E07F0000C0FFC5
:10AFE000FFFFDF4102FCFFFFB4DE00101F4E000038
:10AFF000002B00D1A3E50F2211005B4219401D1167
:10B000001A4200D09DE21F2D00DD80E010231A00BF
:10B010002A4009922B4201D05A3309930123049804
:10B0200005999A46C34C53462B4200D134E222681C
:10B030006368F7F7A0F86D1044D00834F3E70A9B73
:10B04000163300DA5BE50B99129ABB4B521AD20009
:10B050009B181A685B6804980599F7F76EF8060064
:10B060000F00DBE6002207924F1C19974A78002A4E
:10B0700000D033E4EDE401220792F5E7002203005B
:10B080000992129200260132E3E600230C00002010
:10B09000012209961293E1E6A84919A801F004FCDF
:10B0A000002800D1D5E4199BA549013B19A81993A3
:10B0B00001F0FAFB002802D1199B013319930026F5
:10B0C000A04FABE6099A0E900F910E9B0F9C049334
:10B0D0000594002A12D00F9B20005A006B23520DBA
:10B0E0009B1A002B0ADD1F2B00DC33E300210491A7
:10B0F000342B00DC59E3DC239B04059300220498E5
:10B1000005990023F7F77AF8002800D119E52223E2
:10B11000424600260027136080E68B4B0022200069
:10B120002900F7F728F80E9B10901191002B63D19E
:10B130000B000C90ADE549461A00404601F040FF77
:10B140001A99814600281BD00A000100404601F0F0
:10B150005FFE1A990B90002812D0404601F0FCFCCB
:10B160000B9B1A9336E5149A129DD41A26E61A9967
:10B170005246404601F090FF011E1A9000D02DE586
:10B18000DA462223424600266E4F1360404601F005
:10B19000E3FC4046089901F0DFFC4946404601F0D7
:10B1A000DBFC4046139901F0D7FC5146404601F0C4
:10B1B000D3FC33E622004046089901F06DFF089069
:10B1C000002800D011E5DA461A99DAE74046149AC9
:10B1D000089901F0F5FE0890002800D002E5F2E79A
:10B1E000002319940B9364E45849CB1A0121994028
:10B1F000012315911093D5E4109B119C0C930D9491
:10B200004CE50023524C0C930D941093119445E59A
:10B21000504A0B9B944663440593049C059D200073
:10B22000290002F0A9F80C9A0D9BF6F7A4FF220062
:10B230002B00F6F779FF434B474A049005910B40EA
:10B24000934200D801E1454A974201D10136BAD074
:10B250000123424C5B42049305946FE500230A935B
:10B2600007E600233E4C0C930D940023384C1093BA
:10B27000119413E5049E059FD0E50293079B404679
:10B2800001931AAB0093374A1BAB19A901F012F8CE
:10B290000F231E0004000640034200D1BCE5062E29
:10B2A00000D0FCE000230026002719950793B5E5A0
:10B2B000109C119D20002900F7F728F8F7F71AF8DD
:10B2C00002000B0020002900F6F725FF049A0E9BD0
:10B2D00036031343360B04000D00234A33430AD1CF
:10B2E000224BF6F793FF002800D127E5DA46049EAB
:10B2F000059F1A994AE71E4BF6F788FF0028F5D1FB
:10B30000200029001B4A104BF6F796FF002800D1B9
:10B3100014E5EBE7012BA4D10B9B002BA1D1DA465E
:10B3200022234246002600271A9913602EE70122A5
:10B33000FFF7B7FB98EA0010C0560110B8DE001006
:10B34000BCDE00100000F07F0000E03FE2FBFFFFEA
:10B350000000F03F0000B0FCFFFF9F7CFFFFEF7F8D
:10B360000000F0BF84EA00109535A094FFFFCF3FA6
:10B37000FFFFDF3F35E5AF359A235B009C4200DDE0
:10B3800086E02411012C00D188E10498059900225F
:10B390009246013293465246D14BB2461D00099364
:10B3A000160000235A46224204D02A686B68F6F73A
:10B3B000E2FE0123013664100835012CF2D132007F
:10B3C00056469246002B01D004900591C54A059B34
:10B3D0009446634405935346D900099B9C46049ABE
:10B3E000059B614408684968F6F7C5FEBE4BBF4A35
:10B3F000049005910B4093424AD8D420800484469F
:10B40000BB4A61440591934201D8FFF798FB0123A1
:10B41000B84C5B4204930594FFF791FB0A004B463E
:10B420005146A14692461C0001386044461C08283B
:10B4300000DC76E50020102E00DD79E553469B0008
:10B440005344AA465B009A4472E5D4239B04CE1869
:10B4500005966BE46E2D01D1FFF73FFBFFF7F9FA7C
:10B460000B99A54B994200DC4AE548E560460B93F1
:10B470000E9903003AE50A9AA04BD10059180868C2
:10B480004968049A059BF6F776FE06000F00C5E4AE
:10B4900022234246136012E66D100834C3E51A9A5F
:10B4A000002A07D035211CA802F078F840461A99E6
:10B4B00001F052FB052E00D9BEE1914BB6009B591D
:10B4C0009F461C9B8F4904931D9B1B9A0B408E49E2
:10B4D0008C466244120513430593E40503D580228C
:10B4E000120613430593804A049E059F134200D021
:10B4F00094E4FDF745FA222303608FE40122834B95
:10B50000524204920593E40500D4B3E6059BE6E7B6
:10B51000754B0593F7E71C991D9A1D9B04910592A5
:10B52000DBE7199D2B00013519955A7800239946C0
:10B530009A46FFF774FA109B119C16931794FFF725
:10B54000DDFB6E4BC9005B181A685B6804980599AF
:10B55000F6F7F3FD04900591002D01D1FFF7EFFA06
:10B5600051E500236A4C0C930D940023694C109311
:10B570001194FFF793FB159B0E9A9C46059BDA46A8
:10B580001B031B0B002A41D0634A934200D1D1E038
:10B590006346002B00D1C7E062460B9B13420CD0E0
:10B5A00004980599099AFFF765F902000B0030002D
:10B5B0003900F6F7B9FD06000F00099B002B00D1FA
:10B5C00097E630003900554B0022F6F7D4FD464B84
:10B5D00006000F000B4200D08BE6222342461A9948
:10B5E0001360D3E51CAC22004D4919A801F072F993
:10B5F000052801D0FFF77DFA1D9B3B4A1A431C9B8F
:10B6000005920493049E059FFFF708FC002B4AD186
:10B61000049B002B00D0B5E0099B002B00D1A0E0DB
:10B62000314C0B9B23401C00D623DB049C4229D8C1
:10B63000DC239B049C42C4D872E60E9B0499059AB5
:10B64000DA460B43B9D10B921303B6D1D623264C5D
:10B65000DB0414409C42B0D95B465B69002B03D1EC
:10B660005B461B69012BA8DD51460122404601F0D3
:10B6700013FD4946824601F08DFD00289DDD099BA2
:10B68000002B6ED0274B244A9C460123644422435E
:10B690005B4205920493049E059F92E700239A461D
:10B6A0000F4B099392E66346002B73D062460B9BC7
:10B6B000134200D181E704980599099AFFF7DAF857
:10B6C00002000B0030003900F6F725FD00220023B0
:10B6D00006000F00F6F792FD002800D16DE71FE687
:10B6E000985601100000B0FC0000F07F0000A07C24
:10B6F0000000907CFFFFEF7F1F4E0000C05601103E
:10B7000058EA0010FFFFEFFF33040000FFFFFF7F48
:10B710000000E0BF0000E03FFFFF0F0000005039D5
:10B7200070EA00100000F0FF109B049A134200D151
:10B7300043E735E7099A049B002A4FD15A1C3BD0B6
:10B740006246002A00D17FE00B9B134200D027E71E
:10B750001A991BE5012252429A40049B134004931C
:10B76000CCE4434B0B9A1A991A401300414A944671
:10B77000414A63441A4301235B4205920493049EA9
:10B78000059F03E56246002A0AD00B9B134200D1B5
:10B7900013E790E7109B049A134200D10DE78AE764
:10B7A000109A1A4200D108E785E74B239A1A4C3BBE
:10B7B000934018400590A1E4304A0B9991421DD066
:10B7C0002B4B0B9A1A401300802252039446634479
:10B7D000059300230493049E059FEEE6D421244A9A
:10B7E0000B98C90402408A4216D95A1CE4D062461A
:10B7F000002A0CD0104200D1E3E6D1E60133DFD1BC
:10B800002223424600261A99194F1360BEE4109A6B
:10B810001A4200D1D5E6C3E66B21120D891A012226
:10B8200052428A409342C7D06246002AEFD00B9B17
:10B83000134200D1C5E6B3E6E4050BD580231B0611
:10B840000593049E059F54E6109A1A4200D0A7E67D
:10B850001A999BE4002600274BE63000E6E510002D
:10B86000FFF767FB012009961292FFF761FBC046C4
:10B870000000F07F0000F0FFFFFF0F00FFFFEF7FF1
:10B8800010B5024BFFF70EF810BDC046E0160020C1
:10B89000F0B557464E464546DE46E0B582460F00B7
:10B8A00090461E00994683B0242B43D8012B41D0EB
:10B8B0000B0008204A4D1A0014780133295D084214
:10B8C000F9D11D002D2C00D176E02B2C3ED0454B1C
:10B8D0009B4600230193002E53D1302C00D173E0FE
:10B8E0000A230A26994649465846F6F7D9F92B0005
:10B8F0008C463D000200270000214C460020E14616
:10B90000AC463D00303D092D07D9113D192D03D915
:10B910003D00613D192D20D80A35AE421DDD4F1C7A
:10B9200005D082422AD327D00121604328181F78EE
:10B930000133E6E7FDF724F816230360002003B087
:10B94000F0BCBB46B246A946A046F0BD1C78254BCC
:10B95000951C9B4600230193BDE767464A1C21D0F6
:10B96000019A002A00D040424246002AE7D000292E
:10B9700033D143461F60E2E7A945D5DA01214942A8
:10B98000D5E7102EAFD110239946302CABD1202211
:10B990002B789343582BA6D110236C789946102608
:10B9A0000235A0E7222251460A6042465846002A44
:10B9B000C5D058465F1EDCE71C7880231B069B46DB
:10B9C0000123951C019386E720222B789343582B63
:10B9D000E2D008230836994685E78346E9E7C04662
:10B9E000ADE40010FFFFFF7F10B5FFF751FF10BD62
:10B9F00070B50D7804005E2D1BD0481C0026002178
:10BA00002300621CFF32197001339342FBD1002DD9
:10BA10000DD00122724062550378461C2D2B0FD0A9
:10BA20005D2B0BD0002B03D01D003000F3E7013855
:10BA300070BD4D78881C01260121E1E73000F7E751
:10BA400041785D2910D08D420EDC2B00023001338D
:10BA5000E2549942FBDC8D4203DB002101354D1994
:10BA6000DAE7491B0139F9E72D253000D3E7C04655
:10BA7000F0B50C002300C646096B403300B599426F
:10BA800015D0666B77003A00FCF71EFC051E28D027
:10BA900083199846010032001800F7F78BF84346E7
:10BAA000256323606763002080BCB846F0BD802119
:10BAB000C900FCF707F9002813D08023DB0063637B
:10BAC00042232063E25C084BC2544123E25C074BF3
:10BAD000C2544023E25C064B9C46C2546044206042
:10BAE000E1E701204042DFE7FF030000FE03000022
:10BAF000FD03000030B5002A27D003000B439B074D
:10BB000013D1032A11D9134D0BE0043A002A1CD09B
:10BB1000114C1C199C432C4217D104300431032AC8
:10BB200003D903680C68A342EFD00D780478012391
:10BB30000139AC4207D00AE0002C06D0C45C0133C6
:10BB4000CD5CAC4203D19A42F6D1002030BD601BDF
:10BB5000FCE7C04680808080FFFEFEFE030070B5DB
:10BB6000060008003043800701D1032A1BD83000AB
:10BB7000002307E0CC5C013AF454451C0133002C4F
:10BB800003D02800002AF5D170BD2B000024A9188D
:10BB9000002A04D01C7001339942FBD10D0000280B
:10BBA000F2D12800F0E7084C08681E00074BC318C4
:10BBB00083432342DBD13300043A043101C3032A17
:10BBC000F2D81E00D3E7C04680808080FFFEFEFED4
:10BBD0009422024B5200985C7047C046E016002049
:10BBE00000487047D0170020F0B5DE464E46454667
:10BBF0005746E0B589B00D00059193461E00082117
:10BC000007905F482B001C780135025D1142F9D185
:10BC10002D2C00D184E02B2C4BD001235B420393CD
:10BC2000584B049300230693002E08D1302C00D1EA
:10BC300080E00A239A4600230A26994605E0102E42
:10BC400000D182E0F317B246994652464B4603981C
:10BC50000499F6F763F823000F0080460292002053
:10BC60000022002113E0B94201D140451ED8804591
:10BC700043D052464B46F6F705FFE3170094019375
:10BC8000009B019C0122C01861412B7801351C00EA
:10BC9000303C092C04D9113C192C0DD8373B1C0021
:10BCA000A64211DD531CF0D0B942DCD90122524228
:10BCB000EBE72C789D1CB0E71C00613C192C03D8E5
:10BCC000573B1C00A642EDDC531C1ED0069B002BEC
:10BCD00004D003000C0000215842A1415B46002B18
:10BCE00004D0002A45D15B46059A1A6009B0F0BC21
:10BCF000BB46B246A946A046F0BD8F42B9D1029BD1
:10BD0000A342B6DA01225242BFE72223079A136008
:10BD10005B46002B30D06B1E039804990593E2E735
:10BD20002C789D1C0023039380231B06049301237E
:10BD3000069379E720222B789343582B11D00823C0
:10BD40009A460023083699467FE7302C04D010230A
:10BD50009A460023994678E720222B789343582B64
:10BD6000F5D110239A4600236C78994610260235A7
:10BD70006BE703900491CEE703980499B6E7C046B9
:10BD8000ADE40010FFFFFF7F10B5FFF72DFF10BDE2
:10BD9000F0B54546DE4657464E46E0B587B00D0045
:10BDA0000391984608210590654801922B001C7864
:10BDB0000135025D1142F9D12D2C00D188E000221D
:10BDC00004922B2C67D04346002B0FD1302C00D18E
:10BDD00083E0052302935B4B9A465B4B99460A230B
:10BDE000009300239B460A33984615E0102B00D1A0
:10BDF00085E04246009301204042C117DB179B4675
:10BE0000F5F78CFF4246824689465B460120404258
:10BE1000C117F5F783FF029200220020002116E0EF
:10BE20001C00A0451EDD531C0FD049453BD801D155
:10BE3000504538D8504531D0009A5B46F6F722FE7F
:10BE40002600E7178019794101222C78013523005B
:10BE5000303B092BE4D92300413B192B26D8373C32
:10BE6000A045E0DC531C27D0049B002B04D003002A
:10BE70000C0000215842A141019B002B04D0002A54
:10BE800023D1019B039A1A6007B0F0BCBB46B246AF
:10BE9000A946A046F0BD2C789D1C94E74945CBD11E
:10BEA000029B9C42C8DD01225242CEE72300613B47
:10BEB000192BD7D8573CB4E72223059A01204042DA
:10BEC000C1171360019B002BDED06B1E0393D8E7D4
:10BED0002C789D1C0123049375E720222B78934333
:10BEE000582B1ED007230293083B9A46174B9946BE
:10BEF0000823009300239B46083398468CE7302C98
:10BF00000AD00F230293103B9A46114B99461023F7
:10BF1000009300239B467FE720222B789343582BE6
:10BF2000EFD10F230293103B9A46094B6C78994648
:10BF30001023009300239B461033984602356BE78D
:10BF4000ADE400109999999999999919FFFFFF1FEC
:10BF5000FFFFFF0F10B5FFF71BFF10BD70B582B0DC
:10BF6000069C0500002C0BD0E4260F488659002AB9
:10BF70000DD028000094B047431C10D002B070BD13
:10BF80000400E4260848F4348659002AF1D101233C
:10BF900000212800054A0094B047431CEED100233D
:10BFA00023608A332B60E9E7E016002084DE00106E
:10BFB00010B5002100F002F810BDC04610B500F029
:10BFC000C3F8040000F0F4F81A38C0B2022805D90A
:10BFD00000200423093CA342404110BD0120FCE79E
:10BFE000002001497047C0460000F87F00487047B4
:10BFF0000000C07F030A30B5DBB20500C4B20229DD
:10C0000022D0032903D0803B803CDBB2E4B21A008B
:10C010005032D2B21F2A0AD91A003032D2B2242AA0
:10C0200035D83C4A95422FD90120404230BD3A4A8A
:10C030009542F9D83949B03BD801C01A4000A13C1B
:10C0400000194000405AF1E79E2C0ED9233480227B
:10C05000E4B29F2B0ED8703B5B00D318DBB21A0002
:10C060005032D2B21F2AD7D8E1E77E3C7F22E4B219
:10C070009F2BF0D950335B00D318DBB21A0050323B
:10C08000D2B21F2AC8D8D2E72549D03BD4E75F33C4
:10C09000DAB2072AC8D8234B92009B589F46F12C4E
:10C0A000C2D8214AA13C6000805A0028BED1013884
:10C0B000BCE7D82CB8D81D4AA13C6000805A0028A3
:10C0C000B4D10138B2E7F62CAED8C0239B01E018FA
:10C0D000ACE7F32CA8D8164BE018A7E7154BE35CA8
:10C0E000002BA1D0144BE018A0E7144AA13C60003B
:10C0F000805A00289AD1013898E7114AA13C600083
:10C10000805A93E7C02C00D98EE70E4AA13C60000C
:10C11000805A8BE7A6F40000D3CF00005C05011025
:10C12000E0EA0010C0EA0010C81C01106C1D0110EC
:10C13000A02F00003B1D011060FE0000381E011002
:10C14000F41E0110881C011070B50500002918D0DC
:10C150002B31FF310C0020001149FCF725FC002891
:10C1600004D101212800FFF745FF70BD20000D49D3
:10C17000FCF71AFC002806D102212800FFF73AFF3D
:10C18000F3E7094CE7E720000849FCF70DFC030042
:10C190002800002BE9D10321FFF72CFFE5E7C0467B
:10C1A0000CDF001010DF00100A18002018DF00104C
:10C1B000114BF0B598421BD80025104E104F02E0ED
:10C1C000551CAE4214DBAB19DA0FD21852105300D3
:10C1D0009B185B00FB1859885C78090221439C88F6
:10C1E0006418A042ECD8884204D2561EAE42EADA65
:10C1F000FF20F0BD1878FCE7EF010E00F908000001
:10C20000B01F0110F0B5D6464F4646460369C0B58B
:10C210000A009A464F11BB4208DC00230361002349
:10C220004361E0BCBA46B146A846F0BD1F218C462A
:10C230000600644614369D00BB007519F3181140C2
:10C2400014421FD02022521A944604CBCA40904672
:10C250009D4228D9B14664461A68A240444622430A
:10C260004C4604C404CBA146CA4090469D42F2D835
:10C270005346DC1BA4003419043C2260002A0CD075
:10C2800004340AE032009D42C7D902CB02C29D426B
:10C29000FBD85346DC1BA4003419A31B9B1003617D
:10C2A000B442BED1BBE74261002AB6D034000434A8
:10C2B000F3E7C046F0B5DE46454657464E46E0B584
:10C2C0008846096893468A7887B003900593302A98
:10C2D00000D0CDE1CB1C1D0001335A1E1278302A4C
:10C2E000F9D0691A8B1E9A46C24FBB5C002B00D155
:10C2F000FCE0002200242B789146BF4AFB5C0292AE
:10C30000002B00D16AE12E0073780136FB5C002B14
:10C31000FAD1012230000299FFF7ECFB01900028CE
:10C3200052D0002233780192002C02D0A41BA2002C
:10C330000192202234009343502B51D043461E607B
:10C340004B46002B7DD1631B013B0021072B03DDF6
:10C3500001315B10072BFBDC039800F0D5FB824614
:10C36000002800D18FE2142353440493A54200D344
:10C37000D1E19846002399463B0000264746A8464F
:10C380004D4699460CE0202E19D03200043649461D
:10C390002378CB5C0F210B4093401D4344455ED076
:10C3A000013C23782E2BEED14445ECD30122200012
:10C3B0000299FFF79FFB0028F0D0202EE5D120C77F
:10C3C000002204260025E2E7002C00D143E12022D0
:10C3D000A41BA3000193337834009343502BADD1B9
:10C3E00063782B2B00D11EE12D2B00D0EBE0012236
:10C3F000A378A11CFB5C2600581E18289ED84E1C52
:10C400004978103B795C180000290AD10CE08300C0
:10C410001B185B000136581833781038F95C002976
:10C4200001D01929F3DD0300002A00D05B42019AF4
:10C4300094469C446346019343461E604B46002B42
:10C4400081D053465A42534106245B421C4020008F
:10C4500007B0F0BCBB46B246A946A046F0BDB84600
:10C46000A94646464B4608C6049B4846F61A53461C
:10C47000B6101E6100F024FC5B461D687601361A7A
:10C48000AE4251DC00DAD0E09B68019A934200DAB8
:10C49000C0E05B465B689A4200DB97E09C1A671E2F
:10C4A000AC426FDA0026002F00D04EE11F2101239D
:10C4B00039408B407A11049992008A5850462100E5
:10C4C0002D1B1A4200D12BE1FFF79CFE5B465B68F7
:10C4D00001935B46DC68022C00D1DBE0032C00D129
:10C4E00042E1012C00D16EE1122470E0424B0122A6
:10C4F000190028000293FFF7FDFA814600286FD14A
:10C500006B786C1CFA5C002A6CD02500302B00D0B4
:10C510005DE16B780135302BFBD0FB5C5A425A4110
:10C52000914601229246EBE6741B2100504601F031
:10C5300055F8061E0FD01F210123601E01408B40BD
:10C540004211049992008A5801261A4203D0012808
:10C5500000DD00E1022621005046FFF753FE019B5B
:10C560009C465B46A44462469B680192634551DB4E
:10C570005B46019A5B68934200DC7DE09C1AA54211
:10C5800000DDD4E05A46D268022A37D0032A00D10F
:10C59000F1E0012A35D1AC4233D1012C07D050460D
:10C5A000611E01F01BF800282BD05B465B68059AE2
:10C5B00062241360012352461361049A13605246A9
:10C5C000109B1A6043E70022611C13E701245246C6
:10C5D000109B1A60059B019A1A6038E72E0098E6B6
:10C5E0002C002B7820229343502B00D1BEE04346F1
:10C5F0001C6026E78C550110B4DE0010119A002A49
:10C60000D5D05146039800F0A7FA0023109A502481
:10C6100013601CE75146039800F09EFA0023109A1D
:10C62000A324136013E70022E2E6AE1B320051465A
:10C63000039800F031FD019B82469A1B5B469B6884
:10C6400001929A42E6DC5B465B689A42BEDA1421AC
:10C650005144049122E77378741CFA5C2600002A86
:10C6600000D166E673780136FA5C002AFAD15DE6FD
:10C6700000238D1C9A4637E60124002EA7D05B4686
:10C68000DB68022B06D0032B08D0012B55D01023DA
:10C690001C439CE70123119A9B1A1193119B002BB9
:10C6A000F5D053461F69049BBA009146180098467E
:10C6B0000021484402E002C3984261D91A68561C1E
:10C6C000F9D001321A60022C69D01F231E002124E8
:10C6D0002E402B4200D17AE74B464344043B186876
:10C6E00000F0EEFA20239B1B984200DB6FE75346D5
:10C6F0001969002900DD93E00023524613610023ED
:10C70000524653615B46019A9B6801320192934203
:10C7100080DB21245BE7049B984600239946A0E632
:10C72000FFF770FD5B465B6802240193A5E7671E77
:10C73000002E00D1B6E60126B8E6B307A7D5049BC4
:10C740001B681E43F607ACD4A1E73900504600F041
:10C7500045FF0600AAE65046A11E00F03FFF002854
:10C7600000D1F7E60326F6E6022497E700230193BB
:10C770000133994634E6119A002A00D017E740E7C2
:10C7800053469B689F4225DA53460122791C196162
:10C79000BB0053445A61049B9846022CA9D15B46C6
:10C7A0001B682224013BAB4200D010E71F2101236C
:10C7B00029408B4041466A11920054581C40634204
:10C7C0005C41213403E7022302241E43B7E701231F
:10C7D0009A4698E5534659680398013100F094F958
:10C7E000061E56D0534651461A690C310232920049
:10C7F0000C30F6F7DFF95146039800F0ADF901224D
:10C800003369B246591C9B00F31831615A611423F5
:10C810009846B044022CC2D08F4200DB55E768E74F
:10C82000534650465B698900414418305B08814299
:10C830001FD944461A000368DB07134308C404C821
:10C8400052088142F7D8130052468A1A4146193AD3
:10C8500092089200043152181360002B00D0043269
:10C8600043465146D31A9B100B61424500D049E71D
:10C8700045E742461360002B02D042460432EFE700
:10C88000524613613BE70022E421054B0548F7F7C8
:10C890006BFE00228421024B0248F7F765FEC0467A
:10C8A00020DF001034DF001030B5026808E0137894
:10C8B0001D00413D192D00D820330131A34206D17E
:10C8C0000C780132002CF2D10260012030BD002032
:10C8D000FCE7C046F0B54546DE4657464E461F24A7
:10C8E00003000800E0B525001100006887B0421180
:10C8F000920005408A180395044200D09EE0100083
:10C90000171F021F914600224846026018684678A9
:10C91000002E00D1AFE001906F48049380464B4653
:10C920000F2000240022834601980193434602967B
:10C930003D0026008946B846390092461F00029CF9
:10C9400015E0202C00D98AE052450CDD8D4201D241
:10C95000072E55DD0826A94505D2291F002392463A
:10C960000D0000260B6084780130002C12D03B5D56
:10C97000002BE6D001360132082E39DC2C68240168
:10C98000A4465C462340644623432B6084780130F0
:10C99000002CECD1019B8C46340049464746994611
:10C9A000002A68D0654502D2072C00DC77E0A94256
:10C9B00047D20A002B0001CB01C29F42FBD26A1C66
:10C9C000781C0023904266D200200A1D9B181A0092
:10C9D00004331060BB42FAD94B461B68002B05D1CB
:10C9E000B94250D0043F3B68002BF9D0052043E00A
:10C9F000A945B8D20024043DA44601262C60C0E716
:10CA000008239B1B9B009C46202364462E001C1B76
:10CA100002952B6865460590944620002A007568AB
:10CA20002C0084401C432B00D340346073600436D8
:10CA30008E42F4D36246029D05988BE71700101DC5
:10CA40005FE74B46039A1B68002ACDD02020801A4E
:10CA500001225242C24013404A461360C4E7A24634
:10CA6000340056464746804601988C46049B49460A
:10CA70008146292E0BD0042007B0F0BCBB46B2463D
:10CA8000A946A046F0BD012305200B60F4E740460F
:10CA90000230186084E77D1BAD08AB0094E70826E0
:10CAA0002023361BB6009B1B98462B6828001A00D3
:10CAB0000B0031006646AC46454698464468230064
:10CAC000AB4013432200CA40036042600430B042CE
:10CAD000F4D3654641466AE78C55011082B00029BF
:10CAE0000AD0002A0BD0002B0BD013780B601078E3
:10CAF000431E984102B0704701A9002AF3D10020DB
:10CB0000F8E702204042F5E7436C70B504000D00E1
:10CB1000002B0AD0AA009B18186800280ED00268C3
:10CB20001A6000230361C36070BD21220421FBF75A
:10CB300061F8031E6064EDD10020F5E70126AE40E8
:10CB4000721D012120009200FBF754F80028F3D059
:10CB500045608660E5E7C046002906D04A68436C18
:10CB600092009B181A680A6019607047F0B5C646B3
:10CB70001F008046002300B50E000D6914310C68BB
:10CB800001332004000C5043240C5443C019070CFB
:10CB9000E4190004270C000C2404241810C19D4241
:10CBA000EDDC002F07D0B368AB4208DDAB00F31813
:10CBB00001355F613561300080BCB846F0BD7168F9
:10CBC00040460131FFF7A0FF041E16D03100326944
:10CBD0000C31023292000C30F5F7ECFF43467268DC
:10CBE0005B6C92009B181A6832601E602600AB00D6
:10CBF000F31801355F613561DDE70022BA21024B90
:10CC00000248F7F7B1FCC04620DF0010A0DF00109B
:10CC1000F8B54746CE460600180080B50C0008302F
:10CC200009211F009046F5F713F8092F3BDD012578
:10CC300000216D000131A842FBDC3000FFF764FFEA
:10CC4000011E32D0089B4361012303614346092B37
:10CC500016DC092398460A3447450CDD4346E7199C
:10CC6000FF1A23780A223000303BFFF77FFF0134A0
:10CC70000100BC42F5D10800C0BCB946B046F8BDC1
:10CC800009239946A1444D4644442B780A2230009A
:10CC9000303BFFF76BFF01350100A542F5D14C4653
:10CCA0004444083CD8E70021C7E70022024B034870
:10CCB000D331F7F759FCC04620DF0010A0DF001089
:10CCC0008022030052020020934201D21B04103044
:10CCD00080225204934201D208301B028022520566
:10CCE000934207D38022D205934214D29B0014D4DE
:10CCF000033008E0802104301A01C9058A4203D3B9
:10CD0000D243D20F801870479A019B0105D40A4282
:10CD1000EED12020F7E71A00F2E70230F3E7C04631
:10CD20000368010010B55A0707D0DA072BD49A0719
:10CD30002ED55B080360012010BD1A0410D1FF221C
:10CD40001B0C10201A4201D108301B0A1A0717D0F9
:10CD50009A070ED0DA0701D401305B080B60EBE7CD
:10CD6000FF221A4211D01A071AD104201B099A0770
:10CD7000F0D19A085C070FD5130002300B60DBE797
:10CD800004301B09F3E70020D6E708201B0ADDE783
:10CD90009B0803600220CFE7DB0805D12020CBE70A
:10CDA000DB0803200B60C7E703300B60C4E7C04615
:10CDB000436C70B504000D00002B0AD058680028A1
:10CDC00015D002685A600023C360013345610361D6
:10CDD00070BD21220421FAF70DFF031E6064EDD11E
:10CDE00046210022084B0948FF31F7F7BDFB1C2202
:10CDF00001212000FAF7FEFE0028F1D00123436054
:10CE000001338360DFE7C04620DF0010A0DF0010A1
:10CE1000F0B54E4657464546DE46E0B50B69166905
:10CE20008A469146984685B0B34204DB3300894672
:10CE30004646924698464B4659684346F5184B4637
:10CE40009B68AB4200DA0131FFF75EFE071E00D19E
:10CE5000AAE014239C4684446346AC006444180052
:10CE60000022A34202D204C39C42FCD814234B44A8
:10CE70009B46434651469B0098461431B600884471
:10CE80005E44414576D200239A464B4615339E4276
:10CE900000D382E05B460193434600935346B44679
:10CEA000A246AB46B9460C00029306E02D0C32D1E7
:10CEB000009B04340430A34259D925682B04190C73
:10CEC000002BF3D0019D5346A04600260C0082465D
:10CED0002F00039308CF01681A04120C62431B0C45
:10CEE0000D0463432D0C52199219090C5B18110C97
:10CEF0005B1812041E0C120C1B04134308C0BC4523
:10CF0000E8D850464446039B9A46029BC3185E608D
:10CF100025682D0CCCD0060000220368A046604690
:10CF200019001400B446019F3A88090C6A4312198B
:10CF300052181B0411041B0C0B43336010CF716893
:10CF4000240C6C430B041B0CE318120C9B181C0CD8
:10CF50000436B842E8D86246844610004446029A35
:10CF6000043482185360009B0430A342A5D8544671
:10CF70005D464F46002D03DC06E0013D002D03D049
:10CF8000043C2368002BF8D038003D6105B0F0BCAC
:10CF9000BB46B246A946A046F0BD4B46F31A153B28
:10CFA0009B089B009A4675E7B1210022024B03487B
:10CFB0004900F7F7D9FAC04620DF0010A0DF0010C3
:10CFC000F8B5032347461400CE461A0080B50E007C
:10CFD00007002240234239D1A41032D03D6C002DED
:10CFE0003DD00123984600239946434623406410D0
:10CFF000002B08D12868002819D00500434623409B
:10D000006410002BF6D02A0031003800FFF700FF33
:10D01000002E06D072687B6C92009B181A683260F2
:10D020001E60002C0ED0060028680028E5D12A00DA
:10D0300029003800FFF7ECFE4B462860050003602E
:10D04000DCE73000C0BCB946B046F8BD0E4B013A33
:10D050009200D2580023FFF789FD0600BCE70121AA
:10D060003800FFF751FD051E07D0084B436101232F
:10D070000361002338640360B3E746210022044BB8
:10D080000448FF31F7F770FA8C5601107102000066
:10D0900020DF0010A0DF0010F0B54546DE46574601
:10D0A0004E46E0B50D002B6954119846A044434606
:10D0B0005E1CAB6883461700496883B09E4203DD5F
:10D0C00001315B009E42FBDC5846FFF71DFD8446A4
:10D0D000002854D0010014310B000191002C0CDD0C
:10D0E000A400220000201432624401C39342FCD108
:10D0F000019B9946A1444B4601931F222B0011002E
:10D100002C691433A40039408A461C193A4230D0A5
:10D110000132521A91460027019851461A688A40F6
:10D120003A4304C04A4680CBD7409C42F5D82A00F7
:10D1300015320023944203D3631B153B9B089B00CD
:10D14000019A91464B445F60002F00D146466346EA
:10D150001E615B4660466A685B6C92009B181A68A9
:10D160002A601D6003B0F0BCBB46B246A946A0468B
:10D17000F0BD019904CB04C19C42FBD8E6E7EF2146
:10D180000022024B02484900F7F7EEF920DF0010B9
:10D19000A0DF001002690B6930B50500D01A9A4271
:10D1A00014D19B0014351431EA18CB1801E09542D4
:10D1B0000CD2043A043B146819688C42F7D000235F
:10D1C0008C425B4102205B421840013830BDC046B2
:10D1D000F0B545469046DE4657464E464346E0B5D6
:10D1E0000A690C00196983B0551A8A4214D12700C4
:10D1F00042468900143714327B18521802E09F42CD
:10D2000000D396E0043B043A1E6811688E42F6D0C3
:10D2100000D399E0012504E0002DFBDBA0460025AA
:10D220001C0043465968FFF76FFC8446002800D174
:10D2300094E043461A6914339600B246C5609A4496
:10D2400065460093534621692000890089461435BC
:10D25000002101932B00143081444D46A34614272E
:10D260000C00924601009946434601C9DE5902046A
:10D270003304120C1B0C9B1A62461B19000C360C53
:10D28000361A181430181B0404141B0C0004034332
:10D29000D35104378D42E7D82100019C48465246BD
:10D2A000A2465C46A9460500200015301E00002756
:10D2B000009B814504D34846001B15388008870031
:10D2C0007819041DDF19A0463C1DA146EF1A030082
:10D2D000A2451DD93B00574692461A000E00A518DC
:10D2E00001CC03041B0C5B181B14010C86195B1882
:10D2F00036041914360C1B041E432E60A742EDD8C9
:10D300003B0049465246013B5B1A9B089B00434445
:10D31000002E04D1043B1968013A0029FAD0634673
:10D320001A61604603B0F0BCBB46B246A946A046AF
:10D33000F0BD0021FFF7E8FB8446002808D0012358
:10D34000036100234361ECE74346A0461C0068E705
:10D350000022054B05480649F7F706F90022024B63
:10D3600002480449F7F700F920DF0010A0DF0010A1
:10D3700037020000450200000D4A0E4B94460B4058
:10D3800063440022002B02DD1900100070475B424D
:10D390001915132903DC80231B030B41F4E714390F
:10D3A00001221E2902DC80221206CA400023EBE77C
:10D3B0000000C0FC0000F07FF8B506004746CE46EE
:10D3C00004691436A4003419231F1D6880B5280091
:10D3D0000F009846FFF774FC2022111A03003960F1
:10D3E0000A282EDD07000B3F464519D208235B4271
:10D3F0009C46A44463461B68002F1AD01900D21B18
:10D40000D140BD409146194A0D432A431100BB400B
:10D41000664511D24A460C3C2468D44023430BE0B5
:10D420000B2805D0BD40114B2B431900002303E00E
:10D4300000230E4A2A4311001800C0BCB946B0466A
:10D44000F8BD2F00153A121AD7409146074A3A43C1
:10D4500011000027464503D24A46083C2768D740BA
:10D4600015339D402B003B43E6E7C0460000F03FEC
:10D47000F0B5012183B014001D00FFF745FB061E27
:10D4800047D02B036F001B0B7F0D02D0802252036D
:10D4900013430193002C16D101A8FFF741FC01248E
:10D4A000019B203073613461002F23D01C4B352445
:10D4B0009C46089B67443F181F60241A3000099B54
:10D4C0001C6003B0F0BD68460094FFF729FC019C86
:10D4D000009B002806D020222100121A9140C4404F
:10D4E0000B4301947361B461631E9C410134346148
:10D4F000002FDBD10B4B9C46089B60441860002337
:10D50000E3189B00F3181869FFF7DAFB6401241A8B
:10D51000D4E70022044B05480549F7F725F8C04633
:10D52000CDFBFFFFCEFBFFFF20DF0010A0DF0010D0
:10D530000F030000F0B5CE46474680B585B088465B
:10D5400002A98146FFF738FF04000D00404603A9F9
:10D55000FFF732FF02000B004046494600690969A7
:10D5600000920193091A4901884602980399401ACA
:10D570000100414400290BDD09054F193D00200041
:10D580002900F4F7DAFD05B0C0BCB946B046F0BDDD
:10D5900009055B1A0193009A019BF0E7130001391A
:10D5A00070B54C111169013414338900A400591865
:10D5B00004198B420AD2050040CB40C59942FBD8E2
:10D5C0008B1A153B9B089B0004301818844203D922
:10D5D000002308C08442FCD870BDC04610B50400CA
:10D5E00002691434481182420ADA9200A31803E057
:10D5F000043B1A68002A14D1A342F9D8002010BDB8
:10D600008300E3188242F7DD1F22100008400A421F
:10D61000F2D019680A00C240824001209142EED146
:10D62000EAE70120EBE7C046002909D0FF2A02D82B
:10D6300001200A7070478A23036001204042F9E705
:10D640000020F7E7F8B5C04601B40248844601BCA3
:10D65000604700BF3D04002001B40248844601BC7D
:10D66000604700BF410C002001B40248844601BC61
:10D67000604700BF190C002001B40248844601BC79
:10D68000604700BF0103002001B40248844601BC8A
:10D69000604700BF2502002001B40248844601BC57
:10D6A000604700BF5D0F002001B40248844601BC02
:10D6B000604700BF5D0F002001B40248844601BCF2
:10D6C000604700BFC100002001B40248844601BC8D
:10D6D000604700BF9901002001B40248844601BCA4
:10D6E000604700BF0101002001B40248844601BC2C
:10D6F000604700BFD10C002001B40248844601BC41
:10D70000604700BF810C0020311A00105D1A001024
:10D71000411C0010992B00107D230010B92A001025
:10D72000691B0010791A0010991A0010AD1A001028
:10D730008D0D0010B51A001059110010F9190010C4
:0CD74000C10900100D500010B1020010D3
:10D7500076302E302E3100006D792D7069636F2D7B
:10D760006465766963650000646576696365206E4B
:10D77000616D653A20272573272C206669726D77C5
:10D780006172652076657273696F6E3A2025730A3F
:10D7900000000000417661696C61626C6520636F16
:10D7A0006D6D616E64733A002020252D3130732039
:10D7B000E280942025730A006572726F723A2075B8
:10D7C000736167653A20726561645F726567203CCA
:10D7D0006865785F616464723E203C6865785F4E7E
:10D7E0003E0000006572726F723A206164647220BC
:10D7F0006D757374206265203C3D2030784646008C
:10D800006572726F723A204E206D75737420626576
:10D81000203C3D2030784646000000006572726F63
:10D82000723A2061646472202B204E206D757374EF
:10D83000206265203C3D203078313030000000000F
:10D84000626D653238302072656769737465722065
:10D850005B307825585D203D20307825580A00003F
:10D860006572726F723A2075736167653A207772DC
:10D870006974655F726567203C6865785F616464A0
:10D88000723E203C6865785F76616C75653E00008D
:10D890006572726F723A2076616C7565206D757372
:10D8A00074206265203C3D20307846460000000030
:10D8B000626D6532383020726567697374657220F5
:10D8C0005B307825585D207772697474656E3A20F4
:10D8D000307825580A00000074656D705F726177BA
:10D8E000203D2025750A0000707265735F726177B4
:10D8F000203D2025750A000068756D5F72617720F4
:10D900003D2025750A00000074656D7065726174B4
:10D910007572653A2025642E2530326420430A0052
:10D9200070726573737572653A2025752E253032D5
:10D9300075206850610A000068756D6964697479C2
:10D940003A2025752E253031752025250A00000046
:10D95000257500004572726F723A20706572696FAA
:10D96000735F6D73206973207A65726F0000000029
:10D970006572726F723A2075736167653A206D65E2
:10D980006D203C6865785F616464726573733E0006
:10D990006572726F723A2075736167653A20776DB0
:10D9A000656D203C6865785F616464723E203C6808
:10D9B00065785F76616C75653E0000007665727310
:10D9C000696F6E0067657420646576696365206EB3
:10D9D000616D6520616E64206669726D7761726544
:10D9E0002076657273696F6E000000006F6E000034
:10D9F0007475726E204C4544206F6E006F66660031
:10DA00007475726E204C4544206F666600000000FD
:10DA1000626C696E6B0000007374617274204C4517
:10DA20004420626C696E6B696E6700007365745F99
:10DA3000706572696F64000073657474696E672045
:10DA4000706572696F64206F66204C454420626C7B
:10DA5000696E6B696E67000068656C70000000009D
:10DA60006765742068656C702061626F75742061F1
:10DA70006C6C206176616C6961626C6520636F6DAE
:10DA80006D616E64730000006D656D0067657420E4
:10DA900076616C75652066726F6D20616472657366
:10DAA00073000000776D656D000000007772697487
:10DAB00065206D656D6F72793A20776D656D203CDC
:10DAC0006865785F616464723E203C6865785F7663
:10DAD000616C75653E000000726561645F72656728
:10DAE000000000007265616420424D4532383020EC
:10DAF0007265676973746572733A20726561645FF9
:10DB0000726567203C6865785F616464723E203CA2
:10DB10006865785F4E3E000077726974655F726574
:10DB200067000000777269746520424D45323830D5
:10DB30002072656769737465723A207772697465DB
:10DB40005F726567203C6865785F616464723E203F
:10DB50003C6865785F76616C75653E0074656D70D4
:10DB60005F72617700000000726561642072617706
:10DB70002074656D70657261747572652066726F70
:10DB80006D20424D453238300000000070726573E0
:10DB90005F726177000000007265616420726177D6
:10DBA0002070726573737572652066726F6D2042A6
:10DBB0004D4532383000000068756D5F7261770046
:10DBC00072656164207261772068756D696469743B
:10DBD000792066726F6D20424D453238300000006A
:10DBE00074656D7000000000726561642074656D7D
:10DBF000706572617475726520696E20D186D0B5CA
:10DC0000D0BBD18CD181D0B8D0B800007072657310
:10DC10000000000072656164207072657373757234
:10DC20006520696E206850610000000068756D0015
:10DC3000726561642068756D696469747920696EC4
:10DC400020250000726563656976656420737472CF
:10DC5000696E673A20272573270A00006D656D5BA2
:10DC60003078253038585D203D20307825303858C0
:10DC70000A000000776D656D5B3078253038585D9F
:10DC8000203C2D2030782530385820646F6E650A8E
:10DC9000000000000A2A2A2A2050414E4943202A27
:10DCA0002A2A0A004E6F207370696E6C6F636B7363
:10DCB0002061726520617661696C61626C6500004B
:10DCC0004E6F2075736572204952517320617265E1
:10DCD00020617661696C61626C6500004861726404
:10DCE0007761726520616C61726D20256420616CC2
:10DCF000726561647920636C61696D656400000020
:10DD00004861726420617373657274004F7574208A
:10DD10006F66206D656D6F727900000052656C65ED
:10DD200061736500626F6F74325F773235713038BE
:10DD300030000000322E322E300000007069636F18
:10DD40000000000030342D626D6500004D617920C7
:10DD50002038203230323600666E692B0000000019
:10DD6000666E69006E616E00666E692D00000000CF
:10DD70002C2066756E6374696F6E3A200000000097
:10DD8000617373657274696F6E2022257322206639
:10DD900061696C65643A2066696C6520222573228E
:10DDA0002C206C696E65202564257325730A00009C
:10DDB00055534220737464696E202F207374646F0E
:10DDC00075740000526173706265727279205069D7
:10DDD000000000005069636F00000000426F617234
:10DDE00064204344430000005265736574000000E2
:10DDF000556E68616E646C656420495251203078BC
:10DE000025780A006570202530325820776173200C
:10DE1000616C726561647920617661696C61626CC4
:10DE20006500000043616E277420636F6E74696E35
:10DE300075652078666572206F6E20696E61637407
:10DE4000697665206570202530325800636F6D6DEE
:10DE5000616E643A20272573272C20617267733A1C
:10DE600020272573270A00006572726F723A2075A9
:10DE70006E6B6E6F776E20636F6D6D616E642027C1
:10DE80002573270A00000000626D65323830206576
:10DE900072726F723A20756E65787065637465642E
:10DEA00020696420307825580A00000065256C64DC
:10DEB000000000002E0000006E660000696E6974AC
:10DEC00079000000616E00004C435F434F4C4C41B1
:10DED000544500004C435F43545950450000000036
:10DEE0004C435F4D4F4E4554415259004C435F4E99
:10DEF000554D4552494300004C435F54494D450040
:10DF00004C435F4D45535341474553004A495300E5
:10DF1000534A4953000000004555434A5000000051
:10DF200042616C6C6F6320737563636565646564DF
:10DF3000000000002F566F6C756D65732F6461745F
:10DF4000612F6A656E6B696E732F776F726B73707A
:10DF50006163652F474E552D746F6F6C63686169FF
:10DF60006E2F61726D2D31342F7372632F6E657752
:10DF70006C69622D63796777696E2F6E65776C695E
:10DF8000622F6C6962632F7374646C69622F6764BB
:10DF9000746F612D6765746865782E6300000000FA
:10DFA0002F566F6C756D65732F646174612F6A6590
:10DFB0006E6B696E732F776F726B73706163652F11
:10DFC000474E552D746F6F6C636861696E2F617277
:10DFD0006D2D31342F7372632F6E65776C69622DEE
:10DFE00063796777696E2F6E65776C69622F6C69EC
:10DFF00062632F7374646C69622F6D707265632E37
:10E000006300000006005250D3F075421CDD001082
:10E0100006005250E182887F24DD00100600525035
:10E02000ABB3605334DD001006005250BBFF3CB66A
:10E030003CDD001006005250861C030244DD001037
:10E04000060052505422A29D4CDD00100500525093
:10E05000DE65F4683C6F0110603900101039001063
:10E060001039001058390010103900101039001004
:10E07000103900101039001010390010103900103C
:10E0800010390010503900101039001048390010B4
:10E09000103900101039001040390010803B00107A
:10E0A00076390010703B0010763900105A3B001092
:10E0B0007639001076390010763900107639001064
:10E0C0007639001076390010763900106839001062
:10E0D0007639001076390010763900107639001044
:10E0E00076390010683900101E3C0010CA38001044
:10E0F000CA380010CA380010CA380010CA380010D8
:10E10000CA380010CA380010CA380010CA380010C7
:10E11000CA380010CA380010CA380010CA380010B7
:10E12000CA380010CA380010CA380010CA380010A7
:10E13000CA380010CA380010CA380010CA38001097
:10E14000CA380010CA380010CA380010CA38001087
:10E15000CA380010CA380010CA380010CA38001077
:10E16000CA380010CA380010943B0010EC3B001075
:10E17000943B0010CA380010CA380010CA3800108A
:10E18000CA380010CA380010CA380010CA38001047
:10E19000CA380010CA380010CA380010CA38001037
:10E1A000CA380010CA380010CA380010CA38001027
:10E1B000CA3800102E3E0010CA380010CA380010AD
:10E1C000CA380010CA380010CA380010CA38001007
:10E1D000CA380010CA380010CA3800102E3E00108D
:10E1E000303C00102E3E0010943B0010EC3B001021
:10E1F000943B001000000000000000000000F03F11
:10E200000000000000002440000000000000594011
:10E210000000000000408F40000000000088C34064
:10E2200000000000006AF8400000000080842E41D9
:10E2300000000000D01263410000000084D7974125
:10E240000000000065CDCD410D0A00000000000077
:10E25000714A001000000000754A0010814A001049
:10E26000AD4A0010A94A0010000000000A0000009A
:10E2700000000306A6000800020002009C00140033
:10E28000030057494E5553420000000000000000B3
:10E2900000008000040001002800440065007600B2
:10E2A00069006300650049006E007400650072003B
:10E2B00066006100630065004700550049004400A6
:10E2C00000004E007B00620063003700330039001D
:10E2D0003800630031002D00370033006300640014
:10E2E0002D0034006300620037002D003900380033
:10E2F000620038002D003900310033006100380021
:10E3000066006300610037006200660036007D0031
:10E3100000000000050F2100011C100500DF60DD7A
:10E32000D88945C74C9CD2659D9E648A9F00000396
:10E3300006A60001000000000600525053B4F4A1EC
:10E34000B0DD001000000000C4DD0010D4DD0010BE
:10E3500074290020DCDD0010E8DD00100902540003
:10E36000030100807D080B00020202000009040086
:10E37000000102020004052400200105240100011F
:10E380000424020605240600010705810308001085
:10E3900009040100020A0000000705020240000013
:10E3A000070582024000000904020000FF00010589
:10E3B00012011002EF0201408A2E0A000001010240
:10E3C0000301000074560010DC5700102C58001098
:10E3D000B4570010C6570010A4570010145700106F
:10E3E000C0560010B4560010965B00107C5B001005
:10E3F0004C590010B65B00104C590010645B0010C3
:10E40000505B00104C5900103C5B0010425A001049
:10E410004C590010225E0010145E0010085E0010BF
:10E420004C5900104C590010F25D0010145E0010A1
:10E430004C5900104C5900104C5900104C59001008
:10E440004C5900104C5900104C590010A85D001098
:10E450009E0D00209E0D0020E80D0020080E0020DB
:10E460004C0E00205E0E0020940D002000000000E5
:10E47000AD6300101D6400104D640010996400101D
:10E480003D6500102566001000000000000000003F
:10E4900025670010816700109D670010C567001098
:10E4A000094B0010E568001000000000002020204B
:10E4B0002020202020202828282828202020202034
:10E4C0002020202020202020202020202088101004
:10E4D0001010101010101010101010101004040460
:10E4E000040404040404041010101010101041411E
:10E4F000414141410101010101010101010101010C
:10E50000010101010101010110101010101042421F
:10E5100042424242020202020202020202020202DB
:10E52000020202020202020210101010200000007B
:10E5300000000000000000000000000000000000DB
:10E5400000000000000000000000000000000000CB
:10E5500000000000000000000000000000000000BB
:10E5600000000000000000000000000000000000AB
:10E57000000000000000000000000000000000009B
:10E58000000000000000000000000000000000008B
:10E59000000000000000000000000000000000007B
:10E5A000000000000000000000000000000000006B
:10E5B0006C970010C48F0010C48F0010C48F00101F
:10E5C000C48F001056970010C48F0010C48F001025
:10E5D000C48F0010C48F0010C48F0010C4900010AE
:10E5E000C4900010C4900010C4900010C49000109B
:10E5F000C4900010C4900010C4900010C49000108B
:10E60000C4900010C48F0010C48F0010C48F00107D
:10E61000C48F0010C48F0010C48F0010C48F00106E
:10E62000E6900010C48F00109C95001048930010D5
:10E63000E6900010E6900010E6900010C48F0010E5
:10E64000C48F0010C48F0010C48F001044900010BD
:10E65000C48F0010C48F00105E950010C48F00108E
:10E66000C48F0010C48F00107C950010C48F001060
:10E67000C48F0010C48F0010C48F0010CA91001006
:10E68000C48F0010C48F001090930010C48F00102E
:10E69000C48F0010C48F0010C48F0010C48F0010EE
:10E6A000E6900010C48F0010089200103097001000
:10E6B000E6900010E6900010E69000105C930010C9
:10E6C0007693001044900010C48F00102C9300101B
:10E6D000EA92001006930010A49200101097001008
:10E6E000C48F0010C48F0010BE920010389000102C
:10E6F000D0920010C48F0010C48F0010CA91001077
:10E70000C48F001038900010269A0010C697001091
:10E71000269A0010C6970010C69700104A9B00105A
:10E7200054980010549800105498001054980010F9
:10E7300054980010549800105498001054980010E9
:10E7400054980010C6970010C6970010C697001086
:10E75000C6970010C6970010C6970010C697001005
:10E76000089A001024990010249900102499001090
:10E77000409B0010229B0010C6970010C697001007
:10E78000549A0010C6970010C6970010C697001044
:10E79000C6970010D4990010C697001088990010F1
:10E7A000C6970010C6970010C69700107C990010FD
:10E7B000C6970010C6970010C69700104299001027
:10E7C00036990010C6970010C6970010C697001023
:10E7D000C6970010C6970010C6970010C697001085
:10E7E000089A001024990010249900102499001010
:10E7F000409B0010229B0010C6970010C697001087
:10E80000549A0010C6970010C6970010C6970010C3
:10E81000C6970010D4990010C69700108899001070
:10E82000C6970010C6970010C69700107C9900107C
:10E83000C6970010C6970010C697001042990010A6
:10E8400036990010549E0010C09D0010549E001078
:10E85000C09D0010C09D00106E9E0010269E0010EE
:10E86000269E0010269E0010269E0010269E001058
:10E87000269E0010269E00105E9E00105E9E0010D8
:10E88000C09D0010C09D0010C09D0010C09D0010D4
:10E89000C09D0010C09D0010C09D0010989D0010EC
:10E8A000989D0010989D0010989D0010989D001054
:10E8B000989D0010C09D0010C09D0010C09D0010CC
:10E8C000C09D0010C09D0010C09D0010C09D001094
:10E8D000C09D0010C09D0010C09D0010C09D001084
:10E8E000C09D0010C09D0010C09D0010C09D001074
:10E8F000C09D0010C09D0010369E0010C09D0010ED
:10E90000C09D0010C09D0010C09D0010C09D001053
:10E91000C09D0010C09D0010C09D0010989D00106B
:10E92000989D0010989D0010989D0010989D0010D3
:10E93000989D0010C09D0010C09D0010C09D00104B
:10E94000C09D0010C09D0010C09D0010C09D001013
:10E95000C09D0010C09D0010C09D0010C09D001003
:10E96000C09D0010C09D0010C09D0010C09D0010F3
:10E97000C09D0010C09D0010369E00100A000100CE
:10E98000020003000400050006000700080009005B
:10E990000A000B000C000D000E000F00100000001C
:10E9A00052AA0010D8A80010D8A80010D8A80010AB
:10E9B000D8A80010D8A80010D8A80010D8A8001017
:10E9C000D8A80010F4A90010F4A90010F4A90010B0
:10E9D000F4A90010F4A90010D8A80010D8A80010BD
:10E9E000D8A80010D8A80010D8A80010D8A80010E7
:10E9F000D8A80010D8A80010D8A80010D8A80010D7
:10EA0000D8A80010D8A80010D8A80010D8A80010C6
:10EA1000D8A80010D8A80010D8A80010D8A80010B6
:10EA2000F4A90010D8A80010D8A80010D8A8001089
:10EA3000D8A80010D8A80010D8A80010D8A8001096
:10EA4000D8A80010D8A80010D8A8001064B00010F2
:10EA5000D8A8001076B0001038B80010C2B400106A
:10EA600016B5001010B50010FCB40010C2B40010B0
:10EA700034000000CEFBFFFFCB03000001000000CC
:10EA80000000000035000000CEFBFFFFCB030000BC
:10EA90000100000000000000BC89D897B2D29C3C65
:10EAA00033A7A8D523F649393DA7F444FD0FA53275
:10EAB0009D978CCF08BA5B25436FAC64280668111C
:10EAC000FAC00010EAC00010DCC00010D2C0001074
:10EAD000C6C00010B2C000109EC0001004C10010DB
:10EAE0000C5F104E154E2A4E314E364E3C4E3F4E68
:10EAF000424E564E584E824E854E6B8C8A4E128236
:10EB00000D5F8E4E9E4E9F4EA04EA24EB04EB34E07
:10EB1000B64ECE4ECD4EC44EC64EC24ED74EDE4E33
:10EB2000ED4EDF4EF74E094F5A4F304F5B4F5D4F62
:10EB3000574F474F764F884F8F4F984F7B4F694FB6
:10EB4000704F914F6F4F864F964F1851D44FDF4FF4
:10EB5000CE4FD84FDB4FD14FDA4FD04FE44FE54F78
:10EB60001A50285014502A50255005501C4FF64F6B
:10EB7000215029502C50FE4FEF4F1150065043505A
:10EB8000475003675550505048505A5056506C509B
:10EB9000785080509A508550B450B250C950CA50E5
:10EBA000B350C250D650DE50E550ED50E350EE5019
:10EBB000F950F55009510151025116511551145196
:10EBC0001A5121513A5137513C513B513F5140511B
:10EBD00052514C5154516251F87A69516A516E51F7
:10EBE00080518251D8568C5189518F5191519351F6
:10EBF00095519651A451A651A251A951AA51AB5178
:10EC0000B351B151B251B051B551BD51C551C951B6
:10EC1000DB51E0515586E951ED51F051F551FE516E
:10EC200004520B5214520E5227522A522E52335271
:10EC300039524F5244524B524C525E5254526A52C5
:10EC40007452695273527F527D528D529452925235
:10EC5000715288529152A88FA78FAC52AD52BC52BC
:10EC6000B552C152CD52D752DE52E352E652ED9820
:10EC7000E052F352F552F852F952065308533875E0
:10EC80000D5310530F5315531A5323532F5331530E
:10EC900033533853405346534553174E49534D53FE
:10ECA000D6515E5369536E5318597B537753825331
:10ECB0009653A053A653A553AE53B053B653C35364
:10ECC000127CD996DF53FC66EE71EE53E853ED5398
:10ECD000FA5301543D5440542C542D543C542E545A
:10ECE000365429541D544E548F5475548E545F54C9
:10ECF00071547754705492547B5480547654845495
:10ED000090548654C754A254B854A554AC54C45417
:10ED1000C854A854AB54C254A454BE54BC54D85480
:10ED2000E554E6540F551455FD54EE54ED54FA5481
:10ED3000E2543955405563554C552E555C55455553
:10ED400056555755385533555D5599558055AF54DF
:10ED50008A559F557B557E5598559E55AE557C5589
:10ED60008355A9558755A855DA55C555DF55C4555E
:10ED7000DC55E455D4551456F7551656FE55FD5539
:10ED80001B56F9554E565056DF713456365632568C
:10ED900038566B5664562F566C566A5686568056B1
:10EDA0008A56A05694568F56A556AE56B656B456A9
:10EDB000C256BC56C156C356C056C856CE56D1567A
:10EDC000D356D756EE56F9560057FF5604570957F3
:10EDD00008570B570D57135718571657C7551C5739
:10EDE0002657375738574E573B5740574F57695755
:10EDF000C057885761577F5789579357A057B357C4
:10EE0000A457AA57B057C357C657D457D257D3574A
:10EE10000A58D657E3570B5819581D58725821589D
:10EE200062584B587058C06B52583D5879588558A5
:10EE3000B9589F58AB58BA58DE58BB58B858AE5856
:10EE4000C558D358D158D758D958D858E558DC5850
:10EE5000E458DF58EF58FA58F958FB58FC58FD5859
:10EE600002590A5910591B59A66825592C592D5970
:10EE7000325938593E59D27A555950594E595A59E2
:10EE800058596259605967596C596959785981596B
:10EE90009D595E4FAB4FA359B259C659E859DC5939
:10EEA0008D59D959DA59255A1F5A115A1C5A095ADB
:10EEB0001A5A405A6C5A495A355A365A625A6A5A3C
:10EEC0009A5ABC5ABE5ACB5AC25ABD5AE35AD75A5A
:10EED000E65AE95AD65AFA5AFB5A0C5B0B5B165B98
:10EEE000325BD05A2A5B365B3E5B435B455B405BE3
:10EEF000515B555B5A5B5B5B655B695B705B735B2E
:10EF0000755B785B88657A5B805B835BA65BB85BCF
:10EF1000C35BC75BC95BD45BD05BE45BE65BE25B76
:10EF2000DE5BE55BEB5BF05BF65BF35B055C075C74
:10EF3000085C0D5C135C205C225C285C385C395CEE
:10EF4000415C465C4E5C535C505C4F5C715B6C5C3E
:10EF50006E5C624E765C795C8C5C915C945C9B59D7
:10EF6000AB5CBB5CB65CBC5CB75CC55CBE5CC75CE8
:10EF7000D95CE95CFD5CFA5CED5C8C5DEA5C0B5D88
:10EF8000155D175D5C5D1F5D1B5D115D145D225D90
:10EF90001A5D195D185D4C5D525D4E5D4B5D6C5D9B
:10EFA000735D765D875D845D825DA25D9D5DAC5D18
:10EFB000AE5DBD5D905DB75DBC5DC95DCD5DD35D92
:10EFC000D25DD65DDB5DEB5DF25DF55D0B5E1A5EDD
:10EFD000195E115E1B5E365E375E445E435E405EC8
:10EFE0004E5E575E545E5F5E625E645E475E755E57
:10EFF000765E7A5EBC9E7F5EA05EC15EC25EC85ECB
:10F00000D05ECF5ED65EE35EDD5EDA5EDB5EE25E44
:10F01000E15EE85EE95EEC5EF15EF35EF05EF45E9A
:10F02000F85EFE5E035F095F5D5F5C5F0B5F115F13
:10F03000165F295F2D5F385F415F485F4C5F4E5F11
:10F040002F5F515F565F575F595F615F6D5F735F01
:10F05000775F835F825F7F5F8A5F885F915F875F93
:10F060009E5F995F985FA05FA85FAD5FBC5FD65F52
:10F07000FB5FE45FF85FF15FDD5FB360FF5F21601E
:10F0800060601960106029600E6031601B6015605F
:10F090002B6026600F603A605A6041606A6077605A
:10F0A0005F604A6046604D606360436064604260D8
:10F0B0006C606B60596081608D60E76083609A600E
:10F0C00084609B60966097609260A7608B60E1604F
:10F0D000B860E060D360B460F05FBD60C660B560EA
:10F0E000D8604D6115610661F660F7600061F460FB
:10F0F000FA6003612161FB60F1600D610E6147619F
:10F100003E61286127614A613F613C612C61346145
:10F110003D614261446173617761586159615A612F
:10F120006B6174616F61656171615F615D615361A4
:10F130007561996196618761AC6194619A618A6138
:10F140009161AB61AE61CC61CA61C961F761C861AF
:10F15000C361C661BA61CB61797FCD61E661E3616C
:10F16000F661FA61F461FF61FD61FC61FE610062BC
:10F17000086209620D620C6214621B621E622162E7
:10F180002A622E6230623262336241624E625E6295
:10F1900063625B62606268627C62826289627E62D4
:10F1A000926293629662D46283629462D762D16201
:10F1B000BB62CF62FF62C662D464C862DC62CC62AA
:10F1C000CA62C262C7629B62C9620C63EE62F1628C
:10F1D000276302630863EF62F56250633E634D6329
:10F1E0001C644F6396638E638063AB637663A36333
:10F1F0008F6389639F63B5636B636963BE63E96310
:10F20000C063C663E363C963D263F663C463166411
:10F21000346406641364266436641D6517642864C8
:10F220000F6467646F6476644E642A6595649364C2
:10F23000A564A9648864BC64DA64D264C564C764E4
:10F24000BB64D864C264F164E7640982E064E16489
:10F25000AC62E364EF642C65F664F464F264FA640F
:10F260000065FD6418651C650565246523652B65CF
:10F27000346535653765366538654B75486556655F
:10F2800055654D6558655E655D6572657865826535
:10F2900083658A8B9B659F65AB65B765C365C665EE
:10F2A000C165C465CC65D265DB65D965E065E1659E
:10F2B000F16572670A660366FB65736735663666D5
:10F2C00034661C664F664466496641665E665D66E6
:10F2D0006466676668665F6662667066836688668F
:10F2E0008E668966846698669D66C166B966C966DB
:10F2F000BE66BC66C466B866D666DA66E0663F6619
:10F30000E666E966F066F566F7660F6716671E67DC
:10F310002667276738972E673F67366741673867E4
:10F32000376746675E6760675967636764678967C1
:10F330007067A9677C676A678C678B67A667A16738
:10F340008567B767EF67B467EC67B367E967B86766
:10F35000E467DE67DD67E267EE67B967CE67C667B9
:10F36000E7679C6A1E684668296840684D6832688D
:10F370004E68B3682B685968636877687F689F68D0
:10F380008F68AD6894689D689B688368AE6AB96849
:10F390007468B568A068BA680F698D687E6801698D
:10F3A000CA680869D86822692669E1680C69CD686D
:10F3B000D468E768D568366912690469D768E36874
:10F3C0002569F968E068EF6828692A691A6923697C
:10F3D0002169C668796977695C6978696B6954697C
:10F3E0007E696E69396974693D6959693069616915
:10F3F0005E695D6981696A69B269AE69D069BF6930
:10F40000C169D369BE69CE69E85BCA69DD69BB6958
:10F41000C369A7692E6A9169A0699C699569B469F5
:10F42000DE69E869026A1B6AFF690A6BF969F269B9
:10F43000E769056AB1691E6AED69146AEB690A6ACF
:10F44000126AC16A236A136A446A0C6A726A366A6B
:10F45000786A476A626A596A666A486A386A226ADA
:10F46000906A8D6AA06A846AA26AA36A976A1786FC
:10F47000BB6AC36AC26AB86AB36AAC6ADE6AD16A36
:10F48000DF6AAA6ADA6AEA6AFB6A056B1686FA6AB2
:10F49000126B166B319B1F6B386B376BDC76396BDD
:10F4A000EE98476B436B496B506B596B546B5B6BBE
:10F4B0005F6B616B786B796B7F6B806B846B836B3D
:10F4C0008D6B986B956B9E6BA46BAA6BAB6BAF6BE4
:10F4D000B26BB16BB36BB76BBC6BC66BCB6BD36BE7
:10F4E000DF6BEC6BEB6BF36BEF6BBE9E086C136C1E
:10F4F000146C1B6C246C236C5E6C556C626C6A6CB7
:10F50000826C8D6C9A6C816C9B6C7E6C686C736C7D
:10F51000926C906CC46CF16CD36CBD6CD76CC56C88
:10F52000DD6CAE6CB16CBE6CBA6CDB6CEF6CD96C24
:10F53000EA6C1F6D4D88366D2B6D3D6D386D196D04
:10F54000356D336D126D0C6D636D936D646D5A6D19
:10F55000796D596D8E6D956DE46F856DF96D156ED4
:10F560000A6EB56DC76DE66DB86DC66DEC6DDE6D7E
:10F57000CC6DE86DD26DC56DFA6DD96DE46DD56D4C
:10F58000EA6DEE6D2D6E6E6E2E6E196E726E5F6E82
:10F590003E6E236E6B6E2B6E766E4D6E1F6E436EDF
:10F5A0003A6E4E6E246EFF6E1D6E386E826EAA6EBF
:10F5B000986EC96EB76ED36EBD6EAF6EC46EB26E0E
:10F5C000D46ED56E8F6EA56EC26E9F6E416F116F39
:10F5D0004C70EC6EF86EFE6E3F6FF26E316FEF6E38
:10F5E000326FCC6E3E6F136FF76E866F7A6F786FE7
:10F5F000816F806F6F6F5B6FF36F6D6F826F7C6F6A
:10F60000586F8E6F916FC26F666FB36FA36FA16FEC
:10F61000A46FB96FC66FAA6FDF6FD56FEC6FD46F31
:10F62000D86FF16FEE6FDB6F09700B70FA6F1170AE
:10F6300001700F70FE6F1B701A70746F1D70187060
:10F640001F7030703E70327051706370997092709C
:10F65000AF70F170AC70B870B370AE70DF70CB701B
:10F66000DD70D9700971FD701C711971657155716A
:10F670008871667162714C7156716C718F71FB711A
:10F6800084719571A871AC71D771B971BE71D27165
:10F69000C971D471CE71E071EC71E771F571FC71D3
:10F6A000F971FF710D7210721B7228722D722C721B
:10F6B000307232723B723C723F72407246724B72D1
:10F6C000587274727E7282728172877292729672AE
:10F6D000A272A772B972B272C372C672C472CE72CB
:10F6E000D272E272E072E172F972F7720F50177320
:10F6F0000A731C7316731D7334732F732973257368
:10F700003E734E734F73D89E57736A7368737073EA
:10F71000787375737B737A73C873B373CE73BB736B
:10F72000C073E573EE73DE73A27405746F74257491
:10F73000F87332743A7455743F745F745974417439
:10F740005C746974707463746A7476747E748B7498
:10F750009E74A774CA74CF74D474F173E074E374A4
:10F76000E774E974EE74F274F074F174F874F77479
:10F770000475037505750C750E750D751575137586
:10F780001E7526752C753C7544754D754A75497501
:10F790005B7546755A756975647567756B756D75BA
:10F7A000787576758675877574758A7589758275AD
:10F7B00094759A759D75A575A375C275B375C37556
:10F7C000B575BD75B875BC75B175CD75CA75D27591
:10F7D000D975E375DE75FE75FF75FC750176F075FC
:10F7E000FA75F275F3750B760D7609761F76277626
:10F7F0002076217622762476347630763B764776EC
:10F80000487646765C765876617662766876697672
:10F810006A7667766C7670767276767678767C76AF
:10F820008076837688768B768E76967693769976C2
:10F830009A76B076B476B876B976BA76C276CD7660
:10F84000D676D276DE76E176E576E776EA762F86AC
:10F85000FB76087707770477297724771E77257753
:10F8600026771B773777387747775A7768776B77BC
:10F870005B7765777F777E7779778E778B779177F0
:10F88000A0779E77B077B677B977BF77BC77BD772B
:10F89000BB77C777CD77D777DA77DC77E377EE7703
:10F8A000FC770C781278267920782A7945788E783A
:10F8B000747886787C789A788C78A378B578AA78EA
:10F8C000AF78D178C678CB78D478BE78BC78C57854
:10F8D000CA78EC78E778DA78FD78F47807791279E5
:10F8E000117919792C792B794079607957795F7979
:10F8F0005A79557953797A797F798A799D79A77977
:10F900004B9FAA79AE79B379B979BA79C979D579A2
:10F91000E779EC79E179E379087A0D7A187A197A3E
:10F92000207A1F7A8079317A3B7A3E7A377A437A25
:10F93000577A497A617A627A697A9D9F707A797A80
:10F940007D7A887A977A957A987A967AA97AC87A17
:10F95000B07AB67AC57AC47ABF7A8390C77ACA7AFF
:10F96000CD7ACF7AD57AD37AD97ADA7ADD7AE17A12
:10F97000E27AE67AED7AF07A027B0F7B0A7B067BED
:10F98000337B187B197B1E7B357B287B367B507B3A
:10F990007A7B047B4D7B0B7B4C7B457B757B657B4E
:10F9A000747B677B707B717B6C7B6E7B9D7B987BB4
:10F9B0009F7B8D7B9C7B9A7B8B7B927B8F7B5D7B04
:10F9C000997BCB7BC17BCC7BCF7BB47BC67BDD7B48
:10F9D000E97B117C147CE67BE57B607C007C077C0A
:10F9E000137CF37BF77B177C0D7CF67B237C277CD9
:10F9F0002A7C1F7C377C2B7C3D7C4C7C437C547C5C
:10FA00004F7C407C507C587C5F7C647C567C657C61
:10FA10006C7C757C837C907CA47CAD7CA27CAB7C74
:10FA2000A17CA87CB37CB27CB17CAE7CB97CBD7C73
:10FA3000C07CC57CC27CD87CD27CDC7CE27C3B9BDD
:10FA4000EF7CF27CF47CF67CFA7C067D027D1C7DEA
:10FA5000157D0A7D457D4B7D2E7D327D3F7D357D3B
:10FA6000467D737D567D4E7D727D687D6E7D4F7DBA
:10FA7000637D937D897D5B7D8F7D7D7D9B7DBA7D63
:10FA8000AE7DA37DB57DC77DBD7DAB7D3D7EA27D79
:10FA9000AF7DDC7DB87D9F7DB07DD87DDD7DE47D53
:10FAA000DE7DFB7DF27DE17D057E0A7E237E217E6B
:10FAB000127E317E1F7E097E0B7E227E467E667E12
:10FAC0003B7E357E397E437E377E327E3A7E677E50
:10FAD0005D7E567E5E7E597E5A7E797E6A7E697E26
:10FAE0007C7E7B7E837ED57D7D7EAE8F7F7E887E95
:10FAF000897E8C7E927E907E937E947E967E8E7E94
:10FB00009B7E9C7E387F3A7F457F4C7F4D7F4E7F2A
:10FB1000507F517F557F547F587F5F7F607F687F24
:10FB2000697F677F787F827F867F837F887F877FFB
:10FB30008C7F947F9E7F9D7F9A7FA37FAF7FB27FD4
:10FB4000B97FAE7FB67FB87F718BC57FC67FCA7F16
:10FB5000D57FD47FE17FE67FE97FF37FF97FDC9873
:10FB6000068004800B801280188019801C80218000
:10FB700028803F803B804A804680528058805A804F
:10FB80005F80628068807380728070807680798008
:10FB90007D807F808480868085809B8093809A8012
:10FBA000AD809051AC80DB80E580D980DD80C48061
:10FBB000DA80D6800981EF80F1801B812981238141
:10FBC0002F814B818B9646813E8153815181FC80F0
:10FBD00071816E81658166817481838188818A816A
:10FBE00080818281A0819581A481A3815F8193819D
:10FBF000A981B081B581BE81B881BD81C081C2813A
:10FC0000BA81C981CD81D181D981D881C881DA8178
:10FC1000DF81E081E781FA81FB81FE81018202823E
:10FC2000058207820A820D821082168229822B8227
:10FC3000388233824082598258825D825A825F8242
:10FC40006482628268826A826B822E82718277828B
:10FC500078827E828D829282AB829F82BB82AC82CE
:10FC6000E182E382DF82D282F482F382FA8293839A
:10FC70000383FB82F982DE820683DC820983D982D8
:10FC800035833483168332833183408339835083B1
:10FC900045832F832B831783188385839A83AA83B5
:10FCA0009F83A283968323838E8387838A837C8327
:10FCB000B58373837583A0838983A883F4831384B6
:10FCC000EB83CE83FD830384D8830B84C183F783C6
:10FCD0000784E083F2830D8422842084BD833884EA
:10FCE0000685FB836D842A843C845A8584847784CA
:10FCF0006B84AD846E848284698446842C846F8492
:10FD000079843584CA846284B984BF849F84D98409
:10FD1000CD84BB84DA84D084C184C684D684A18493
:10FD20002185FF84F484178518852C851F8515850A
:10FD30001485FC8440856385588548854185028605
:10FD40004B8555858085A485888591858A85A8857C
:10FD50006D8594859B85EA8587859C8577857E85DD
:10FD60009085C985BA85CF85B985D085D585DD854E
:10FD7000E585DC85F9850A8613860B86FE85FA857E
:10FD8000068622861A8630863F864D86554E5486D4
:10FD90005F86678671869386A386A986AA868B86E8
:10FDA0008C86B686AF86C486C686B086C98623880A
:10FDB000AB86D486DE86E986EC86DF86DB86EF8638
:10FDC00012870687088700870387FB8611870987C4
:10FDD0000D87F9860A8734873F8737873B872587D2
:10FDE00029871A8760875F8778874C874E87748753
:10FDF000578768876E875987538763876A8705881F
:10FE0000A2879F878287AF87CB87BD87C087D08730
:10FE1000D696AB87C487B387C787C687BB87EF876C
:10FE2000F287E0870F880D88FE87F687F7870E88B0
:10FE3000D2871188168815882288218831883688CB
:10FE4000398827883B8844884288528859885E8848
:10FE500062886B8881887E889E8875887D88B58851
:10FE60007288828897889288AE889988A2888D88BF
:10FE7000A488B088BF88B188C388C488D488D8884B
:10FE8000D988DD88F9880289FC88F488E888F288B6
:10FE900004890C890A89138943891E8925892A893D
:10FEA0002B89418944893B89368938894C891D8948
:10FEB00060895E89668964896D896A896F897489B8
:10FEC00077897E89838988898A8993899889A18994
:10FED000A989A689AC89AF89B289BA89BD89BF8948
:10FEE000C089DA89DC89DD89E789F489F889038AA0
:10FEF000168A108A0C8A1B8A1D8A258A368A418AAC
:10FF00005B8A528A468A488A7C8A6D8A6C8A628AAF
:10FF1000858A828A848AA88AA18A918AA58AA68AE1
:10FF20009A8AA38AC48ACD8AC28ADA8AEB8AF38A39
:10FF3000E78AE48AF18A148BE08AE28AF78ADE8A09
:10FF4000DB8A0C8B078B1A8BE18A168B108B178B35
:10FF5000208B338BAB97268B2B8B3E8B288B418B47
:10FF60004C8B4F8B4E8B498B568B5B8B5A8B6B8B91
:10FF70005F8B6C8B6F8B748B7D8B808B8C8B8E8B64
:10FF8000928B938B968B998B9A8B3A8C418C3F8C6E
:10FF9000488C4C8C4E8C508C558C628C6C8C788C34
:10FFA0007A8C828C898C858C8A8C8D8C8E8C948CAE
:10FFB0007C8C988C1D62AD8CAA8CBD8CB28CB38C61
:10FFC000AE8CB68CC88CC18CE48CE38CDA8CFD8C46
:10FFD000FA8CFB8C048D058D0A8D078D0F8D0D8D90
:10FFE000108D4E9F138DCD8C148D168D678D6D8D5C
:10FFF000718D738D818D998DC28DBE8DBA8DCF8D92
:020000041001E9
:10000000DA8DD68DCC8DDB8DCB8DEA8DEB8DDF8DB2
:10001000E38DFC8D088E098EFF8D1D8E1E8E108E39
:100020001F8E428E358E308E348E4A8E478E498E8C
:100030004C8E508E488E598E648E608E2A8E638EC2
:10004000558E768E728E7C8E818E878E858E848E76
:100050008B8E8A8E938E918E948E998EAA8EA18E7F
:10006000AC8EB08EC68EB18EBE8EC58EC88ECB8E37
:10007000DB8EE38EFC8EFB8EEB8EFE8E0A8F058F61
:10008000158F128F198F138F1C8F1F8F1B8F0C8F43
:10009000268F338F3B8F398F458F428F3E8F4C8F0A
:1000A000498F468F4E8F578F5C8F628F638F648F1F
:1000B0009C8F9F8FA38FAD8FAF8FB78FDA8FE58F18
:1000C000E28FEA8FEF8F8790F48F0590F98FFA8F88
:1000D0001190159021900D901E9016900B902790E6
:1000E000369035903990F88F4F90509051905290B3
:1000F0000E9049903E90569058905E9068906F9008
:100100007690A896729082907D90819080908A904F
:1001100089908F90A890AF90B190B590E290E490C4
:100120004862DB90029112911991329130914A917B
:1001300056915891639165916991739172918B91E8
:1001400089918291A291AB91AF91AA91B591B4910D
:10015000BA91C091C191C991CB91D091D691DF91C3
:10016000E191DB91FC91F591F6911E92FF91149231
:100170002C92159211925E925792459249926492F6
:10018000489295923F924B9250929C929692939263
:100190009B925A92CF92B992B792E9920F93FA92A8
:1001A00044932E93199322931A9323933A9335935E
:1001B0003B935C9360937C936E935693B093AC9314
:1001C000AD939493B993D693D793E893E593D8934B
:1001D000C393DD93D093C893E4931A941494139427
:1001E00003940794109436942B94359421943A9464
:1001F0004194529444945B94609462945E946A94A3
:1002000029927094759477947D945A947C947E94FA
:1002100081947F94829587958A95949596959895E3
:100220009995A095A895A795AD95BC95BB95B995C1
:10023000BE95CA95F66FC395CD95CC95D595D495B9
:10024000D695DC95E195E595E295219628962E9632
:100250002F9642964C964F964B9677965C965E9666
:100260005D965F96669672966C968D969896959624
:100270009796AA96A796B196B296B096B496B69669
:10028000B896B996CE96CB96C996CD964D89DC9602
:100290000D97D596F99604970697089713970E979A
:1002A00011970F971697199724972A973097399790
:1002B0003D973E97449746974897429749975C9752
:1002C0006097649766976897D2526B977197799702
:1002D00085977C9781977A9786978B978F9790973A
:1002E0009C97A897A697A397B397B497C397C697D9
:1002F000C897CB97DC97ED974F9FF297DF7AF697E9
:10030000F5970F980C9838982498219837983D982D
:1003100046984F984B986B986F987098719874980E
:100320007398AA98AF98B198B698C498C398C6988D
:10033000E998EB98039909991299149918992199B8
:100340001D991E99249920992C992E993D993E9991
:1003500042994999459950994B99519952994C997B
:10036000559997999899A599AD99AE99BC99DF99A6
:10037000DB99DD99D899D199ED99EE99F199F29996
:10038000FB99F899019A0F9A059AE299199A2B9A72
:10039000379A459A429A409A439A3E9A559A4D9A6C
:1003A0005B9A579A5F9A629A659A649A699A6B9A6D
:1003B0006A9AAD9AB09ABC9AC09ACF9AD19AD39AB7
:1003C000D49ADE9ADF9AE29AE39AE69AEF9AEB9A47
:1003D000EE9AF49AF19AF79AFB9A069B189B1A9B4D
:1003E0001F9B229B239B259B279B289B299B2A9B0A
:1003F0002E9B2F9B329B449B439B4F9B4D9B4E9B25
:10040000519B589B749B939B839B919B969B979B23
:100410009F9BA09BA89BB49BC09BCA9BB99BC69B60
:10042000CF9BD19BD29BE39BE29BE49BD49BE19B24
:100430003A9CF29BF19BF09B159C149C099C139C8D
:100440000C9C069C089C129C0A9C049C2E9C1B9C49
:10045000259C249C219C309C479C329C469C3E9C25
:100460005A9C609C679C769C789CE79CEC9CF09CDA
:10047000099D089DEB9C039D069D2A9D269DAF9D91
:10048000239D1F9D449D159D129D419D3F9D3E9D19
:10049000469D489D5D9D5E9D649D519D509D599DCD
:1004A000729D899D879DAB9D6F9D7A9D9A9DA49D10
:1004B000A99DB29DC49DC19DBB9DB89DBA9DC69D81
:1004C000CF9DC29DD99DD39DF89DE69DED9DEF9D4D
:1004D000FD9D1A9E1B9E1E9E759E799E7D9E819EF1
:1004E000889E8B9E8C9E929E959E919E9D9EA59E83
:1004F000A99EB89EAA9EAD9E6197CC9ECE9ECF9E91
:10050000D09ED49EDC9EDE9EDD9EE09EE59EE89E13
:10051000EF9EF49EF69EF79EF99EFB9EFC9EFD9E2E
:10052000079F089FB776159F219F2C9F3E9F4A9F4C
:10053000529F549F639F5F9F609F619F669F679FCD
:100540006C9F6A9F779F729F769F959F9C9FA09FAD
:100550002F58C76959906474DC5199719C4E165597
:10056000035A3F96C0541B612863F6592290758444
:100570001C83507AAA60E163256EED656684A682CD
:10058000F59B93682757A16571629B5BD0597B8669
:10059000F498627DBE7D8E9B16629F7CB788895BD6
:1005A000B55E096397664868C7958D974F67E54EB6
:1005B0000A4F4D4F9D4F4950F2563759D459015A61
:1005C000095CDF600F61706113660569BA704F7571
:1005D0007075FB79AD7DEF7DC3800E846388028BDF
:1005E00055907A903B53954EA54EDF57B280C190FF
:1005F000EF78004EF158A26E3890327A28838B82C1
:100600002F9C41517053BD54E154E056FB59155F86
:10061000F298EB6DE4802D8562967096A096FB971C
:100620000B54F353875BCF70BD7FC28FE8966F5337
:100630005C9DBA7A114E9378FC81266E185604554B
:100640001D6B1A853B9CE559A953666DDC748F952B
:100650004256914E4B90F2964F830C99E153B6550A
:10066000305B715F2066F3660468386CF36C296D4B
:100670005B74C8764E7A3498F1825B88608AED921A
:10068000B26DAB75CA76C599A660018B8A8DB2959D
:100690008E69AD538651125730584459B45BF65E9B
:1006A0002860A963F463BF6C146F8E701471597164
:1006B000D5713F73017E7682D182978560905B927F
:1006C0001B9D6958BC655A6C2575F9512E596559A1
:1006D000805FDC5FBC62FA652A6A276BB46B8B7340
:1006E000C17F56892C9D0E9DC49EA15C966C7B8318
:1006F00004514B5CB661C68176686172594EFA4FFF
:1007000078536960296E4F7AF3970B4E1653EE4E6D
:10071000554F3D4FA14F734FA052EF5309560F59FC
:10072000C15AB65BE15BD17987669C67B6674C6B53
:10073000B36C6B70C2738D79BE793C7A877BB18262
:10074000DB8204837783EF83D3836687B28A29565B
:10075000A88CE68F4E901E978A86C44FE85C116283
:1007600059723B75E581BD82FE86C08CC596139992
:10077000D599CB4E1A4FE389DE564A58CA58FB5ECC
:10078000EB5F2A6094606260D0611262D06239656A
:10079000419B6666B068776D70704C758676757D26
:1007A000A582F9878B958E969D8CF151BE52165974
:1007B000B354B35B165D68618269AF6D8D78CB848D
:1007C0005788728AA793B89A6C6DA899D986A3574F
:1007D000FF67CE860E92835287560454D35EE16241
:1007E000B9643C683868BB6B7273BA786B7A9A8963
:1007F000D2896B8D038FED90A39594966997665B74
:10080000B35C7D694D984E989B63207B2B6A7F6A11
:10081000B6680D9C5F6F72529D557060EC623B6DC7
:10082000076ED16E5B841089448F144E399CF65349
:100830001B693A6A84972A685C51C37AB284DC9156
:100840008C935B56289D226805833184A57C0852D1
:10085000C582E6747E4E834FA051D25B0A52D852B5
:10086000E752FB5D9A552A58E6598C5B985BDB5B37
:10087000725E795EA3601F616361BE61DB63626566
:10088000D1675368FA683E6B536B576C226F976F52
:10089000456FB0741875E3760B77FF7AA17B217CE6
:1008A000E97D367FF07F9D8066829E83B389CC8A06
:1008B000AB8C8490519493959195A2956596D3971E
:1008C00028991882384E2B54B85CCC5DA9734C76AD
:1008D0003C77A95CEB7F0B8DC19611985498589882
:1008E000014F0E4F71539C556856FA574759095B93
:1008F000C45B905C0C5E7E5ECC5FEE633A67D7654E
:10090000E2651F67CB68C4685F6A305EC56B176CB1
:100910007D6C7F754879635B007A007DBD5F8F8950
:10092000188AB48C778DCC8E1D8FE2980E9A3C9BE2
:10093000804E7D50005193599C5B2F628062EC6425
:100940003A6BA07291754779A97FFB87BC8A708B3F
:10095000AC63CA83A09709540354AB555468586AD2
:10096000708A27787567CD9E7453A25B1A81508672
:100970000690184E454EC74E114FCA533854AE5BC1
:10098000135F256051653D67426C726CE36C787053
:100990000374767AAE7A087B1A7DFE7C667DE76505
:1009A0005B72BB53455CE85DD262E0621963206E06
:1009B0005A86318ADD8DF892016FA6795A9BA84E2E
:1009C000AB4EAC4E9B4FA04FD1504751F67A715170
:1009D000F651545321537F53EB53AC558358E15C8C
:1009E000375F4A5F2F6050606D601F6359654B6AC7
:1009F000C16CC272ED72EF77F880058108824E8576
:100A0000F790E193FF9757995A9AF04EDD512D5C7C
:100A100081666D69405CF266756989735068817C96
:100A2000C550E4524757FE5D2693A465236B3D6B8A
:100A300034748179BD794B7BCA7DB982CC837F8840
:100A40005F89398BD18FD1911F5480925D4E365082
:100A5000E5533A53D7729673E977E682AF8EC6991B
:100A6000C899D29977511A615E86B0557A7A7650D4
:100A7000D35B47908596324EDB6AE791515C485CC8
:100A800098639F7A936C7497618FAA7A8A7188961B
:100A9000827C1768707E51686C93F2521B54AB8550
:100AA000138AA47FCD8EE190665388884179C24F26
:100AB000BE501152445153552D57EA738B5751591B
:100AC000625F845F756076616761A961B2633A6451
:100AD0006C656F664268136E66753D7AFB7C4C7D73
:100AE000997D4B7E6B7F0E834A83CD86088A638A0D
:100AF000668BFD8E1A988F9DB882CE8FE89B8752A9
:100B00001F628364C06F999641689150206B7A6C24
:100B1000546F747A507D4088238A0867F64E3950A6
:100B2000265065507C5138526352A7550F570558CF
:100B3000CC5AFA5EB261F861F36272631C69296A89
:100B40007D72AC722E7314786F78797D0C77A980E2
:100B50008B89198BE28CD28E639075937A96559817
:100B6000139A789E43519F53B3537B5E265F1B6E4F
:100B7000906E8473FE73437D3782008AFA8A5096A2
:100B80004E4E0B50E4537C54FA56D159645BF15DE0
:100B9000AB5E275F38624565AF67566ED072CA7C20
:100BA000B488A180E180F0834E86878AE88D3792F1
:100BB000C7966798139F944E924E0D4F48534954D1
:100BC0003E542F5A8C5FA15F9F60A7688E6A5A744B
:100BD00081789E8AA48A778B90915E4EC99BA44EA1
:100BE0007C4FAF4F1950165049516C519F52B9521A
:100BF000FE529A53E35311540E5489555157A2573C
:100C00007D59545B5D5B8F5BE55DE75DF75D785E0D
:100C1000835E9A5EB75E185F52604C619762D862DD
:100C2000A7633B6502664366F4666D672168976853
:100C3000CB695F6C2A6D696D2F6E9D6E32758776FC
:100C40006C783F7AE07C057D187D5E7DB17D1580F6
:100C50000380AF80B18054818F812A8252834C8877
:100C600061881B8BA28CFC8CCA90759171923F7825
:100C7000FC92A4954D9605989999D89A3B9D5B5204
:100C8000AB52F7530854D558F762E06F6A8C5F8F08
:100C9000B99E4B513B524A54FD56407A7791609D24
:100CA000D29E4473096F70811175FD5FDA60A89A56
:100CB000DB72BC8F646B0398CA4EF0566457BE5803
:100CC0005A5A6860C7610F6606663968B168F76D81
:100CD000D5753A7D6E82429B9B4E504FC953065547
:100CE0006F5DE65DEE5DFB67996C73740278508A08
:100CF0009693DF885057A75E2B63B550AC508D514B
:100D00000067C9545E58BB59B05B695F4D62A1630F
:100D10003D68736B086E7D70C79180721578267878
:100D20006D798E65307DDC83C188098F9B96645216
:100D3000285750676A7FA18CB45142572A963A5877
:100D40008A69B480B2540E5DFC579578FA9D5C4F69
:100D50004A528B543E6428661467F567847A567B42
:100D6000227D2F935C68AD9B397B19538A51375292
:100D7000DF5BF662AE64E6642D67BA6BA985D19637
:100D80009076D69B4C630693AB9BBF765266094E1A
:100D90009850C253715CE860926463655F68E67165
:100DA000CA732375977B827E9586838BDB8C7891C3
:100DB0001099AC65AB668B6BD54ED44E3A4F7F4FD6
:100DC0003A52F853F253E355DB56EB58CB59C95915
:100DD000FF59505B4D5C025E2B5ED75F1D60076361
:100DE0002F655C5BAF65BD65E8659D67626B7B6B7E
:100DF0000F6C45734979C179F87C197D2B7DA280F0
:100E00000281F38196895E8A698A668A8C8AEE8A73
:100E1000C78CDC8CCC96FC986F6B8B4E3C4F8D4F07
:100E20005051575BFA5B486101634266216BCB6EA0
:100E3000BB6C3E72BD74D475C1783A790C80338036
:100E4000EA8194849E8F506C7F9E0F5F588B2B9D00
:100E5000FA7AF88E8D5BEB96034EF153F7573159C2
:100E6000C95AA45B89607F6E066FBE75EA8C9F5B72
:100E70000085E07B7250F4679D82615C4A851E7E2E
:100E80000E829951045C6863668D9C656E713E7933
:100E9000177D05801D8BCA8E6E90C786AA901F5045
:100EA000FA523A5C53677C7035724C91C8912B931F
:100EB000E582C25B315FF9603B4ED653885B4B6283
:100EC00031678A6BE972E0732E7A6B81A38D529140
:100ED00096991251D7536A54FF5B8863396AAC7D87
:100EE0000097DA56CE536854975B315CDE5DEE4F67
:100EF0000161FE62326DC079CB79427D4D7ED27F39
:100F0000ED811F82908446887289908B748E2F8F1A
:100F100031904B916C91C6969C91C04E4F4F45516C
:100F20004153935F0E62D467416C0B6E6373267EF0
:100F3000CD918392D4531959BF5BD16D5D792E7ECB
:100F40009B7C7E589F71FA515388F08FCA4FFB5C8F
:100F50002566AC77E37A1C82FF99C651AA5FEC65DF
:100F60006F69896BF36D966E646FFE76147DE15D3B
:100F7000759087910698E6511D5240629166D96638
:100F80001A6EB65ED27D727FF866AF85F785F88AF5
:100F9000A952D95373598F5E905F5560E49264965D
:100FA000B7501F51DD5220534753EC53E854465578
:100FB000315517566859BE593C5AB55B065C0F5CF3
:100FC000115C1A5C845E8A5EE05E705F7F628462A0
:100FD000DB628C63776307660C662D6676667E67D8
:100FE000A2681F6A356ABC6C886D096E586E3C71C8
:100FF00026716771C77501775D7801796579F07938
:10100000E07A117BA77C397D9680D6838B844985D5
:101010005D88F3881F8A3C8A548A738A618CDE8CCF
:10102000A49166927E9318949C9698970A4E084EC7
:101030001E4E574E97517052CE573458CC58225BA3
:10104000385EC560FE6461675667446DB67273753D
:10105000637AB884728BB89120933156F457FE9816
:10106000ED620D69966BED71547E77807282E68930
:10107000DF985587B18F3B5C384FE14FB54F07552F
:10108000205ADD5BE95BC35F4E612F63B0654B6641
:10109000EE689B69786DF16D3375B9751F775E7970
:1010A000E679337DE381AF82AA85AA893A8AAB8E3D
:1010B0009B8F3290DD910797BA4EC14E03527558FF
:1010C000EC580B5C1A753D5C4E810A8AC58F63969D
:1010D0006D97257BCF8A08986291F356A853179095
:1010E00039548257255EA863346C8A7061778B7C93
:1010F000E07F708842905491109318938F965E749D
:10110000C49A075D695D7065A267A88DDB966E6302
:1011100049671969C5831798C096FE88846F7A64F9
:10112000F85B164E2C705D752F66C4513652E25234
:10113000D359815F276010623F6574651F667466CE
:10114000F2681668636B056E72721F75DB76BE7C83
:101150005680F058FD887F89A08A938ACB8A1D909B
:1011600092915297599789650E7A0681BB962D5EAA
:10117000DC601A62A56514669067F3774D7A4D7C42
:101180003E7E0A81AC8C648DE18D5F8EA97807521A
:10119000D962A563426498622D8A837AC07BAC8A47
:1011A000EA96767D0C824987D94E48514353605365
:1011B000A35B025C165CDD5D26624762B064136867
:1011C0003468C96C456D176DD3675C6F4E717D7166
:1011D000CB657F7AAD7BDA7D4A7EA87F7A811B82E0
:1011E0003982A6856E8ACE8CF58D78907790AD92F7
:1011F00091928395AE9B4D528455386F36716851EC
:101200008579557EB381CE7C4C565158A85CAA6333
:10121000FE66FD665A69D9728F758E750E7956799C
:10122000DF79977C207D447D0786348A3B966190E8
:10123000209FE7507552CC53E2530950AA55EE58FF
:101240004F593D728B5B645C1D53E360F3605C63DC
:1012500083633F63BB63CD64E965F966E35DCD6994
:10126000FD69156FE571894EE975F876937ADF7C33
:10127000CF7D9C7D6180498358836C84BC84FB85D1
:10128000C588708D01906D9097931C97129ACF50DE
:1012900097588E61D3813585088D2090C34F745047
:1012A000475273536F6049635F672C6EB38D1F9015
:1012B000D74F5E5CCA8CCF659A7D52539688765123
:1012C000C363585B6B5B0A5C0D6451675C90D64EE0
:1012D0001A592A59706C518A3E551558A559F06013
:1012E0005362C167358255694096C499289A534F15
:1012F0000658FE5B1080B15C2F5E855F20604B61FD
:101300003462FF66F06CDE6ECE807F81D4828B8883
:10131000B88C00902E908A96DB9EDB9BE34EF053B8
:1013200027592C7B8D914C98F99DDD6E2770535376
:101330004455855B58629E62D362A26CEF6F227443
:10134000178A3894C16FFE8A3883E751F886EA53CA
:10135000E953464F5490B08F6A593181FD5DEA7A66
:10136000BF8FDA68378CF872489C3D6AB08A394E74
:10137000585306566657C562A263E6654E6BE16D2B
:101380005B6EAD70ED77EF7AAA7BBB7D3D80C6804A
:10139000CB86958A5B93E356C7583E5FAD659666EC
:1013A000806AB56B3775C78A2450E57730571B5F65
:1013B00065607A66606CF4751A7A6E7FF4811887BE
:1013C0004590B399C97B5C75F97A517BC4841090C0
:1013D000E979927A3683E15A40772D4EF24E995B45
:1013E000E05FBD623C66F167E86C6B8677883B8A9C
:1013F0004E91F392D099176A26702A73E782578428
:10140000AF8C014E4651CB518B55F55B165E335E6A
:10141000815E145F355F6B5FB45FF2611163A2663A
:101420001D676E6F52723A753A7774803981788190
:101430007687BF8ADC8A858DF38D9A92779502989C
:10144000E59CC5525763F4761567886CCD73C38CE1
:10145000AE937396256D9C580E69CC69FD8F9A9357
:10146000DB751A905A580268B463FB69434F2C6FBE
:10147000D867BB8F2685B47D54933F69706F6A57D8
:10148000F7582C5B2C7D2A720A54E391B49DAD4E23
:101490004E4F5C50755043529E8C485424589A5B72
:1014A0001D5E955EAD5EF75E1F5F8C60B5623A6350
:1014B000D063AF68406C87788E790B7AE07D478285
:1014C000028AE68A448E1390B8902D91D8910E9F8F
:1014D000E56C5864E2647565F46E84761B7B6990F4
:1014E000D193BA6EF254B95FA4644D8FED8F4492DC
:1014F00078516B582959555C975EFB6D8F7E1C7532
:10150000BC8CE28E5B98B9701D4FBF6BB16F3075AC
:10151000FB964E51105435585758AC59605C925F49
:1015200097655C67216E7B76DF83ED8C1490FD9070
:101530004D9325783A78AA52A65E1F5774591260C7
:1015400012505A51AC51CD51005210555458585860
:101550005759955BF65C8B5DBC6095622D64716735
:101560004368BC68DF68D776D86D6F6E9B6D6F700F
:10157000C871535FD8757779497B547B527BD67C91
:10158000717D305263846985E4850E8A048B468CB4
:101590000F8E03900F90199476962D98309AD895C7
:1015A000CD50D5520C5402580E5CA7619E641E6D3E
:1015B000B377E57AF480048453908592E05C079DCC
:1015C0003F53975FB35F9C6D79726377BF79E47B1C
:1015D000D26BEC72AD8A0368616AF851817A346922
:1015E0004A5CF69CEB82C55B49911E7078566F5C35
:1015F000C76066658C6C5A8C419013985154C766CD
:101600000D924859A39085514D4EEA5199850E8B04
:1016100058707A634B936269B499047E7775575317
:101620006069DF8EE3965D6C8C4E3C5C105FE98FE9
:101630000253D18C89807986FF5EE565734E6551D2
:1016400082593F5CEE97FB4E8A59CD5F8D8AE16FE0
:10165000B0796279E75B71842B73B171745EF55F69
:101660007B639A64C371987C434EFC5E4B4EDC579F
:10167000A256A960C36F0D7DFD803381BF81B28FFB
:101680009789A486F45D8A62AD6487897767E26C86
:101690003E6D36743478465A757FAD82AC99F34FFF
:1016A000C35EDD62926357656F67C3764C72CC8010
:1016B000BA80298F4D910D50F957925A85687369F8
:1016C0006471FD72B78CF258E08C6A9619907F872E
:1016D000E479E77729842F4F65525A53CD62CF675B
:1016E000CA6C7D76947B957C36828485EB8FDD6633
:1016F000206F06721B7EAB83C199A69EFD51B17B04
:101700007278B87B8780487BE86A615E8C8051750F
:1017100060756B5162928C6E7A769791EA9A104F4F
:10172000707F9C624F7BA595E99C7A565958E48658
:10173000BC96344F24524A53CD53DB53065E2C647F
:1017400091657F673E6C4E6C4872AF72ED73547555
:10175000417E2C82E985A98CC47BC691697112985F
:10176000EF983D6369666A75E476D0784385EE86C6
:101770002A53515326548359875E7C5FB260496275
:101780007962AB629065D46BCC6CB275AE769178B1
:10179000D879CB7D777FA580AB88B98ABB8C7F90C9
:1017A0005E97DB980B6A387C99503E5CAE5F87672A
:1017B000D86B357409778E7F3B9FCA67177A395388
:1017C0008B75ED9A665F9D81F18398803C5FC55F64
:1017D0006275467B3C906768EB599B5A107D7E761C
:1017E0002C8BF54F6A5F196A376C026FE274687967
:1017F0006888558A798CDF5ECF63C575D279D782C8
:101800002893F2929C84ED862D9CC1546C5F8C656C
:101810005C6D1570A78CD38C3B984F65F6740D4E9C
:10182000D84EE0572B59665ACC5BA851035E9C5E9C
:10183000166076627765A7656E666E6D3672267B7A
:1018400050819A8199825C8BA08CE68C748D1C9659
:101850004496AE4FAB64666B1E8261846A85E890E5
:10186000015C5369A8987A8457850F4F6F52A95F1E
:10187000455E0D678F79798107898689F56D175FD8
:101880005562B86CCF4E6972929B06523B547456A7
:10189000B358A4616E621A716E59897CDE7C1B7D1F
:1018A000F09687655E80194E754F75514058635E9E
:1018B000735E0A5FC467264E3D8589955B96737C8F
:1018C0000198FB50C1585676A7782552A577118507
:1018D000867B4F5009594772C77BE87DBA8FD48FFA
:1018E0004D90BF4FC952295A015FAD97DD4F178206
:1018F000EA9203575563696B2B75DC88148F427A23
:10190000DF52935855610A62AE66CD6B3F7CE98326
:101910002350F84F05534654315849599D5BF05CAC
:10192000EF5C295D965EB16267633E65B9650B67E2
:10193000D56CE16CF97032782B7EDE80B3820C843A
:10194000EC84028712892A8A4A8CA690D292FD984A
:10195000F39C6C9D4F4EA14E8D5056524A57A8593C
:101960003D5ED85FD95F3F62B4661B67D067D268BF
:101970009251217DAA80A881008B8C8CBF8C7E9295
:10198000329620542C981753D5505C53A858B26403
:10199000346767726677467AE691C352A16C866BAC
:1019A00000584C5E54592C67FB7FE151C676696440
:1019B000E878549BBB9ECB57B95927669A67CE6B84
:1019C000E954D969555E9C819567AA9BFE67529C34
:1019D0005D68A64EE34FC853B9622B67AB6CC48FEA
:1019E000AD4F6D7EBF9E074E6261806E2B6F13857B
:1019F00073542A67459BF35D957BAC5CC65B1C8783
:101A00004A6ED184147A088199598D7C116C2077A3
:101A1000D952225921715F72DB772797619D0B693B
:101A20007F5A185AA5510D547D540E66DF76F78FF4
:101A30009892F49CEA595D72C56E4D51C968BF7D9C
:101A4000EC7D6297BA9E7864216A028384595F5B59
:101A5000DB6B1B73F276B27D178099843251286755
:101A6000D99EEE766267FF520599245C3B627E7CCC
:101A7000B08C4F55B6600B7D809501535F4EB651CB
:101A80001C593A723680CE91255FE2778453795F94
:101A9000047DAC85338A8D8E5697F367AE8553945B
:101AA00009610861B96C5276ED8A388F2F55514F14
:101AB0002A51C752CB53A55B7D5EA0608261D6637D
:101AC0000967DA67676E8C6D3673377331755079D5
:101AD000D588988A4A909190F590C4968D8715592B
:101AE000884E594F0E4E898A3F8F1098AD507C5EBC
:101AF0009659B95BB85EDA63FA63C164DC664A6919
:101B0000D8690B6DB66E94712875AF7A8A7F0080A4
:101B10004984C9848189218B0A8E65907D960A99B2
:101B20007E619162326B836C746DCC7FFC7FC06D83
:101B3000857FBA87F8886567B1833C98F7961B6DF7
:101B4000617D3D846A91714E7553505D046BEB6FFE
:101B5000CD852D86A78929520F54655C4E67A868EC
:101B600006748374E275CF88E188CC91E29678960A
:101B70008B5F8773CB7A4E84A06365758952416D04
:101B80009C6E097459756B78927C8696DC7A8D9F71
:101B9000B64F6E61C5655C86864EAE4EDA50214EFC
:101BA000CC51EE5B99658168BC6D1F734276AD7751
:101BB0001C7AE77C6F82D28A7C90CF9175961898B8
:101BC0009B52D17D2B5098539767CB6DD071337456
:101BD000E8812A8FA396579C9F9E60744158996D07
:101BE0002F7D5E98E44E364F8B4FB751B152BA5DA0
:101BF0001C60B2733C79D3823492B796F6960A97FA
:101C0000979E629FA666746B1752A352C870C288D3
:101C1000C95E4B609061236F49713E7CF47D6F809B
:101C2000EE8423902C9342546F9BD36A8970C28CAC
:101C3000EF8D3297B452415ACA5E045F17677C69D0
:101C400094696A6D0F6F6272FC72ED7B01807E8019
:101C50004B87CE906D51939E84798B803293D68A38
:101C60002D508C54718A6A6BC48C0781D160A06737
:101C7000F29D994E984E109C6B8AC18568850069CB
:101C80007E6E977855810000002502250C251025D1
:101C9000182514251C252C25242534253C25012513
:101CA00003250F2513251B251725232533252B2534
:101CB0003B254B2520252F25282537253F251D256C
:101CC000302525253825422510041104120413045B
:101CD00014041504010416041704180419041A0442
:101CE0001B041C041D041E041F04200421042204E0
:101CF00023042404250426042704280429042A0490
:101D00002B042C042D042E042F04000000000000DE
:101D100000000000000000000000000000000000C3
:101D200000000000000000003004310432043304DD
:101D300034043504510436043704380439043A04B1
:101D40003B043C043D043E043F044004410442047F
:101D500043044404450446044704480449044A042F
:101D60004B044C044D044E044F04000091039203B5
:101D700093039403950396039703980399039A0397
:101D80009B039C039D039E039F03A003A103A30346
:101D9000A403A503A603A703A803A903000000004A
:101DA000000000000000000000000000B103B203CA
:101DB000B303B403B503B603B703B803B903BA0357
:101DC000BB03BC03BD03BE03BF03C003C103C30306
:101DD000C403C503C603C703C803C903000000004A
:101DE00000000000000000000000000101010101EE
:101DF00001010101010000000000000001010101DA
:101E000001010101010101010101010101010101C2
:101E100001010101010100000000000000010101B9
:101E200001010101010101010101010101010101A2
:101E30000101010101010100C625A125A025B3254D
:101E4000B225BD25BC253B20123092219021912145
:101E5000932113300000000000000000000000008B
:101E60000000000000000000000008220B22862273
:101E70008722822283222A222922000000000000D9
:101E80000000000000000000000027222822AC0013
:101E9000D221D421002203222922000000000000C8
:101EA00000000000000000000000000000002022F0
:101EB000A522122302220722612252226A226B22C9
:101EC0001A223D221D2235222B222C220000000046
:101ED000000000000000000000002B2130206F26D1
:101EE0006D266A2620202120B6002C22000000004A
:101EF0000000EF250030013002300CFF0EFFFB30F8
:101F00001AFF1BFF1FFF01FF9B309C30B40040FFF6
:101F1000A8003EFF3E203FFFFD30FE309D309E304A
:101F20000330DD4E053006300730FC301420102021
:101F30000FFF3CFF1C3016205CFF262025201820B8
:101F400019201C201D2008FF09FF143015303BFF0D
:101F50003DFF5BFF5DFF083009300A300B300C306D
:101F60000D300E300F30103011300BFF1222B10047
:101F7000D700F7001DFF60221CFF1EFF66226722AC
:101F80001E22342242264026B00032203320032174
:101F9000A50004FFA200A30005FF03FF06FF0AFF40
:101FA00020FFA70006260526CB25CF25CE25C72551
:101FB000000000001F001C20000000001421000091
:101FC000020016240000000014250000020015285D
:101FD00000000000112900000000142A0000000089
:101FE000182B00000000142C00000000102D000031
:101FF0000000142E000001000C3000000900143A0B
:1020000000000100183C00000200143F0000010025
:10201000034100001900155B00000000145C000083
:102020000000115D00000000175E000000000F5F5F
:1020300000000000176000000000036100001900AC
:10204000157B00000000187C00000000117D0000DE
:102050000000187E00000000007F000020001CA08F
:102060000000000014A10000000016A20000030000
:1020700019A60000000014A70000000017A8000027
:10208000000019A90000000006AA0000000013AB20
:102090000000000018AC0000000001AD00000000CE
:1020A00019AE0000000017AF0000000019B00000DA
:1020B000000018B1000000000EB20000010017B4CB
:1020C0000000000003B50000000014B6000001008D
:1020D00017B8000000000EB90000000006BA0000AA
:1020E000000012BB000000000EBC0000020014BF84
:1020F0000000000003C00000160018D70000000018
:1021000003D80000060004DF0000000003E0000028
:10211000160018F70000000003F800003F00043824
:1021200001000000033901000F0004490100000014
:10213000034A01004200048D01000000038E0100EB
:102140000C00049B01000000039C01000D0004AA88
:102150000100010003AC01000D0004BA0100000001
:1021600006BB0100000003BC0100010004BE010029
:10217000000003BF0100000006C00100030003C40B
:102180000100000007C50100000003C601000100B6
:1021900007C80100000003C90100010007CB0100CE
:1021A000000003CC0100230004F00100000003F153
:1021B0000100000007F20100000003F301002D0000
:1021C0000421020000000322020011000434020076
:1021D0000500033A02001A000455020000000356ED
:1021E0000200010004580200000003590200000030
:1021F000045A02000000035B02000100045D0200BB
:102200000200036002000100046202000000036398
:1022100002000000046402000000036502000100E7
:10222000046702000000036802000400046D02005D
:102230000100036F0200000004700200000003713F
:102240000200010004730200010003750200000097
:10225000047602000600037D02000000047E0200F6
:1022600001000380020000000481020000000382DC
:10227000020001000484020002000387020005003E
:10228000048D020004000392020000000493020087
:102290000000069402000000049502000700039D60
:1022A00002000100049F0200100005B002001100AE
:1022B00017C20200030005C602000B0017D202007D
:1022C0000D0005E00200040017E50200060005EC21
:1022D0000200000017ED0200000005EE0200000001
:1022E00017EF020010000B0003006F0003700300E3
:1022F0000300057403000000177503000000037657
:1023000003000100057A03000000037B03000200C4
:10231000147E03000000037F030000001784030005
:1023200001000386030000001487030000000388F7
:1023300003000200038C03000000038E0300010071
:1023400004900300000003910300100003A30300A6
:102350000C0004B00300000003B10300200008D209
:102360000300020003D50300200018F6030000005C
:1023700003F70300040004FC0300000003FD030056
:1023800084001982040000000B83040004000A8802
:1023900004000100038A0400A500033105002500A4
:1023A000055905000000145A0500050004600500E9
:1023B0000000036105002500048705000100148961
:1023C00005000000108A05000000198D05000100BD
:1023D000168F050000000B9105002C0010BE0500B3
:1023E00000000BBF0500000014C0050000000BC179
:1023F0000500010014C3050000000BC40500010026
:1024000014C6050000000BC70500000006D005003B
:102410001A0006EF0500030014F305000100010097
:102420000600050018060600020014090600010057
:10243000160B06000000140C06000100190E060021
:1024400001000B1006000A00141B06000000011C0E
:1024500006000000141D06000200062006001F00F2
:102460000540060000000641060009000B4B06006F
:1024700014000C6006000900146A06000300066ED2
:10248000060001000B7006000000067106006200E5
:1024900014D40600000006D5060000000BD6060086
:1024A000060001DD0600000019DE060000000BDF5B
:1024B0000600050005E5060001000BE70600010027
:1024C00019E9060000000BEA0600030006EE06000C
:1024D00001000CF00600090006FA0600020019FDD2
:1024E0000600010006FF06000000140007000D00B2
:1024F000010F070000000610070000000B11070085
:102500000000061207001D000B3007001A00064DE0
:10251000070058000BA607000A0006B107000000DC
:102520000CC00700090006CA070020000BEB0700DB
:10253000080005F40700010019F60700000014F771
:102540000700020005FA070000000BFD070000006D
:1025500016FE070001000600080015000B16080013
:102560000300051A080000000B1B080008000524E2
:10257000080000000B2508000200052808000000E4
:102580000B2908000400143008000E000640080063
:1025900018000B5908000200145E080000000660D5
:1025A00008000A00067008001700178808000000DD
:1025B0000689080005000190080001000B9808003A
:1025C000070006A00800280005C9080000000BCA83
:1025D0000800170001E2080000000BE308001F00DC
:1025E0000903090000000604090035000B3A090040
:1025F0000000093B090000000B3C09000000063DFB
:1026000009000000093E090002000B410900070013
:102610000949090003000B4D09000000094E09009B
:1026200001000650090000000B5109000600065881
:10263000090009000B62090001001464090001008F
:102640000C660900090014700900000005710900FA
:102650000000067209000E000B81090000000982CB
:1026600009000100068509000700068F0900010026
:1026700006930900150006AA0900060006B2090023
:10268000000006B6090003000BBC0900000006BDEF
:102690000900000009BE090002000BC10900030087
:1026A00009C70900010009CB090001000BCD090091
:1026B000000006CE0900000009D70900000006DC72
:1026C0000900010006DF090002000BE20900010019
:1026D0000CE60900090006F00900010016F20900E5
:1026E00001000EF40900050019FA0900000016FBAC
:1026F0000900000006FC0900000014FD09000000AC
:102700000BFE090000000B010A00010009030A008A
:10271000000006050A000500060F0A000100061366
:102720000A001500062A0A00060006320A00010007
:1027300006350A00010006380A0001000B3C0A00B9
:102740000000093E0A0002000B410A0001000B478D
:102750000A0001000B4B0A0002000B510A000000A6
:1027600006590A000300065E0A0000000C660A0013
:1027700009000B700A00010006720A0002000B75C6
:102780000A00000014760A0000000B810A00010014
:1027900009830A00000006850A000800068F0A0067
:1027A000020006930A00150006AA0A00060006B2F7
:1027B0000A00010006B50A0004000BBC0A00000074
:1027C00006BD0A00000009BE0A0002000BC10A0093
:1027D00004000BC70A00010009C90A00000009CB68
:1027E0000A0001000BCD0A00000006D00A0000001C
:1027F00006E00A0001000BE20A0001000CE60A00F4
:10280000090014F00A00000016F10A00000006F9A1
:102810000A0000000BFA0A0005000B010B00000083
:1028200009020B00010006050B000700060F0B0054
:10283000010006130B001500062A0B0006000632E5
:102840000B00010006350B0004000B3C0B000000E0
:10285000063D0B000000093E0B0000000B3F0B0083
:10286000000009400B0000000B410B00030009476A
:102870000B000100094B0B0001000B4D0B00000089
:102880000B550B00010009570B000000065C0B0004
:102890000100065F0B0002000B620B0001000C66DA
:1028A0000B00090019700B00000006710B000000FE
:1028B0000E720B0005000B820B00000006830B005C
:1028C000000006850B000500068E0B000200069234
:1028D0000B00030006990B000100069C0B00000092
:1028E000069E0B00010006A30B00010006A80B00CA
:1028F000020006AE0B000B0009BE0B0001000BC06E
:102900000B00000009C10B00010009C60B0002000A
:1029100009CA0B0002000BCD0B00000006D00B0013
:10292000000009D70B0000000CE60B0009000EF0B8
:102930000B00020019F30B00050016F90B00000054
:1029400019FA0B0000000B000C00000009010C003C
:1029500002000B040C00000006050C000700060E28
:102960000C00020006120C001600062A0C000F00D4
:102970000B3C0C000000063D0C0000000B3E0C0060
:10298000020009410C0003000B460C0002000B4A38
:102990000C0003000B550C00010006580C0002004F
:1029A000065D0C00000006600C0001000B620C00CC
:1029B00001000C660C00090014770C0000000E7872
:1029C0000C000600197F0C00000006800C000000BF
:1029D0000B810C00000009820C00010014840C0023
:1029E000000006850C000700068E0C00020006920F
:1029F0000C00160006AA0C00090006B50C00040025
:102A00000BBC0C00000006BD0C00000009BE0C0051
:102A100000000BBF0C00000009C00C0004000BC636
:102A20000C00000009C70C00010009CA0C000100DD
:102A30000BCC0C00010009D50C00010006DD0C00D8
:102A4000010006E00C0001000BE20C0001000CE6A6
:102A50000C00090006F10C00010009F30C00000055
:102A60000B000D00010009020D00010006040D001D
:102A70000800060E0D00020006120D0028000B3B98
:102A80000D000100063D0D000000093E0D00020092
:102A90000B410D00030009460D000200094A0D001C
:102AA00002000B4D0D000000064E0D000000194FF6
:102AB0000D00000006540D00020009570D00000033
:102AC0000E580D000600065F0D0002000B620D009F
:102AD00001000C660D0009000E700D000800197948
:102AE0000D000000067A0D0005000B810D000000AE
:102AF00009820D00010006850D001100069A0D00E7
:102B0000170006B30D00080006BD0D00000006C04A
:102B10000D0006000BCA0D00000009CF0D000200D9
:102B20000BD20D0002000BD60D00000009D80D00DD
:102B300007000CE60D00090009F20D00010014F475
:102B40000D00000006010E002F000B310E000000EA
:102B500006320E0001000B340E000600163F0E0078
:102B6000000006400E00050005460E0000000B4761
:102B70000E000700144F0E0000000C500E0009005C
:102B8000145A0E00010006810E00010006840E009A
:102B9000000006860E000400068C0E00170006A535
:102BA0000E00000006A70E0009000BB10E00000089
:102BB00006B20E0001000BB40E00080006BD0E00A8
:102BC000000006C00E00040005C60E0000000BC881
:102BD0000E0006000CD00E00090006DC0E000300FB
:102BE00006000F00000019010F00020014040F007E
:102BF0000E0019130F00000014140F000000191527
:102C00000F0002000B180F000100191A0F00050039
:102C10000C200F0009000E2A0F00090019340F00C4
:102C200000000B350F00000019360F0000000B37B5
:102C30000F00000019380F0000000B390F000000D2
:102C4000153A0F000000113B0F000000153C0F006B
:102C50000000113D0F000000093E0F00010006407A
:102C60000F00070006490F0023000B710F000D0035
:102C7000097F0F0000000B800F00040014850F0077
:102C800000000B860F00010006880F0004000B8D6A
:102C90000F000A000B990F00230019BE0F00070058
:102CA0000BC60F00000019C70F00050019CE0F005A
:102CB000010014D00F00040019D50F00030014D92F
:102CC0000F000100060010002A00092B100001006F
:102CD0000B2D100003000931100000000B32100012
:102CE00005000938100000000B3910000100093BF5
:102CF000100001000B3D10000100063F1000000015
:102D00000C4010000900144A100005000650100085
:102D100005000956100001000B5810000100065A6A
:102D2000100003000B5E100002000661100000009E
:102D3000096210000200066510000100096710001A
:102D40000600066E100002000B71100003000675ED
:102D500010000C000B82100000000983100001001D
:102D60000B85100001000987100005000B8D100075
:102D70000000068E10000000098F100000000C906B
:102D800010000900099A100002000B9D10000000BD
:102D9000199E1000010003A01000250003C71000B9
:102DA000000003CD1000000003D010002A0014FB27
:102DB0001000000005FC1000000003FD10000200E0
:102DC000060011004801064A1200030006501200D6
:102DD0000600065812000000065A120003000660A2
:102DE00012002800068A120003000690120020003C
:102DF00006B21200030006B81200060006C0120058
:102E0000000006C21200030006C812000E0006D819
:102E100012003800061213000300061813004200C7
:102E20000B5D130002001460130008000E6913000C
:102E30001300068013000F0019901300090003A06F
:102E40001300550003F813000500100014000000E3
:102E5000060114006B02196D16000000146E1600B6
:102E60000000066F160010001C801600000006818E
:102E700016001900159B16000000119C160000009A
:102E800006A016004A0014EB160002000DEE160014
:102E9000020006F1160007000600170011000B12D1
:102EA00017000200091517000000061F1700120086
:102EB0000B32170001000934170000001435170009
:102EC00001000640170011000B52170001000660B8
:102ED00017000C00066E170002000B7217000100AD
:102EE0000680170033000BB41700010009B6170065
:102EF00000000BB71700060009BE170007000BC63D
:102F00001700000009C7170001000BC917000A00CD
:102F100014D41700020005D71700000014D81700BA
:102F2000020016DB1700000006DC170000000BDDB6
:102F3000170000000CE0170009000EF01700090050
:102F400014001800050010061800000014071800EF
:102F500003000B0B18000200010E180000000B0FFD
:102F6000180000000C1018000900062018002200AC
:102F700005431800000006441800340006801800BD
:102F800004000B85180001000687180021000BA91A
:102F90001800000006AA1800000006B0180045003E
:102FA000060019001E000B20190002000923190059
:102FB00003000B271900010009291900020009303C
:102FC000190001000B321900000009331900050037
:102FD0000B391900020019401900000014441900AF
:102FE00001000C4619000900065019001D0006706A
:102FF00019000400068019002B0006B01900190002
:103000000CD0190009000EDA1900000019DE1900B1
:10301000210006001A0016000B171A0001000919FA
:103020001A0001000B1B1A000000141E1A000100F8
:1030300006201A00340009551A0000000B561A0029
:10304000000009571A0000000B581A0006000B6018
:103050001A00000009611A0000000B621A0000004B
:1030600009631A0001000B651A000700096D1A00B8
:1030700005000B731A0009000B7F1A0000000C807A
:103080001A0009000C901A00090014A01A0006008A
:1030900005A71A00000014A81A0005000BB01A00BA
:1030A0000D000ABE1A0000000BBF1A000F000B0033
:1030B0001B00030009041B00000006051B002E0076
:1030C0000B341B00000009351B0000000B361B00F1
:1030D0000400093B1B0000000B3C1B000000093DE5
:1030E0001B0004000B421B00000009431B000100F1
:1030F00006451B0007000C501B000900145A1B005A
:10310000060019611B0009000B6B1B0008001974F5
:103110001B000800147D1B0001000B801B00010038
:1031200009821B00000006831B001D0009A11B0073
:1031300000000BA21B00030009A61B0001000BA846
:103140001B00010009AA1B0000000BAB1B000200C2
:1031500006AE1B0001000CB01B00090006BA1B00E4
:103160002B000BE61B00000009E71B0000000BE82A
:103170001B00010009EA1B0002000BED1B00000010
:1031800009EE1B0000000BEF1B00020009F21B0000
:10319000010014FC1B00030006001C00230009248E
:1031A0001C0007000B2C1C00070009341C00010048
:1031B0000B361C000100143B1C0004000C401C00DA
:1031C0000900064D1C0002000C501C000900065AA4
:1031D0001C001D0005781C000500147E1C00010069
:1031E00003801C00080003901C002A0003BD1C0083
:1031F000020014C01C0007000BD01C00020014D3F6
:103200001C0000000BD41C000C0009E11C00000095
:103210000BE21C00060006E91C0003000BED1C007D
:10322000000006EE1C0005000BF41C00000006F573
:103230001C00010009F71C0000000BF81C00010035
:1032400006FA1C00000004001D002B00052C1D00C8
:103250003E00046B1D000C0005781D000000037982
:103260001D000000047A1D000200037D1D00000007
:10327000047E1D000F00038E1D000000048F1D0042
:103280000B00059B1D0024000BC01D003F00030028
:103290001E00950004961E000400039B1E00000003
:1032A000049C1E000100039E1E000000049F1E00DF
:1032B000000003A01E00750003181F000500032076
:1032C0001F00250003481F00050004501F000000D8
:1032D00003511F00000004521F00000003531F0091
:1032E000000004541F00000003551F000000045696
:1032F0001F00000003571F00000003591F000000BB
:10330000035B1F000000035D1F000000035F1F0040
:103310001E0003801F00070007881F00070003909E
:103320001F00070007981F00070003A01F000700E9
:1033300007A81F00070003B01F00010004B21F0010
:10334000000003B31F00000004B41F00000004B617
:103350001F00010003B81F00030007BC1F0000008E
:1033600017BD1F00000003BE1F00000017BF1F0095
:10337000020004C21F00000003C31F00000004C4B9
:103380001F00000004C61F00010003C81F00030047
:1033900007CC1F00000017CD1F00020003D01F0044
:1033A000010004D21F00010004D61F00010003D851
:1033B0001F00030017DD1F00020003E01F000100D3
:1033C00004E21F00020003E51F00000004E61F00E6
:1033D000010003E81F00040017ED1F00020004F2C3
:1033E0001F00000003F31F00000004F41F00000092
:1033F00004F61F00010003F81F00030007FC1F0074
:10340000000017FD1F0001001C0020000A00010B36
:1034100020000400101020000500141620000100F8
:10342000131820000000121920000000151A2000B7
:103430000000131B20000100121D20000000151EBB
:1034400020000000131F20000000142020000700AF
:103450001A28200000001B2920000000012A20005B
:1034600004001C2F20000000143020000800133935
:1034700020000000123A20000000143B200003004E
:103480000F3F2000010014412000020018442000DA
:1034900000001545200000001146200000001447E0
:1034A00020000A00185220000000145320000000E1
:1034B0000F54200000001455200009001C5F20005C
:1034C00000000160200004000166200009000E7069
:1034D000200000000571200000000E74200005008F
:1034E000187A20000200157D20000000117E2000C7
:1034F0000000057F200000000E8020000900188ACF
:1035000020000200158D20000000118E2000000018
:10351000059020000C0016A0200020000BD02000F9
:103520000C000ADD200003000BE1200000000AE28D
:10353000200002000BE520000B0019002100010013
:1035400008022100000019032100030008072100E0
:103550000000190821000100040A21000000080BE6
:1035600021000200040E21000100081021000200C9
:103570000413210000001914210000000815210087
:103580000000191621000100181821000000081978
:1035900021000400191E210005000824210000005C
:1035A0001925210000000326210000001927210011
:1035B0000000082821000000192921000000032A2A
:1035C00021000100082C21000100192E210000001B
:1035D000042F2100000008302100010003322100E7
:1035E00000000833210000000434210000000635EB
:1035F00021000300043921000000193A21000100D4
:10360000043C21000100083E210001001840210077
:103610000400084521000000044621000300194A67
:1036200021000000184B21000000194C210001006E
:10363000034E21000000194F210000000E50210010
:103640000F000D60210022000383210001000D8581
:10365000210003000E8921000000198A21000100C9
:10366000189021000400199521000400189A2100E7
:103670000100199C2100030018A02100000019A1DD
:103680002100010018A32100000019A4210001005D
:1036900018A62100000019A72100060018AE21007D
:1036A000000019AF21001E0018CE2100010019D022
:1036B0002100010018D22100000019D321000000D0
:1036C00018D42100000019D521001E0018F4210093
:1036D0000B01190023000700150823000000110941
:1036E00023000000150A23000000110B2300000036
:1036F000190C2300130018202300010019222300B5
:103700000600152923000000112A23000000192BB0
:1037100023005000187C23000000197D23001D00A9
:10372000189B2300180019B42300270018DC23007D
:10373000050019E223004400194024000A000E602D
:1037400024003B00199C24004D000EEA24001500C3
:1037500019002500B60018B72500000019B825008B
:10376000080018C12500000019C22500350018F80E
:1037700025000700190026006E00186F26000000C3
:1037800019702600F700156827000000116927004E
:103790000000156A27000000116B27000000156C5F
:1037A00027000000116D27000000156E27000000A3
:1037B000116F27000000157027000000117127000D
:1037C0000000157227000000117327000000157417
:1037D000270000001175270000000E7627001D004D
:1037E000199427002B0018C02700040015C52700D6
:1037F000000011C62700000018C727001E0015E6AC
:103800002700000011E72700000015E8270000004E
:1038100011E92700000015EA2700000011EB27003E
:10382000000015EC2700000011ED2700000015EE48
:103830002700000011EF2700000018F027000F00FC
:1038400019002800FF0018002900820015832900B4
:103850000000118429000000158529000000118650
:1038600029000000158729000000118829000000A8
:10387000158929000000118A29000000158B2900F4
:103880000000118C29000000158D29000000118E08
:1038900029000000158F2900000011902900000068
:1038A00015912900000011922900000015932900AC
:1038B00000001194290000001595290000001196C0
:1038C0002900000015972900000011982900000028
:1038D000189929003E0015D82900000011D92900A7
:1038E000000015DA2900000011DB2900000018DCB7
:1038F00029001F0015FC2900000011FD290000000F
:1039000018FE2900010119002B002F0018302B0090
:10391000140019452B00010018472B000500194D14
:103920002B00260019762B001F0019972B0068002A
:1039300003002C00700004712C00000003722C00A6
:10394000010004742C00000003752C0001000477B2
:103950002C000400057C2C000100037E2C00650077
:1039600004E42C00000019E52C00050003EB2C00FA
:1039700003000BEF2C00020003F22C00010014F9ED
:103980002C0003000EFD2C00000014FE2C00010092
:1039900003002D00250003272D000000032D2D001E
:1039A000000006302D003700056F2D000000147058
:1039B0002D0000000B7F2D00000006802D0016005A
:1039C00006A02D00060006A82D00060006B02D005A
:1039D000060006B82D00060006C02D00060006C829
:1039E0002D00060006D02D00060006D82D0006008A
:1039F0000BE02D001F0014002E00010013022E000A
:103A0000000012032E00000013042E000000120517
:103A10002E00000014062E00020013092E000000E4
:103A2000120A2E000000140B2E000000130C2E00B2
:103A30000000120D2E000000140E2E0008001017BA
:103A40002E00000014182E000100101A2E00000095
:103A5000141B2E000000131C2E000000121D2E004F
:103A60000000141E2E00010013202E000000122161
:103A70002E00000015222E00000011232E00000051
:103A800015242E00000011252E00000015262E0002
:103A9000000011272E00000015282E00000011291B
:103AA0002E000000142A2E000400052F2E00000016
:103AB00014302E000900103A2E000100143C2E0094
:103AC000030010402E00000014412E00000015429B
:103AD0002E00000014432E000C0019502E0001008F
:103AE00014522E00020015552E00000011562E0013
:103AF000000015572E00000011582E000000155927
:103B00002E000000115A2E000000155B2E00000050
:103B1000115C2E000000105D2E00000019802E00A8
:103B20001900199B2E00580019002F00D50019F01C
:103B30002F000B001C0030000000140130000200B8
:103B400019043000000005053000000006063000B2
:103B500000000D07300000001508300000001109BA
:103B600030000000150A30000000110B300000008A
:103B7000150C30000000110D30000000150E300053
:103B80000000110F3000000015103000000011116E
:103B90003000000019123000010015143000000040
:103BA000111530000000151630000000111730000C
:103BB0000000151830000000111930000000151A1F
:103BC00030000000111B30000000101C300000000D
:103BD000151D30000000111E3000010019203000BA
:103BE00000000D21300008000B2A30000300092ED0
:103BF00030000100103030000000053130000400BA
:103C00001936300001000D3830000200053B30004D
:103C10000000063C30000000143D30000000193E5A
:103C2000300001000641300055000B9930000100C2
:103C3000179B30000100059D30000100069F3000F9
:103C4000000010A03000000006A13000590014FB55
:103C50003000000005FC3000020006FF30000000CC
:103C6000060531002A00063131005D00199031004F
:103C700001000E923100030019963100090006A0E0
:103C800031001F0019C03100230006F031000F0081
:103C9000190032001E000E2032000900192A3200DD
:103CA0001D000E48320007001950320000000E516E
:103CB00032000E00196032001F000E803200090031
:103CC000198A320026000EB132000E0019C03200EF
:103CD0003F0106003400BF1919C04D003F00060027
:103CE0004E0014520515A00000000616A000760430
:103CF0001990A400360006D0A400270005F8A400FF
:103D0000050014FEA40001000600A5000B01050C2F
:103D1000A6000000140DA60002000610A6000F0069
:103D20000C20A6000900062AA60001000340A600F8
:103D30002D00066EA60000000B6FA60000000A70A2
:103D4000A60002001473A60000000B74A600090070
:103D5000147EA6000000057FA60000000380A600D8
:103D60001B00059CA60001000B9EA600010006A0FA
:103D7000A60045000DE6A60009000BF0A600010014
:103D800014F2A60005001700A70016000517A700EB
:103D900008001720A70001000322A7000D0004302F
:103DA000A70001000332A7003D000570A700000036
:103DB0000471A70007000379A7000E000588A7007B
:103DC00000001789A7000100038BA7000200048EE2
:103DD000A7000000068FA70000000390A7000400C2
:103DE0000495A70000000396A700180004AFA700E1
:103DF000000003B0A7001A0003D0A700010004D3FD
:103E0000A700000004D5A700000003D6A700030008
:103E100005F2A700020003F5A700010006F7A700BE
:103E2000000005F8A700010004FAA700000006FB47
:103E3000A70006000B02A80000000603A80002006D
:103E40000B06A80000000607A80003000B0BA80043
:103E50000000060CA80016000923A80001000B258D
:103E6000A80001000927A80000001928A8000300E5
:103E70000B2CA80000000E30A80005001936A80081
:103E800001001638A80000001939A80000000640FB
:103E9000A80033001474A80003000980A8000100E2
:103EA0000682A800310009B4A8000F000BC4A800C6
:103EB000010014CEA80001000CD0A80009000BE0FE
:103EC000A800110006F2A800050014F8A8000200DE
:103ED00006FBA800000014FCA800000006FDA800D6
:103EE00001000BFFA80000000C00A9000900060A51
:103EF000A9001B000B26A9000700142EA900010031
:103F00000630A90016000B47A9000A000952A900B3
:103F10000100145FA90000000660A9001C000B80CE
:103F2000A90002000983A90000000684A9002E0050
:103F30000BB3A900000009B4A90001000BB6A90049
:103F4000030009BAA90001000BBCA900010009BEC9
:103F5000A900020014C1A9000C0005CFA9000000AF
:103F60000CD0A900090014DEA900010006E0A90098
:103F700004000BE5A900000005E6A900000006E723
:103F8000A90008000CF0A900090006FAA900040025
:103F90000600AA0028000B29AA000500092FAA0084
:103FA00001000B31AA0001000933AA0001000B3502
:103FB000AA0001000640AA0002000B43AA0000006C
:103FC0000644AA0007000B4CAA000000094DAA00F5
:103FD00000000C50AA000900145CAA00030006604F
:103FE000AA000F000570AA0000000671AA000500D3
:103FF0001977AA000200067AAA000000097BAA002D
:1040000000000B7CAA000000097DAA000000067ECB
:10401000AA0031000BB0AA00000006B1AA000000FF
:104020000BB2AA00020006B5AA0001000BB7AA0055
:10403000010006B9AA0004000BBEAA00010006C0D8
:10404000AA0000000BC1AA00000006C2AA000000DE
:1040500006DBAA00010005DDAA00000014DEAA00AC
:10406000010006E0AA000A0009EBAA0000000BEC20
:10407000AA00010009EEAA00010014F0AA00010044
:1040800006F2AA00000005F3AA00010009F5AA0043
:1040900000000BF6AA0000000601AB0005000609AF
:1040A000AB0005000611AB0005000620AB000600C2
:1040B0000628AB0006000430AB0022000353AB001F
:1040C00000000454AB000600175BAB000000055C69
:1040D000AB0003000460AB0008000569AB00000002
:1040E000176AAB0001000370AB004F0006C0AB00C5
:1040F000220009E3AB0001000BE5AB00000009E67C
:10410000AB0001000BE8AB00000009E9AB000100C7
:1041100014EBAB00000009ECAB0000000BEDAB00B2
:1041200000000CF0AB0009000600AC00A32B06B0A9
:10413000D700160006CBD70030000200D800FF07DA
:104140000600F9006D010670FA0069000400FB002A
:1041500006000413FB000400061DFB0000000B1EFC
:10416000FB000000061FFB0009001829FB000000EF
:10417000062AFB000C000638FB000400063EFB008C
:1041800000000640FB0001000643FB00010006465C
:10419000FB006B0017B2FB00100006D3FB006A01A6
:1041A000113EFD000000153FFD0000001940FD001C
:1041B0000F000650FD003F000692FD00350019CFAC
:1041C000FD00000006F0FD000B0016FCFD000000E5
:1041D00019FDFD0002000B00FE000F001410FE0090
:1041E00006001517FE0000001118FE00000014194B
:1041F000FE0000000B20FE000F001430FE00000047
:104200001031FE0001000F33FE0001001535FE00E5
:1042100000001136FE0000001537FE0000001138C6
:10422000FE0000001539FE000000113AFE000000FB
:10423000153BFE000000113CFE000000153DFE0095
:104240000000113EFE000000153FFE00000011407E
:10425000FE0000001541FE0000001142FE000000BB
:104260001543FE0000001144FE0000001445FE004E
:1042700001001547FE0000001148FE00000014492F
:10428000FE0003000F4DFE0002001450FE0002006D
:104290001454FE0003001058FE0000001559FE00E3
:1042A0000000115AFE000000155BFE000000115CCA
:1042B000FE000000155DFE000000115EFE00000023
:1042C000145FFE0002001862FE0000001063FE0092
:1042D00000001864FE0002001468FE000000166969
:1042E000FE000000146AFE0001000670FE000400DB
:1042F0000676FE00860001FFFE0000001401FF00AC
:1043000002001604FF0000001405FF00020015085B
:10431000FF0000001109FF000000140AFF00000068
:10432000180BFF000000140CFF000000100DFF0030
:104330000000140EFF0001000C10FF000900141A09
:10434000FF000100181CFF000200141FFF00010005
:104350000321FF001900153BFF000000143CFF0083
:104360000000113DFF000000173EFF0000000F3F5E
:10437000FF0000001740FF0000000341FF0019008C
:10438000155BFF000000185CFF000000115DFF00DE
:104390000000185EFF000000155FFF0000001160C4
:1043A000FF0000001461FF0000001562FF00000024
:1043B0001163FF0000001464FF0001000666FF00A7
:1043C00009000570FF0000000671FF002C00059E2B
:1043D000FF00010006A0FF001E0006C2FF0005004E
:1043E00006CAFF00050006D2FF00050006DAFF003E
:1043F000020016E0FF00010018E2FF00000017E3D2
:10440000FF00000019E4FF00000016E5FF000100B6
:1044100019E8FF00000018E9FF00030019EDFF0094
:10442000010001F9FF00020019FCFF000100060075
:1044300000010B00060D0001190006280001120002
:10444000063C00010100063F00010E00065000017D
:104450000D00068000017A001400010102000E0721
:1044600001012C001937010108000D400101340041
:104470000E75010103001979010110000E8A010176
:104480000100198C01010200199001010C0019A012
:104490000101000019D001012C000BFD01010000F9
:1044A000068002011C0006A0020130000BE00201A0
:1044B00000000EE102011A00060003011F000E2099
:1044C00003010300062D030113000D410301000049
:1044D0000642030107000D4A0301000006500301D4
:1044E00025000B7603010400068003011D00149FC4
:1044F0000301000006A00301230006C80301070012
:1045000014D0030100000DD10301040003000401D5
:104510004F00065004014D000CA00401090003B037
:104520000401230003D8040123000600050127002D
:10453000063005013300146F05010000037005010A
:104540000A00037C05010E00038C0501060003949C
:1045500005010100039705010A0003A305010E00F0
:1045600003B30501060003BB0501010006000601B7
:1045700036010640070115000660070107000580A7
:104580000701050005870701290005B2070108009A
:10459000060008010500060808010000060A0801D7
:1045A0002B00063708010100063C08010000063F09
:1045B000080116001457080100000E5808010700F2
:1045C0000660080116001977080101000E7908013C
:1045D0000600068008011E000EA70801080006E07C
:1045E0000801120006F4080101000EFB0801040096
:1045F0000600090115000E1609010500141F090126
:104600000000062009011900143F0901000006807E
:10461000090137000EBC0901010006BE09010100B5
:104620000EC009010F000ED209012D0006000A017B
:1046300000000B010A0102000B050A0101000B0C2E
:104640000A01030006100A01030006150A01020010
:1046500006190A011C000B380A0102000B3F0A016F
:1046600000000E400A01080014500A01080006600C
:104670000A011C000E7D0A010100147F0A010000DE
:1046800006800A011C000E9D0A01020006C00A01F4
:10469000070019C80A01000006C90A011B000BE542
:1046A0000A0101000EEB0A01040014F00A010600E1
:1046B00006000B01350014390B01060006400B0102
:1046C00015000E580B01070006600B0112000E7852
:1046D0000B01070006800B01110014990B01030068
:1046E0000EA90B01060006000C01480003800C0116
:1046F000320003C00C0132000EFA0C010500060066
:104700000D0123000B240D0103000C300D010900E5
:104710000E600E011E0006800E0129000BAB0E017B
:10472000010010AD0E01000006B00E0101000BFDEE
:104730000E01020006000F011C000E1D0F010900F2
:1047400006270F01000006300F0115000B460F0170
:104750000A000E510F01030014550F0104000670EA
:104760000F0111000B820F01030014860F010300DB
:1047700006B00F0114000EC50F01060006E00F0180
:1047800016000900100100000B01100100000902D1
:10479000100100000603100134000B3810010E0058
:1047A0001447100106000E52100113000C66100190
:1047B00009000B70100100000671100101000B735D
:1047C000100101000675100100000B7F10010200AE
:1047D000098210010000068310012C0009B01001AD
:1047E00002000BB31001030009B7100101000BB95F
:1047F0001001010014BB1001010001BD10010000F7
:1048000014BE100103000BC21001000001CD100105
:10481000000006D0100118000CF0100109000B0078
:10482000110102000603110123000B2711010400EE
:10483000092C110100000B2D110107000C3611018C
:10484000090014401101030006441101000009454C
:10485000110101000647110100000650110122005C
:104860000B7311010000147411010100067611018F
:1048700000000B8011010100098211010000068374
:1048800011012F0009B3110102000BB6110108003C
:1048900009BF1101010006C11101030014C5110176
:1048A00003000BC91101030014CD1101000009CE52
:1048B000110100000BCF110100000CD01101090003
:1048C00006DA1101000014DB1101000006DC110101
:1048D000000014DD110102000EE1110113000600B9
:1048E00012011100061312011800092C1201020016
:1048F0000B2F120102000932120101000B341201C8
:1049000000000935120100000B36120101001438B5
:10491000120105000B3E12010000063F12010100CA
:104920000B411201000006801201060006881201E8
:104930000000068A12010300068F12010E00069F76
:104940001201090014A91201000006B012012E0084
:104950000BDF1201000009E0120102000BE312015B
:1049600007000CF0120109000B00130101000902FD
:1049700013010100060513010700060F13010100D2
:10498000061313011500062A13010600063213014F
:1049900001000635130104000B3B13010100063D25
:1049A00013010000093E130101000B401301000038
:1049B000094113010300094713010100094B1301C9
:1049C0000200065013010000095713010000065DA4
:1049D000130104000962130101000B6613010600B4
:1049E0000B70130104000600140134000935140192
:1049F00002000B38140107000940140101000B42AA
:104A0000140102000945140100000B4614010000C6
:104A1000064714010300144B140104000C50140148
:104A20000900145A14010100145D140100000B5E0A
:104A300014010000065F14010200068014012F001B
:104A400009B0140102000BB31401050009B91401E7
:104A500000000BBA1401000009BB140103000BBFD6
:104A60001401010009C1140100000BC2140101006E
:104A700006C41401010014C61401000006C7140185
:104A800000000CD014010900068015012E0009AFAA
:104A9000150102000BB21501030009B8150103004E
:104AA0000BBC1501010009BE150100000BBF15016B
:104AB000010014C11501160006D8150103000BDC16
:104AC00015010100060016012F0009301601020031
:104AD0000B3316010700093B160101000B3D1601BF
:104AE0000000093E160100000B3F160101001441B1
:104AF000160102000644160100000C5016010900C0
:104B0000146016010C00068016012A000BAB16017A
:104B1000000009AC160100000BAD1601000009AE43
:104B2000160101000BB01601050009B616010000C0
:104B30000BB71601000006B81601000014B91601E3
:104B400000000CC016010900060017011A000B1D19
:104B5000170102000920170101000B2217010300B1
:104B60000926170100000B27170104000C3017015C
:104B700009000E3A17010100143C17010200193F09
:104B800017010000064017010600060018012B005F
:104B9000092C180102000B2F180108000938180110
:104BA00000000B3918010100143B1801000003A09C
:104BB00018013F000CE0180109000EEA1801080076
:104BC00006FF18010700060919010000060C19016B
:104BD0000700061519010100061819011700093010
:104BE000190105000937190101000B3B19010100EA
:104BF000093D190100000B3E19010000063F190193
:104C00000000094019010000064119010000094295
:104C1000190100000B43190100001444190102009E
:104C20000C501901090006A01901070006AA190174
:104C3000260009D1190102000BD4190103000BDA77
:104C40001901010009DC190103000BE01901000042
:104C500006E11901000014E21901000006E3190140
:104C6000000009E41901000006001A0100000B0110
:104C70001A010900060B1A0127000B331A0105005F
:104C800009391A010000063A1A0100000B3B1A010B
:104C90000300143F1A0107000B471A0100000650D9
:104CA0001A0100000B511A01050009571A010100F1
:104CB0000B591A010200065C1A012D000B8A1A0119
:104CC0000C0009971A0100000B981A010100149AB0
:104CD0001A010200069D1A010000149E1A01040028
:104CE00006B01A01480014001B01090006001C014F
:104CF0000800060A1C012400092F1C0100000B30CB
:104D00001C0106000B381C010500093E1C010000B7
:104D10000B3F1C01000006401C01000014411C0157
:104D200004000C501C0109000E5A1C0112001470E2
:104D30001C01010006721C011D000B921C011500D4
:104D400009A91C0100000BAA1C01060009B11C01E5
:104D500000000BB21C01010009B41C0100000BB5DE
:104D60001C01010006001D01060006081D010100CE
:104D7000060B1D0125000B311D0105000B3A1D011D
:104D800000000B3C1D0101000B3F1D010600064603
:104D90001D0100000B471D0100000C501D01090002
:104DA00006601D01050006671D010100066A1D0160
:104DB0001F00098A1D0104000B901D0101000993C9
:104DC0001D0101000B951D01000009961D01000049
:104DD0000B971D01000006981D0100000CA01D018D
:104DE000090006E01E0112000BF31E01010009F587
:104DF0001E01010014F71E0101000B001F0101003C
:104E000006021F01000009031F01000006041F0124
:104E10000C0006121F01210009341F0101000B368E
:104E20001F010400093E1F0101000B401F0100008B
:104E300009411F0100000B421F01000014431F0124
:104E40000C000C501F01090006B01F0100000EC02D
:104E50001F01140019D51F01070016DD1F010300F3
:104E600019E11F01100014FF1F01000006002001BE
:104E700099030D0024016E001470240104000680C3
:104E80002401C30006902F01600014F12F010100DE
:104E9000060030012F04013034010F000B403401B3
:104EA00000000641340105000B4734010E000600E6
:104EB0004401460206006801380206406A011E00ED
:104EC0000C606A010900146E6A01010006706A0133
:104ED0004E000CC06A01090006D06A011D000BF0EB
:104EE0006A01040014F56A01000006006B012F003E
:104EF0000B306B01060014376B010400193C6B0189
:104F0000030005406B01030014446B0100001945C8
:104F10006B0100000C506B0109000E5B6B01060079
:104F200006636B011400067D6B01120003406E01E5
:104F30003F000E806E01160014976E0103000600FC
:104F40006F014A000B4F6F01000006506F01000017
:104F500009516F0136000B8F6F01030005936F013C
:104F60000C0005E06F01010014E26F01000005E391
:104F70006F0100000BE46F01000009F06F010100F8
:104F800006007001F71706008801D50406008D01A0
:104F9000080005F0AF01030005F5AF01060005FDAF
:104FA000AF0101000600B00122010632B10100008C
:104FB0000650B10102000655B10100000664B101BE
:104FC00003000670B1018B010600BC016A00067087
:104FD000BC010C000680BC0108000690BC01090061
:104FE000199CBC0100000B9DBC010100149FBC0179
:104FF000000001A0BC0103000B00CF012D000B300D
:10500000CF0116001950CF0173001900D001F5002F
:105010001900D10126001929D1013B000965D101F0
:1050200001000B67D1010200196AD1010200096D6C
:10503000D10105000173D10107000B7BD1010700ED
:105040001983D10101000B85D1010600198CD10112
:105050001D000BAAD101030019AED1013C001900BB
:10506000D20141000B42D20102001945D2010000D9
:105070000EC0D20113000EE0D20113001900D301BB
:1050800056000E60D30118000800D4011900041A5C
:10509000D40119000834D4011900044ED4010600CB
:1050A0000456D40111000868D40119000482D40107
:1050B0001900089CD4010000089ED401010008A238
:1050C000D401000008A5D401010008A9D4010300FF
:1050D00008AED401070004B6D401030004BBD40118
:1050E000000004BDD401060004C5D4010A0008D0A4
:1050F000D401190004EAD40119000804D501010003
:105100000807D5010300080DD50107000816D501D1
:105110000600041ED50119000838D5010100083B1E
:10512000D50103000840D50104000846D501000060
:10513000084AD50106000452D5011900086CD501B2
:1051400019000486D501190008A0D501190004BA78
:10515000D501190008D4D501190004EED5011900B4
:105160000808D60119000422D6011900083CD6010E
:1051700019000456D60119000870D6011900048AD6
:10518000D6011B0008A8D601180018C1D6010000DE
:1051900004C2D601180018DBD601000004DCD601D9
:1051A000050008E2D601180018FBD601000004FC37
:1051B000D60118001815D70100000416D701050004
:1051C000081CD70118001835D70100000436D70194
:1051D0001800184FD70100000450D70105000856E9
:1051E000D7011800186FD70100000470D70118000C
:1051F0001889D7010000048AD70105000890D7015B
:10520000180018A9D701000004AAD701180018C374
:10521000D701000004C4D701050008CAD701000067
:1052200004CBD70100000CCED70131001900D80102
:10523000FF010B00DA0136001937DA0103000B3BDE
:10524000DA013100196DDA0107000B75DA0100008F
:105250001976DA010D000B84DA0100001985DA01F4
:1052600001001487DA0104000B9BDA0104000BA192
:10527000DA010E000400DF010900060ADF01000068
:10528000040BDF0113000425DF0105000B00E00122
:1052900006000B08E00110000B1BE00106000B23C9
:1052A000E00101000B26E00104000530E0013D00B3
:1052B0000B8FE00100000600E1012C000B30E10142
:1052C00006000537E10106000C40E1010900064E29
:1052D000E1010000194FE10100000690E2011D000C
:1052E0000BAEE201000006C0E2012B000BECE20174
:1052F00003000CF0E201090016FFE201000006D0F5
:10530000E4011A0005EBE40100000BECE4010300EA
:105310000CF0E401090006E0E701060006E8E701F9
:10532000030006EDE701010006F0E7010E000600AC
:10533000E801C4000EC7E80108000BD0E801060030
:105340000300E90143000B44E9010600054BE901B4
:1053500000000C50E9010900145EE90101000E7122
:10536000EC013A0019ACEC0100000EADEC010200BA
:1053700016B0EC0100000EB1EC0103000E01ED01CE
:105380002C00192EED0100000E2FED010E0006007D
:10539000EE0103000605EE011A000621EE010100F0
:1053A0000624EE0100000627EE0100000629EE01AA
:1053B00009000634EE0103000639EE010000063B49
:1053C000EE0100000642EE0100000647EE0100007B
:1053D0000649EE010000064BEE010000064DEE010D
:1053E00002000651EE0101000654EE0100000657CE
:1053F000EE0100000659EE010000065BEE01000020
:10540000065DEE010000065FEE0100000661EE01A0
:1054100001000664EE0100000667EE010300066C61
:10542000EE0106000674EE0103000679EE010300AA
:10543000067EEE0100000680EE010900068BEE01FB
:10544000100006A1EE01020006A5EE01040006AB65
:10545000EE01100018F0EE0101001900F0012B0020
:105460001930F001630019A0F0010E0019B1F0012C
:105470000E0019C1F0010E0019D1F00124000E0038
:10548000F1010C00190DF101A00019E6F1011C0059
:105490001910F2012B001940F20108001950F20115
:1054A00001001960F20105001900F301FA0017FB71
:1054B000F30104001900F401D70219DCF601100011
:1054C00019F0F6010C001900F7017600197BF701BD
:1054D0005E0019E0F7010B0019F0F7010000190058
:1054E000F8010B001910F80137001950F8010900F4
:1054F0001960F80127001990F8011D0019B0F80192
:1055000001001900F90153011960FA010D00197029
:10551000FA010C001980FA0108001990FA012D0017
:1055200019BFFA01060019CEFA010D0019E0FA01BF
:10553000080019F0FA0108001900FB019200199403
:10554000FB0136000CF0FB01090006000002DFA69B
:105550000600A70239100640B702DD000620B80297
:10556000811606B0CE02301D0600F8021D020600AC
:1055700000034A13065013035F100101000E0000E0
:105580000120000E5F000B00010EEF000000000084
:10559000000000000000000000000000000000000B
:1055A00000000000000000000000000000000000FB
:1055B00000000000000000000000000010111213A5
:1055C000141516171819000000000000001A1B1C03
:1055D0001D1E1F0000000000000000000000000071
:1055E000000000000000000000000000001A1B1C6A
:1055F0001D1E1F0000000000000000000000000051
:10560000000000000000000000000000000000009A
:10561000000000000000000000000000000000008A
:10562000000000000000000000000000000000007A
:10563000000000000000000000000000000000006A
:10564000000000000000000000000000000000005A
:10565000000000000000000000000000000000004A
:10566000000000000000000000000000000000003A
:10567000000000000000000000000000000000002A
:105680000000000000000000000000000500000015
:10569000190000007D0000000080E03779C341431D
:1056A000176E05B5B5B89346F5F93FE9034F384D88
:1056B000321D30F94877825A3CBF737FDD4F157534
:1056C000000000000000F03F000000000000244047
:1056D00000000000000059400000000000408F4022
:1056E000000000000088C34000000000006AF8408D
:1056F0000000000080842E4100000000D0126341B1
:105700000000000084D797410000000065CDCD4126
:10571000000000205FA00242000000E87648374207
:10572000000000A2941A6D42000040E59C30A242A5
:105730000000901EC4BCD64200003426F56B0C431A
:105740000080E03779C3414300A0D88557347643C1
:1057500000C84E676DC1AB43003D9160E458E14322
:10576000408CB5781DAF154450EFE2D6E41A4B4497
:1057700092D54D06CFF08044F64AE1C7022DB544DC
:08578000B49DD9794378EA4495
:1057880004E0001010E000101CE0001028E00010F9
:1057980034E0001040E000104CE0001038E3001046
:1057A80003000068EFF3108C72B60268002AFCD080
:1057B800BFF35F8F04229A56002A0BDB002900D022
:1057C8000A6000201B68BFF35F8F00221A608CF309
:1057D80010887047D0221206126801201A71F1E76A
:1057E800F0B5C646150000B504001E000268EFF3C8
:1057F800108172B61368002BFCD0BFF35F8F0423AF
:10580800E3562268002B2BDBBFF35F8F002010606C
:1058180081F31088D02212061278002752B29046DF
:105828009A420ED1002080BCB846F0BDBFF35F8F0E
:10583800176081F310882800310000F031FF00283C
:10584800F0D12268EFF3108172B61368002BFCD0F8
:10585800BFF35F8F237922687F2BE7D9434602E0A5
:10586800D0231B061B682371BFF35F8F00231360CF
:1058780081F310880120D6E7F0B5C64600B50D00C3
:10588800040000F005FFFA2206000F00002328009C
:105898000021920000F0DCFE36184F41002F02DA9A
:1058A8000126174F7642D0231B061B680025984611
:1058B8000AE0BFF35F8F156081F31088300039006C
:1058C80000F0EEFE002818D12268EFF3108172B6BE
:1058D8001368002BFCD0BFF35F8F237922687F2BDE
:1058E800E7D943462371BFF35F8F0023136081F329
:1058F8001088012080BCB846F0BD0020FAE7C046F9
:10590800FFFFFF7F0268EFF3108172B61368002B68
:10591800FCD0BFF35F8FFF2303710368BFF35F8F72
:1059280000221A6081F3108840BF704710B5084CF8
:105938002378002B0AD18023064807495B051A689B
:10594800C25004338B42FAD10123237010BDC046E4
:1059580088290020282300100001001010B5014BF1
:10596800984710BD29230020064B5A6802609A68A0
:105978004260DA6882601A69C2605A6902619B698A
:1059880043617047000002400268064B5A60426853
:105998009A608268DA60C2681A6102695A6142696B
:1059A8009A61704700000240034B1A68C0239B00AD
:1059B8009343024A136070470C8001400C900140E9
:1059C800054B1A6880239B005340C0229200134065
:1059D800024A13607047C0460C8001400C90014099
:1059E8000023F0B5DE4657464E4645469A46E0B592
:1059F80089B001900E00988A45491B8B140098477E
:105A0800534681464349988A1B8B984753464249D7
:105A18000500988A1B8B98478046FFF787FF02A8E6
:105A2800FFF7A2FFC847A847FFF7CAFF251E22D0E5
:105A38000823C0219C460220490562468B6A1A4009
:105A480018423FD0631B002D2FD1002A11D1002C02
:105A580011D0C0235B059B4602239A46063399461C
:105A68005B464A4657469B6A1A401F4242D0002A64
:105A7800F6D0002C30D1FFF797FFC047FFF76EFF35
:105A880002A8FFF781FF09B0F0BCBB46B246A946A1
:105A9800A046F0BD002C2FD1C0225205926A914633
:105AA80008224F463A40BF072DD50D2B1BD9002A97
:105AB800F0D1C0225205926A914608224F463A40D8
:105AC800BF07F2D4002A04D12B002343002BB4D102
:105AD800D1E72B00002CF9D00B6E013C337023006A
:105AE80001362B43F2E7019F013D3B7801370B66F6
:105AF8000197E7E70025E5E7C0235B051B6E013C3E
:105B08003370013699E72B00002ADFD1DCE7C04665
:105B18004946000045580000464300000022154B46
:105B280010B59A60DA601A615A619A61DA611A628C
:105B38005A629A62DA621A635A639A63DA631A6477
:105B48005A649A64DA641A655A659A65DA651A6657
:105B58005A669A66DA661A675A679A67DA67F03297
:105B680092000021044800F07BFD044B044A1A60AF
:105B780010BDC046000010506025002028290020D4
:105B880080011050F0B54E464546DE465746E0B512
:105B9800214B00249E6D012585B0002E22D01F4B7D
:105BA8009A46012399461E4B984601E0202C19D0AD
:105BB8002A00230001342F003240E4B26D00002A8D
:105BC800F4D0524697654A465B085B0022409B1812
:105BD8005B01434418009B4600F01EFC002808D1D6
:105BE800BE43E3D105B0F0BCBB46B246A946A046C9
:105BF800F0BD5B46E0219A78DB8A01A88360002328
:105C0800C900018001210271437100F025FC58464A
:105C180000F0A0FBE4E7C04600001150003011502E
:105C2800202500209823F0B5C646C84A00B5D558A7
:105C380080232E009B02102484B01E401D4274D085
:105C4800C34BC44C9A6AC44B00261A603B23E35CDE
:105C5800022B00D14FE17B23E35C022B00D1F3E060
:105C6800BB23E35C022B00D1FAE0FB23E35C022BAD
:105C780000D101E13C23FF33E35C022B00D12DE18D
:105C88007C23FF33E35C022B00D10EE1BC23FF33FE
:105C9800E35C022B00D13FE1FC23FF33E35C022BE2
:105CA80000D1F5E0AD4BE35C022B00D174E1AC4BC5
:105CB800E35C022B00D105E1AA4BE35C022B00D187
:105CC80075E1A94BE35C022B00D132E1A74BE35C01
:105CD800022B00D1A0E1A64BE35C022B00D171E1BD
:105CE800A44BE35C022B00D1A1E1A34BE35C022BA4
:105CF80000D17FE1002E08D1A04B1B78002B04D1E6
:105D080080219F4A90338902D150C02269468F4B27
:105D180092009B6C80265B058A805B0D012101A89F
:105D2800029300F099FB974CB602EB0600D57FE092
:105D380080235B021D4231D01E4301230224984672
:105D4800844FBB7E002B14D000F092FC012800D9B0
:105D580072E0C02200213800920100F001FB3800F7
:105D680000F0F8FA00F084FC012802D9844B5C6644
:105D78001C664346FB702037012C22D1C0236A469B
:105D8800DB009380804A02AB03CA03C3012101A848
:105D980000F062FB80227A4B92021A6580235B0135
:105DA8001D4210D18023DB011D4223D180231B0219
:105DB8001D422FD1AE4200D0C0E104B080BCB8462D
:105DC800F0BD0124BDE700241E43604B1C60FFF7B3
:105DD800A5FE80236A465B0093801472012101A806
:105DE80000F03AFB8022664B12031A658023DB0120
:105DF8001D42DBD01E4380236A46DB0093800121CD
:105E080001A800F029FB10225D4B1A6580231B02B4
:105E18001D42CFD01E43A0236A46DB009380012198
:105E280001A800F019FB8022554B12011A65C1E741
:105E3800FFF7A8FE26007BE7544B444A1C66536EC6
:105E48002340A342FBD184E77833E75C002F00D1DD
:105E580006E70233E25C002A00D00DE13E00FFE6CF
:105E6800B833E75C002F00D1FFE60233E25C002A7A
:105E780000D0F9E03E00F8E6F833E75C002F00D1E7
:105E8800F8E60233E25C002A00D041E13E00F1E688
:105E9800F933FF33E75C002F00D103E70233E25CFC
:105EA800002A00D02BE13E00FCE67933FF33E75CA3
:105EB800002F00D1EAE60233E25C002A00D015E1A7
:105EC8003E00E3E6324BE75C002F00D1F4E60233F4
:105ED800E25C002A00D001E13E00EDE63933FF33F1
:105EE800E75C002F00D1CBE60233E25C002A00D049
:105EF800EBE03E00C4E63833E65C002E00D1AAE6AB
:105F08000233E25C002A00D1A5E6200000222030FE
:105F1800E25400F04DFA9EE6B933FF33E75C002FF8
:105F280000D1B9E60233E25C002A00D0C4E03E00AA
:105F3800B2E6184BE75C002F00D1C7E60233E25CFB
:105F4800002A00D0B0E03E00C0E6C0460000115074
:105F58000040054020250020102500203B020000BD
:105F68007B020000BB020000FB0200003B030000B4
:105F78007B030000BB030000FB0300008629002010
:105F88000030115010000200000010500020115085
:105F98007A020000FA0200006B4BE75C002F00D188
:105FA80085E60233E25C002A76D13E007FE6674B45
:105FB800E75C002F00D184E60233E25C002A63D15B
:105FC8003E007EE6624BE75C002F00D188E6023394
:105FD800E25C002A00D0A3E05E4BE35C022B30D1E8
:105FE8005D4BE35C002B27D15C4BE35C022B00D0BC
:105FF8008BE63E005A4BE35C002B00D17AE6FF2388
:106008009B00E25C002A00D17FE60022E2541C3BA0
:10601800E01800F0CDF978E6524BE75C002F00D18C
:1060280059E60233E25C002A16D13E0053E64A4B99
:10603800E35C002B00D158E6EF239B00E25C002ACA
:1060480075D1464BE35C022B00D05EE6444BE35C23
:10605800002B00D159E6D2E70022E2541C3BE0189D
:1060680000F0A6F93E0036E620000022A030E254F7
:106078003E0000F09DF9F8E5200000226030E2546F
:106088003E0000F095F9EBE50022E2541C3BE018D5
:1060980000F08EF93E0014E60022E2541C3BE018A2
:1060A80000F086F93E0002E60022E2541C3BE018AC
:1060B80000F07EF93E0009E620000022A130FF3002
:1060C800E2543E0000F074F9E6E520000022213099
:1060D800FF30E2543E0000F06BF9D1E50022E254B3
:1060E8001C3BE01800F064F93E00E5E520000022C2
:1060F8006130FF30E2543E0000F05AF9C6E5200056
:106108000022E130FF30E2543E0000F051F9C9E5C9
:1061180020000022E030E2543E0000F049F9A9E5F1
:106128000022E2541C3BE01800F042F954E7002238
:10613800E2541C3BE01800F03BF982E731000A48C2
:10614800694000F0B5FAC0463A020000BA02000001
:106158007A030000BB030000BA030000FB03000041
:10616800FA0300003A030000F0DD0010F0B5C6465F
:1061780000B50200838A008B8C46011C984200D926
:10618800191CD47880252000461EB04189B2ED0044
:106198000D434003284301256C405B1AD4705478A2
:1061A8009BB29382002C31D16446D568A4014E1E5F
:1061B8002D19B0461469002923D0062E32D92B0098
:1061C80023439B072ED1631CEB1A022B2AD90023E9
:1061D8008F08BF00E658EE5004339F42FAD1434679
:1061E800ED19DB1BE419B94209D026782E70002B73
:1061F80005D066786E70012B01D0A378AB70146956
:10620800938A64181461802212021043002B02D171
:106218008023DB0118436346002B00D0000480BCB8
:10622800B846F0BD0023E65CEE5401339942FAD13A
:10623800E5E7C0468368F0B51A680400002900D075
:10624800120C63789205900D002B08D1E38AC318CD
:10625800E382238B834201D90023A382F0BDE36844
:10626800890125695E18471E002822D0062F26D9E5
:1062780001315B18EB1A022B21D92B0033439B0702
:106288001DD10023120E9200F158E95004339A42AE
:10629800FAD1BF1AAD18B618904209D032782A70D0
:1062A800002F05D072786A70012F01D0B278AA70D9
:1062B8002569E38A2D18C318E3822561C9E70022FE
:1062C800B35CAB5401329042FAD12569F1E7C0467C
:1062D80010B50400836800211B68FFF7ABFF6368F3
:1062E8001B685B0002D5238B834200D010BD0121BF
:1062F8002000FFF79FFFF9E7084A0300126C00200F
:10630800920703D49A78D209012A00D07047D87E20
:10631800023843425841C0B2F8E7C0460000115065
:1063280010B5FFF7E9FF00280CD00749074B8C464A
:10633800074A9B6A126863449B1A0020C6229A4245
:106348004041C0B210BDC046E0FCFFFF0040054020
:106358001025002000238376436103617047C046FF
:1063680010B58368002901D01C682140002A12D08A
:106378008024E400114322420DD01A6822420CD135
:10638800084A0A401A60084A126C920703D40C2380
:10639800033BFDD28368196010BD8178034800F083
:1063A80087F9C046FFFBFFFF0000115004DE001014
:1063B800436870B50021802504001E68FFF7D6FEEB
:1063C800124B6D011A6C0543A37892070ED55B0634
:1063D8000ED00F4B1E4080239B053343626800217B
:1063E800136020002A00FFF7BBFF70BDDB09F0D067
:1063F800A38A002BEDD001212000FFF7B7FEA023D0
:10640800044ADB05324005431343E7E70000115017
:10641800FFFFFFAFFFFFFFDF70B5857E0400002D93
:1064280014D0FFF755FFA38A002B01D1280070BDB7
:106438002000FFF775FF002803D0012300252377EC
:10644800F4E72000FFF7B4FF0025EFE78178014863
:1064580000F02EF924DE0010F0B5CE46474680B590
:10646800437805000E0085B0062B08D86C4A9B00BF
:10647800D3589F466B4A13780133DBB213706A4BCB
:106488001C686269EFF3108172B61368002BFCD0A8
:10649800BFF35F8FA1612000290000F0D1F8626985
:1064A800A369BFF35F8F0021116083F31088002870
:1064B80004D105B0C0BCB946B046F0BD3200697819
:1064C800287800F0DDF8F4E70121584B1A788A4360
:1064D8001A701A7801318A431A7000225A701A7891
:1064E80002318A431A70CAE75149524F89465249C4
:1064F8000024002388463A7812E043461B6861016D
:106508005B18002B06D0DB69002B03D0696828785C
:1065180098473A780134E4B2511C2300A14217DBB2
:10652800A242EAD89B1A5B014B44ECE73F4B1A782E
:10653800D207BED504211A780A431A709FE73B4B4D
:106548001A78D207B5D504211A788A431A7096E7C3
:10655800364F3B785B072BD504223B7800219343C9
:106568003B706B460632981D00F07AF82B7801AC28
:106578002370052363702C4B1B6898465A69EFF308
:10658800108172B61368002BFCD0BFF35F8F4346AF
:1065980040469961210000F053F843465A699B69C7
:1065A800BFF35F8F0021116083F31088002831D179
:1065B800FB78DB0700D47CE76B460A220021981D94
:1065C80000F04EF82B7801AC2370032363706B68DE
:1065D8006360154B1D686A69EFF3108172B6136822
:1065E800002BFCD0BFF35F8FA9612800210000F0C9
:1065F80027F86A69AB69BFF35F8F0021116083F3E5
:106608001088002800D154E732006178207800F023
:1066180037F84EE732006178207800F031F8C7E7A4
:1066280050E4001087290020981F0020401F0020F8
:106638006CE4001085290020901D00207047C0469A
:1066480001B40248844601BC604700BF756F001062
:1066580001B40248844601BC604700BF852A001087
:1066680001B40248844601BC604700BFA92B001052
:1066780001B40248844601BC604700BF61080010AD
:1066880001B40248844601BC604700BF155500109C
:1066980001B40248844601BC604700BF951500104C
:1066A80001B40248844601BC604700BF351400109D
:1066B80001B40248844601BC604700BF6D08001061
:1066C800BCD90010D5020010C4D90010ECD90010B4
:1066D800F1020010F0D90010FCD90010FD020010E2
:1066E80000DA001010DA00100903001018DA0010A0
:1066F8002CDA00101505001038DA001058DA0010EE
:106708001503001060DA001088DA00104505001043
:106718008CDA0010A4DA00106D050010ACDA001055
:10672800D8DA00104D030010E4DA001018DB00106E
:10673800E903001024DB00105CDB00105504001096
:1067480068DB00108CDB00106D04001098DB001073
:10675800B8DB001085040010C0DB0010E0DB00107F
:106768009D040010E8DB00100CDC0010C9040010C8
:1067780014DC00102CDC0010F504001030DC0010D4
:1067880000000000000000000000000020A1070039
:1067980010000000000000000000010000000000E0
:1067A80000000000000002000000000000000000DF
:1067B8000000030000000000000000000000FF00CF
:1067C8000000000001B5486801318E460047704658
:1067D80009380149884701BD9D0C001000000000E0
:1067E80000000000000000000000000000000000A1
:1067F8005818002000000000000000000000000001
:10680800503300004C330000543300005233000072
:106818004D5300004D430000533400004334000042
:10682800D54C0010894C0010FD4B0010754B001022
:1068380000000000000100009C1F002010000C0058
:106848000000000000000000000000000000000040
:1068580000000000FF00000000800440000000006D
:106868000040044000000000FFFFFFFF000002009E
:10687800000000000000000090110020901100208E
:106888009811002098110020A0110020A0110020CC
:10689800A8110020A8110020B0110020B01100207C
:1068A800B8110020B8110020C0110020C01100202C
:1068B800C8110020C8110020D0110020D0110020DC
:1068C800D8110020D8110020E0110020E01100208C
:1068D800E8110020E8110020F0110020F01100203C
:1068E800F8110020F81100200012002000120020EA
:1068F8000812002008120020101200201012002098
:106908001812002018120020201200202012002047
:1069180028120020281200203012002030120020F7
:1069280038120020381200204012002040120020A7
:106938004812002048120020501200205012002057
:106948005812002058120020601200206012002007
:1069580068120020681200207012002070120020B7
:106968007812002078120020801200208012002067
:106978008812002088120020901200209012002017
:106988009812002098120020A0120020A0120020C7
:10699800A8120020A8120020B0120020B012002077
:1069A800B8120020B8120020C0120020C012002027
:1069B800C8120020C8120020D0120020D0120020D7
:1069C800D8120020D8120020E0120020E012002087
:1069D800E8120020E8120020F0120020F012002037
:1069E800F8120020F81200200013002000130020E5
:1069F8000813002008130020101300201013002093
:106A08001813002018130020201300202013002042
:106A180028130020281300203013002030130020F2
:106A280038130020381300204013002040130020A2
:106A38004813002048130020501300205013002052
:106A48005813002058130020601300206013002002
:106A580068130020681300207013002070130020B2
:106A68007813002078130020801300208013002062
:106A78008813002088130020901300209013002012
:106A88009813002098130020A0130020A0130020C2
:106A9800A8130020A8130020B0130020B013002072
:106AA800B8130020B8130020C0130020C013002022
:106AB800C8130020C8130020D0130020D0130020D2
:106AC800D8130020D8130020E0130020E013002082
:106AD800E8130020E8130020F0130020F013002032
:106AE800F8130020F81300200014002000140020E0
:106AF800081400200814002010140020101400208E
:106B0800181400201814002020140020201400203D
:106B180028140020281400203014002030140020ED
:106B2800381400203814002040140020401400209D
:106B3800481400204814002050140020501400204D
:106B480058140020581400206014002060140020FD
:106B580068140020681400207014002070140020AD
:106B6800781400207814002080140020801400205D
:106B7800881400208814002090140020901400200D
:106B88009814002098140020A0140020A0140020BD
:106B9800A8140020A8140020B0140020B01400206D
:106BA800B8140020B8140020C0140020C01400201D
:106BB800C8140020C8140020D0140020D0140020CD
:106BC800D8140020D8140020E0140020E01400207D
:106BD800E8140020E8140020F0140020F01400202D
:106BE800F8140020F81400200015002000150020DB
:106BF8000815002008150020101500201015002089
:106C08001815002018150020201500202015002038
:106C180028150020281500203015002030150020E8
:106C28003815002038150020401500204015002098
:106C38004815002048150020501500205015002048
:106C480058150020581500206015002060150020F8
:106C580068150020681500207015002070150020A8
:106C68007815002078150020801500208015002058
:106C78008815002088150020A015002000000000BD
:106C880000000000581C0020C01C0020281D002007
:106C980000000000000000000000000000000000EC
:106CA80000000000000000000000000000000000DC
:106CB80000000000000000000000000000000000CC
:106CC80000000000000000000000000000000000BC
:106CD80000000000000000000000000000000000AC
:106CE800000000000000000000000000000000009C
:106CF800000000000000000000000000000000008C
:106D0800000000000000000000000000000000007B
:106D1800000000000000000001000000000000006A
:106D28000E33CDAB34126DE6ECDE05000B0000002F
:106D3800000000000000000000000000000000004B
:106D4800000000000000000000000000000000003B
:106D5800000000000000000000000000000000002B
:106D6800000000000000000000000000000000001B
:106D7800000000000000000000000000000000000B
:106D880000000000000000000000000000000000FB
:106D980000000000000000000000000000000000EB
:106DA80000000000000000000000000000000000DB
:106DB80000000000000000000000000000000000CB
:106DC8004300000000000000000000000000000078
:106DD80000000000000000000000000000000000AB
:106DE8004300000000000000000000000000000058
:106DF800000000000000000000000000000000008B
:106E08004300000000000000000000000000000037
:106E1800000000000000000000000000000000006A
:106E28004300000000000000000000000000000017
:106E3800000000000000000000000000000000004A
:106E480043000000000000000000000000000000F7
:106E5800000000000000000000000000000000002A
:106E680043000000000000000000000000000000D7
:106E7800000000000000000000000000000000000A
:106E880043000000000000000000000000000000B7
:106E980000000000000000000000000000000000EA
:106EA80029D60010DDCA001000000000ACE4001074
:106EB800B4DE001084DE001084DE001084DE0010D2
:106EC80084DE001084DE001084DE001084DE0010F2
:106ED80084DE001084DE0010FFFFFFFFFFFFFFFFCE
:106EE800FFFFFFFFFFFF0000010041534349490036
:106EF800000000000000000000000000000000008A
:106F08000000000000000000000041534349490010
:106F18000000000000000000000000000000000069
:106F28000000000000000000000000000000000059
:046F38000000000055
:04000005100001E9FD
:00000001FF
