:020000041000EA
:1000000000B5324B212058609868022188439860DF
:10001000D860186158612E4B002199600221596106
:100020000121F02299502B49196001219960352056
:1000300000F044F80222904214D00621196600F024
:1000400034F8196E01211966002018661A6600F04E
:100050002CF8196E196E196E052000F02FF8012189
:100060000842F9D1002199601B49196000215960AB
:100070001A491B48016001219960EB211966A021F2
:10008000196600F012F800219960164914480160C1
:100090000121996001BC002800D000471248134993
:1000A000086003C880F30888084703B5996A0420EC
:1000B0000142FBD001200142F8D103BD02B5186610
:1000C0001866FFF7F2FF186E186E02BD00000240BE
:1000D000000000180000070000035F00212200005C
:1000E000F4000018222000A00001001008ED00E03C
:1000F00000000000000000000000000074B24E7A12
:1001000000200420F7010010CB010010CD010010E9
:10011000C9010010C9010010C9010010C901001077
:10012000C9010010C9010010C9010010CF01001061
:10013000C9010010C9010010D1010010D301001045
:10014000C1010010C1010010C1010010C101001067
:10015000C1010010C1010010C1010010C101001057
:10016000C1010010C1010010C1010010C101001047
:10017000C1010010C1010010C1010010C101001037
:10018000C1010010C1010010C1010010C101001027
:10019000C1010010C1010010C1010010C101001017
:1001A000C1010010C1010010C1010010C101001007
:1001B000C1010010C1010010C1010010C1010010F7
:1001C000EFF30580103800BE00BE00BE00BE00BECA
:1001D00000BE00BEF2EB8871A8480110C8480110AB
:1001E0003802001090A31AE71E481F49086006C88D
:1001F00081F3088810471D480068002801D019487D
:10020000F3E70DA40ECC002902D000F012F8F9E7B4
:100210001749184A002000E001C19142FCD116495B
:100220008847164988471649884700BEFDE701C937
:1002300001C29A42FBD37047C8480110C000002099
:10024000E4170020EC5F01100000042000000420EF
:10025000EC5F0110001004200010042000000000DA
:10026000704700000000000008ED00E0000000D032
:10027000E4170020F0280020C143001045040010BE
:1002800081430010F8B5C04606480749091A8B108B
:10029000C90FC91810B5491003D0044B002B00D06A
:1002A000984710BDE4170020E4170020000000006C
:1002B000054B10B5002B03D00449054800E000BFF2
:1002C000FFF7E2FF10BDC046000000008C280020B0
:1002D00094CB001010B5034A0349044804F0CCFA4B
:1002E00010BDC04698CB0010A0CB0010B0CB0010C2
:1002F00010B5012000F096F910BDC04610B50020E1
:1003000000F090F910BDC04610B5022000F08AF947
:1003100010BDC04670B5224804F02AFA214C21686D
:1003200000293CD0204DA268280004F0A5FAE1681D
:10033000002934D02800626904F09EFAA1690029DE
:100340002DD02800226A04F097FA616A002926D08D
:100350002800E26A04F090FA216B00291FD02800DF
:10036000A26B04F089FAE16B002918D02800626CB6
:1003700004F082FAA16C002911D02800226D04F04B
:100380007BFA616D00290AD02800E26D04F074FA4E
:10039000216E002903D02800A26E04F06DFA70BD12
:1003A000DCCB0010E00F0020F0CB0010002300B5E4
:1003B00083B0084901AA019307F002FC01980028C4
:1003C00003D000F035F903B000BD034804F054FA3F
:1003D000F9E7C04600CC001004CC001010B500288E
:1003E00002D00378002B03D1054804F0C1F910BDF9
:1003F0001022002107F0D8FB00F024F9F7E7C046EF
:1004000020CC001010B582B0002802D00378002B59
:1004100004D10B4804F0ACF902B010BD01A91022C0
:1004200007F0C2FB102204000021019807F0BCFB7A
:100430000100200000F010F9022000F0F3F8EBE7D3
:1004400040CC001010B500F00FF8064800F042F85C
:1004500000F096F800F012F800F054F800F0A8F858
:10046000F8E7C046E00F0020002210B5024B1A60EA
:1004700004F0E4F810BDC0461424002010B500209C
:1004800004F0E0F80400831C0DD004F027F90E4AB4
:1004900013680D2C09D00A2C07D07E2B10DC0B49D9
:1004A000CC5401331360002010BD08480021040023
:1004B000C15411600648210004F0DEF92000F3E782
:1004C00000231360EFE7C04614240020942300208B
:1004D00088CD0010094B10B518600023084C23602C
:1004E0000368002B08D001230C30026819000C307F
:1004F0000133002AF9D1216010BDC04680220020BE
:1005000018240020F0B5C646040000B500281DD010
:10051000202107F0E3FB002826D00023451C0370B0
:100520002A002100114804F0A7F9114B1F68002F81
:1005300015DD104B1E68002398462000316807F037
:1005400055FC002805D128007368984780BCB84640
:10055000F0BD01239C46E0440C36B845EDD12100A6
:10056000054804F089F9F1E7044DD9E7A0CD001062
:100570001824002080220020BCCD0010D8CD00100F
:10058000002200200021084B10B51A70074B18609C
:100590005960193000F06CF8D02380221B069204B9
:1005A0005A629A6110BDC046EB28002070190020E5
:1005B00070B5194B1B78012B26D0022B07D0002BCE
:1005C00004D1D02380221B0692049A6170BD00F0F2
:1005D000F1FE124C63688B4203D3F7D12368834248
:1005E000F4D200F0E7FE0E4B1D6800236A081218D3
:1005F0004B4122606360D02380221B06596892041D
:10060000114207D15A61E1E7D02380221B069204F0
:100610005A61DBE79A61D9E7EB28002070190020C6
:100620004C100020014B18707047C046EB2800208A
:1006300043011B1A9B00024A1818C0001060704743
:100640004C10002010B501000268024804F014F9B3
:1006500010BDC046DCCD001010B5044B01600A008F
:100660000100180004F008F910BDC046F4CD0010D8
:100670000123D0228340120693629361094A8300CA
:100680009A1811684022514080320A400649C00041
:100690008C4663441A60054B9C46052360444360C6
:1006A0007047C04604C0014004D0014000400140F2
:1006B0008023DB051868000F7047C0460FB400B5F3
:1006C000084883B004F054F8049B002B07D005A918
:1006D0001800019103F020FE034804F049F80120BE
:1006E00003F032FE14CE0010F0CD001070B5EFF321
:1006F000108C72B60D4D2B68002BFCD0BFF35F8FB2
:100700000724CB08C618C05C01230C40A3401C0082
:100710000440034207D118433070BFF35F8F2C6051
:100720008CF3108870BD1000FFF7C8FF2C0100D0BB
:10073000F8B54746CE46884680B5EFF3108C72B6C2
:100740001C4D2C68002CFCD0BFF35F8F9A4222D83E
:1007500007210126894602E00132934218D34D4613
:1007600037001540AF40D4080119045D2742F3D18A
:1007700010003C430C70BFF35F8F00220D4B1A60DA
:100780008CF3108800280EDBC0BCB946B046F8BD1B
:1007900001204042EFE7BFF35F8F00232B608CF313
:1007A0001088012040424346002BEDD00898FFF707
:1007B00085FFC0462C0100D0044A1078431CDBB2F0
:1007C000172B00D9102313707047C046501000201B
:1007D00010B5064B064C82B00100009318221F236F
:1007E0002000FFF7A5FF02B010BDC04624CE0010C8
:1007F0008C2300200021044B044ABFF35F8F02C307
:100800009342FAD17047C046000100D0800100D069
:10081000054B064A1360064A136053609360D36029
:1008200013615361936170478080808000E400E031
:1008300004E400E01F2318401E3B8340002905D03C
:10084000C021044A49005350136070478022014977
:100850008B50FAE700E100E001228240034B1B6865
:1008600013405A1E9341D8B27047C04600E100E0E1
:1008700001238340014A13607047C04600E200E054
:10088000064B10309B688000C358054A00209B1A15
:100890002F229A424041C0B27047C04600ED00E0AE
:1008A0005410002070B50D00EFF3108672B60F4A99
:1008B0001368002BFCD0BFF35F8F0D4B10309B688B
:1008C00084001B590B4A934203D09D4201D000F093
:1008D000A5FF074B9B681D51BFF35F8FBFF35F8F71
:1008E0000022024B1A6086F3108870BD240100D0EC
:1008F00000ED00E0C1010010F0B557464E46DE465F
:100900004546E0B585B0060000911700EFF3108B67
:1009100072B66A4A1368002BFCD0BFF35F8F0025C4
:10092000674B5D579A46002D00DAA9E06B00654CD5
:1009300001935B199B009846A146C1444B46524621
:100940009B7910361370604BB6009B6899590B1B4E
:100950002F2B33D95D4B994200D0ACE0019B42462E
:100960009C465B4B6544AD0063535A4B0232A21860
:10097000043B9B1A1B05584A5B0D651913436B809A
:10098000564B0121AB80FF23AB71009BEF71AB6035
:100990004B460B4319004C4B9B689951BFF35F8F3B
:1009A000BFF35F8F0022454B1A608BF3108805B0B0
:1009B000F0BCBB46B246A946A046F0BD01200A00E5
:1009C0008243D3798C46BB4231D845461300444913
:1009D0001B1B5B415943090D3D4B63533D4B023596
:1009E0006519043B5B1B1B053B4D5B0D2B43AA4666
:1009F0004D466B800425AC465546E044131F4444E5
:100A00001B1B1B055B0D1D434B46997100999D8077
:100A100099604946DF71334B01431360BBE75800CF
:100A2000C01880002018C179B9422FD902000623CE
:100A3000D356002BF3DA02932B4B61460393131D1D
:100A40009A4604235B429C46E14450464B461B1A9F
:100A50001B055B0D9C46204B9571984663464046AE
:100A600003439380019B5A199200039BA418A3800F
:100A7000029B1C4AA371009B2260E771A3608AE776
:100A800000F0CCFE002553465D574FE79088029357
:100A90004005131D9A46031561469C464046D444C2
:100AA000634604302018181AE0230005400D1B028D
:100AB00018430390C5E700F0B1FE4FE7240100D0D2
:100AC000E92800205410002000ED00E0C1010010D2
:100AD00000A1FFFF8410002000E0FFFF01BDFFFF29
:100AE000AAAA00000148804701BD000070B501249A
:100AF0000443EFF30581EFF3108C72B6214A1368BB
:100B0000002BFCD0BFF35F8F1F4B05001F4AED1A6F
:100B10006D416A43120D1E4D8900AE6852B276587F
:100B2000A6421CD00621595691421CD0122159567A
:100B3000914222D01E215956914220D02A21595645
:100B40000324914210D0134B19781A708171BFF3AE
:100B50005F8F00220B4B1A608CF3108870BDAB685E
:100B60000D4C5C50EFE700246100091989005B1807
:100B7000FF21997109499980E5E70124F4E70224EE
:100B8000F2E7C046240100D054100020AAAA0000B9
:100B900000ED00E0E9280020C101001001BDFFFFC9
:100BA00010B5084B084C82B00100009300220523C9
:100BB0002000FFF7BDFD002801DB1F23181A02B03B
:100BC00010BDC04640CE0010EE280020024B9C46CF
:100BD00061448900016070474000003470B5114CD9
:100BE000114DAC420FD2FF262368002B0CD0FFF72B
:100BF000E3FD01002000FFF7E9FFA680BFF35F8F50
:100C00000834AC42F0D370BDFFF7D6FD01002000E0
:100C1000FFF7DCFF2671BFF35F8F0834AC42E3D3EC
:100C2000F1E7C046DC170020E417002010B50400EF
:100C3000FFF7C2FD01002000FFF7C8FFFF2323716B
:100C4000BFF35F8F10BDC04610B504000120FFF751
:100C5000BFFD034BC3189B002360BFF35F8F10BD24
:100C600040000034034B9C46614489000160BFF39F
:100C70005F8F7047400000340A4B1968EFF3108013
:100C800072B60A68002AFCD0BFF35F8F1B68BFF3FF
:100C90005F8F00221A6080F3108840BF002000217F
:100CA0007047C046C8280020F0B5DE4657464E467D
:100CB0004546E0B587B0EFF30583032201251A40CE
:100CC000954091008846A946B34B03925C58B34BBC
:100CD0001D60B34B04934B46B24843630823E55E63
:100CE000002D37DAA3881BB2002B00DBADE0A3791F
:100CF000002B00D0EEE00823E05E002820DB43005C
:100D000062691B18DB00D3189E68DD68731C00D174
:100D100011E1A44801004144826A0B69B71A9B1A89
:100D20009F4215D30123026A039883401A420FD0D1
:100D30009C4800F037FB8D4202DCCCD18642CAD9F8
:100D400040BF07B0F0BCBB46B246A946A046F0BDC6
:100D50000E61EDE762696B0092465B19DB009A4415
:100D600053469E68DF6800F01DFB8F42BADC00D15D
:100D700003E1002F00DAE8E05246534652691B694E
:100D80009346049A934200D1D9E052460821605E0E
:100D900052880004594610439847009001910099E9
:100DA000019A0B001000134300D1CEE013000A009B
:100DB000B61A9F41002806DB7A4800F0F3FA009E3D
:100DC000019F36184F4153469E60DF6000229A5EB5
:100DD000002A00DA86E7530099186069C9004118B3
:100DE00002938B68C9689B46B94200DD7AE702D15D
:100DF000B34200D976E708239C46A444059565468E
:100E00002281A446029B2C0006E053009918C900D9
:100E100041188D68C968AB469B18DB00C318B942FE
:100E200006DC00D1B3E01C000023E25E002AECDA0D
:100E3000230064469C4653461A806346059D1D80E8
:100E4000A3881BB2002B00DA51E72269EFF310816F
:100E500072B61368002BFCD0BFF35F8F0123A78805
:100E60005B42A3803FB22369BFF35F8F00221A6009
:100E700081F31088002F00DA39E7230008332200BD
:100E80009A4666697B00DB19DB00F31899685046C7
:100E90008C460824115FDD68002910DB029306E010
:100EA000AB4244D00023E15E2000002906DB4C0069
:100EB0006418E4003419E368AB42F1DD029B07805B
:100EC00000201F5E1980002FDCDA1400A379002BAC
:100ED00000D110E70023A37126000823E15E083645
:100EE0004B1C00D12CE70800A246656902E03E00D9
:100EF0004B1C1AD04B005B18DB00EF180A008C4625
:100F0000E95E7B881BB2002BF1DA01235B42DC1720
:100F1000BB60FC60824205D0534631801B893B8018
:100F200053461A8160464B1CE4D15446E5E6A3685B
:100F30006345B7D9C2E76B1C00D0EAE6F8E65B462A
:100F400058461B69984700281BD153461B882269C5
:100F50002381EFF3108372B611680029FCD0BFF330
:100F60005F8F514662880A8022696580BFF35F8F78
:100F70000021116083F31088B4E6864200D8F8E6B9
:100F8000B0E65B461A685B680092019307E7B345D9
:100F900000D848E74CE7C046AC2800203C7005402C
:100FA000A90C00100040054070B52E4C2569002D9D
:100FB00004D00A212C48FFF709FE70BD2B4E0321F7
:100FC000300000F0E5F9E660FFF7F6FB284B03225E
:100FD0009C46D02322701B061B6801216370254BA1
:100FE0006044A3600F238000206102206380636956
:100FF0004942A18019800231198647311D83585218
:1010000018315A5275325C3999521832013199525D
:10101000183201319952183201319952083518327B
:101020009D520231183299521832013199521832B8
:1010300001319952183201319952183201319952C5
:101040001832013199520C4B0C49DC600130356289
:10105000FFF728FC01210320FFF7ECFB084B1D6084
:10106000A7E7C0469C100020C8280020004005408B
:1010700040000034FFFF1000AC280020A90C001035
:1010800038600540004870479C100020F8B51F00EC
:1010900008AB1B7804001600002B08D100F08AF979
:1010A00032003B00121A8B41002B00DA52E0226919
:1010B000EFF3108072B61368002BFCD0BFF35F8F84
:1010C0000223E15E63694A005218D2009B1822692C
:1010D000002936DB1D886580BFF35F8F0025156012
:1010E00080F31088069A9E60DF601A61079A5A6141
:1010F0005A8801325204520C101C002A1FD082B2AE
:101100005880080410432669EFF3108772B63268DE
:10111000002AFCD0BFF35F8FA2881A80A1802369C8
:10112000BFF35F8F00221A6087F310880A49237883
:101130008C4601329A40E36863441A60F8BD01208E
:10114000DDE7BFF35F8F0023136080F31088012079
:101150004042F3E70020F1E73C20000070B50100B9
:101160000469EFF3108C72B620680028FCD0BFF33E
:101170005F8F02200D5E4C6968004019C000241882
:101180000869002D36DB26884E80BFF35F8F00266E
:1011900006608CF31088E360638804980133206153
:1011A0005B0405985B0CA26060611A1C002B1FD0C9
:1011B00093B22804628018430A69EFF3108C72B668
:1011C0001368002BFCD0BFF35F8F8B8823808D804A
:1011D0000B69BFF35F8F00221A608CF310880B78C5
:1011E00001329A40CB6808498C4663441A6070BD4E
:1011F0000122DDE7BFF35F8F002303608CF31088CB
:1012000001204042F3E7C0463C20000010B543896E
:101210000A1493421ADD53009B184269DB00D3186D
:101220000469EFF3108C72B62268002AFCD0BFF379
:101230005F8F5A88090494B2090C8A4208D0036966
:10124000BFF35F8F00221A608CF31088002010BD5E
:101250008022120214435C80012302698371BFF370
:101260005F8F002111608CF31088044902788C464E
:101270009340C268012062441360E8E73C2000000C
:1012800040787047F0B557464E46DE464546E0B5D5
:1012900006000F0085B0EFF3058399468B46002BBF
:1012A00012D0384900204B6ABB4206D38A6ADB1B46
:1012B000591E8B41B2424041184305B0F0BCBB46B9
:1012C000B246A946A046F0BD2F4B9A46DB68984629
:1012D00053461B784046039300F064F84246039B54
:1012E000040004339B009B580D001B1A390030008A
:1012F000001BA941894510DC0DD020BF214A0020E8
:10130000536A5B45D9D3926ADB1B591E8B41B242AB
:1013100040411843D1E78342EFD900F04BF8320047
:101320003B00121A8B41002B1ADB00230193174B51
:101330003200009350463B00FFF710FF011E0FDD07
:10134000104B5A6A5A451BD39B6AB34216D3504678
:10135000FFF75CFF0B4A0020536A5B45ADD3D2E731
:10136000084A0020536A5B45A7D30020926ADB1B22
:10137000B24240415A1E934118439EE75A45E6D176
:1013800020BFE4E7004005409C100020790C0010CD
:1013900010B5024A0248FFF7A9F910BD5CCE001053
:1013A000902300200300416A0A00986A596A8A4221
:1013B000FAD17047034B596A0A00986A596A9142F8
:1013C000FAD170470040054070B504000D00174A7F
:1013D000536A1900966A536A8B42FAD13000190099
:1013E00024184D41AB4216D813D0104B2A005B6A2B
:1013F0009D4203D90D494B6A9342FCD3934207D1D6
:101400000A4A02E0516A994202D1916AA142F9D393
:1014100070BDA642E9D9054B5B6A1C005A1CEFD08F
:10142000012201246442E5175242E3E700400540EF
:10143000F8B5DE464E4657464546E0B58B460500B4
:101440000A991800160000F03BFB0A9B6C001F0273
:10145000324B64199C46A4006444636881469F42F1
:1014600000D967602B1FDBB29846012B30D9C0230F
:1014700080229B01E31812011A60294BAD005959D3
:101480009A4600291BD17301E026226853401E4072
:10149000802342465B01E3181E60012A30D9802375
:1014A00080229B01E31812011A6053464A46676086
:1014B0005A51F0BCBB46B246A946A046F8BD586991
:1014C00000F0FEFA013043001B18033BFDD2DAE7BF
:1014D0005B46012BCBD1C02303229B01E3181A608A
:1014E000023AA3681A42FCD07301E0262268AD00DC
:1014F00053401E4080230A4A5B019246E3181E6057
:101500005A462168514003220A401A6001225B4674
:101510009A40A3681A42FCD0C1E7C0460080004050
:101520001C240020F0B546464F46D646C0B51F00E5
:10153000344B44009C462418A400644463688846E5
:101540001600FF2B02D880235B006360031FDBB211
:101550009A46012B30D9C02380229B01E318120147
:101560001A60294B85005959994600291BD17301EE
:10157000E026226853401E40802352465B01E31858
:101580001E60012A30D9802380229B01E3181201BA
:101590001A6080235B0063604B465F51E0BCBA4633
:1015A000B146A846F0BD586900F08AFA0130430000
:1015B0001B18033BFDD2DAE74346012BCBD1C023F6
:1015C00003229B01E3181A60023AA3681A42FCD076
:1015D0007301E0262268850053401E4080230A4A9A
:1015E0005B019146E3181E60424621685140032288
:1015F0000A401A60012342469340A2681342FCD07D
:10160000C1E7C046008000401C240020014B800040
:10161000C05870471C240020F8B5040021481E0063
:1016200017000D0000F04CFA0100380000F048FAF5
:10163000069B36041B031E432368002B20DB1A4B3A
:101640001A49E3185A1E93418022920194465B4244
:101650001B0B174A1B0363441360164A13601F00D9
:101660000A689743FBD1144B2560E2182123A06040
:1016700013602368002BFCDA0823E6601360F8BDD2
:101680003F2322681340AB42D9D1A3681B051B0D31
:101690008342D4D1EE22E368D2021340B342CED1CA
:1016A000EDE7C046001BB7000040FDBF08C000408A
:1016B00000E0004000F000400430000010B580243D
:1016C0001C4BE4051C6000281AD001231A4C184357
:1016D0001A4BDC611A4C44401C62596298628021AA
:1016E000144BC9051960174817490860E021C9045F
:1016F0001960002A07D18022144B12061A6010BD0F
:101700000E4BD861EBE753019B1A9B009A1880237C
:1017100012015B049A4209D213000D490B60074B7A
:101720005A608022094BD2051A60E8E7094B1A007B
:10173000F3E7C04600B00540D3C007B000800540C5
:101740002D3FF84FFCFF01000820014000A005409C
:1017500084280020FFFFFF008023024A9B000B43E8
:10176000D362704700800540002310B50100988ABD
:101770001B8B984710BDC046162310B50100188872
:1017800002331B88984710BDF8B54746CE4680B552
:101790000F1E18D014239946043304000025012697
:1017A00098464B461888434621681B88984701C4D1
:1017B000431E984101350640AF42F2D13000C0BC13
:1017C000B946B046F8BD0126F8E7C046002370B51B
:1017D00004000D00988A05491B8B984703000020E0
:1017E000002C01DB0130A040290098475542000041
:1017F000AA23064A1B0113608D235B00D3600449B2
:10180000044B19605368002BFCDA7047004002401B
:1018100000B0FA00006002407047C04610B50148B1
:10182000FEF74CFF80CE001070B5074D074EB54255
:1018300009D20024013E761BB60808CD9847230044
:101840000134B342F9D170BD50CB00108CCB0010E5
:10185000054B064A06491A60064A074B1A601000F3
:101860000B689843FBD1704700E00040BFCDFBFE02
:1018700008C00040FE7F3C0000F00040044BDB6CE1
:10188000002B03D18022034BD2021A607047C0465E
:10189000000011504C201150044A054B1A60054AB3
:1018A0001368DB018033FBD17047C046FFFFFF01A7
:1018B00000F0004008C000404022034B9A675A677E
:1018C0001A67DA667047C04600F0014010B5FEF7AF
:1018D00091FF10BDF8B52749274C284D641AA61072
:1018E0003200302E00D930222800920001F072F828
:1018F000BC2C3BD830202F232C196407204A801B96
:10190000E40F9B1B052B16D93700002C02D0B30027
:10191000771CEA50001B33199B004108EB18C900E3
:10192000C9181A605A6008339942FAD10123034258
:101930001CD09843C619B300EA50731C2F2E15D043
:101940009B00EA50B31C2E2E10D09B00EA50F31CD3
:101950002D2E0BD09B00EA50331D2C2E06D09B0061
:10196000EA50731D2B2E01D09B00EA50054B9D6061
:10197000F8BDC04600010010C001001000000020AA
:10198000C101001000ED00E0002310B5294C82B029
:10199000A367FFF72DFF0122274B1A60636C012B11
:1019A000FCD10322254B1A60224A936B012BFCD1F8
:1019B000013300930121224A22480433FFF72CFE11
:1019C000052301210093204A2048FFF725FE00222D
:1019D000022104201E4BFFF7A5FD00220121052056
:1019E0001C4BFFF79FFD0022002107201A4BFFF739
:1019F00099FD002200210820174BFFF793FD80235B
:101A0000DB000093002200210920134BFFF710FD9B
:101A10000022104B00210620FFF784FD0420FFF771
:101A2000F5FD0E4900F04CF801000020FFF794FE90
:101A300002B010BD008000403CB0004030B000401B
:101A4000002F685900800240008C864700C0024089
:101A5000001BB70040597307006CDC0240420F00C6
:101A600001480421014B1847C010002089170010BD
:101A7000124A936F9B0815D29066D166002905D053
:101A8000FFE7FFE7FFE7516F106F704704B5802154
:101A90000906C2175140002800D0C8430BF020F8B7
:101AA000002104BDF0B5146E556E576F166FFFF729
:101AB000E3FF1466556657671667F0BD000000D057
:101AC000114A936F9B0813D210665166002905D006
:101AD000FFE7FFE7FFE7516F106F704704B500287D
:101AE00001D00020C0430AF0FBFF002104BDC04626
:101AF000F0B5146E556E576F166FFFF7E5FF14665D
:101B0000556657671667F0BD000000D094464A4AF4
:101B1000926F9208624601D228E0C046F0B5464E68
:101B2000346E756E776F366F00F020F89446424A37
:101B300014665566576716676246F0BD94463E4A7E
:101B4000926F9208624601D254E0C046F0B53A4E18
:101B5000346E756E776F366F00F04CF89446364AE7
:101B600014665566576716676246F0BD002B24DB86
:101B700011D000293EDA00B5C943404200D10131FD
:101B800000F038F8C943404200D10131DB435242F2
:101B900000D1013300BD002AEBD1002801D100297A
:101BA00005D00020C90FC90701D1C043410800B5C5
:101BB0000AF086FF0022002300BD00B500290ADBE1
:101BC000DB43524200D1013300F014F8C9434042D4
:101BD00000D1013100BDC943404200D10131DB4396
:101BE000524200D1013300F005F8DB43524200D1EC
:101BF000013300BD002923D1002B18D1002A0CD0BD
:101C0000BC460D4F38667A6600210023FFE7FFE7E8
:101C1000FFE77A6F386F67467047002801D00748A2
:101C2000010000B50AF04CFF0022002300BD0200B5
:101C30000B00002000217047000000D0FFFFFFFFD5
:101C4000002B00D0BFE0130C28D1002AE7D080B4CD
:101C5000114F39667A66FFE7FFE730B4040C7B6FFB
:101C6000396F1B0423433B667A66FFE7FFE7FFE714
:101C7000C04684B27B6F3D6F1B0423433B667A668C
:101C8000FFE7FFE7C04600232C042D0C7A6F386F66
:101C900000196941B0BC7047000000D0F0B594460F
:101CA0000025140E01D112020835140F01D11201C2
:101CB0000435940F01D192000235D40F01D15200A6
:101CC0000135D40B0134254F7C66254C3C660E0C47
:101CD00093B2FFE7FFE7FFE73C6F6643360C7703FD
:101CE000BE467343DF0B5B04C01AB941130C734348
:101CF000DB18C91ACE086643360CB64493B2734358
:101D00001F0F1B01C01AB941130C73431F0B1B0596
:101D1000C01AB941860D8F023E436643360C092D29
:101D200024DB520A7243801A7703460A6643360C54
:101D300016235B1BDE40DF40BF1964466643821BEF
:101D40007046043506330100D940A840C01900D3BD
:101D50000131A24206D20023F0BD0000000000D0F5
:101D6000FFFFFFFF121B0130F3D3F1E709277F1BB1
:101D7000FE406446A2B27243801A00D20139220C9E
:101D80007243130C1204821A99410B0070460435F9
:101D900013370100F940A840801900D30131002B0E
:101DA00002D1A2420AD2F0BD013000D30131121B90
:101DB000FAD2013BF8D1A24200D2F0BD013000D3EB
:101DC0000131121BF7E7F0B51C0C00D080E00CB419
:101DD00000251C0A04D11B02160E334312020835DB
:101DE0001C0B04D11B01160F3343120104359C0B4D
:101DF00004D19B00960F334392000235DC0B02D1D5
:101E000092185B4101351C00971864410134464F1C
:101E10007C66464C3C660E0CFFE7FFE7FFE7C046DA
:101E20003C6F6643360C7703BE4697B27743C01BC0
:101E300000D20139C01B00D201399FB27743C91BC0
:101E4000C91B170C77437E04FF0B801BB941CE08DA
:101E50006643360C0C2D33DBB644120B1F053A4398
:101E60001B0B97B27743C01B00D201399FB2774357
:101E7000C91B170C77433E043F0C801BB941860DEC
:101E80008F023E43664329277F1BFE400C3D774669
:101E9000AF40BF1930BCA2B2ABB272437343801AD9
:101EA0009941220C7243130C1204801A99410200CA
:101EB0000B000137001BA941F9D2781E0021F0BDAB
:101EC0000C277F1BFE4077467F0BAF40FF19E0E7F2
:101ED00000245D1C07D0144F7D663966FFE7FFE7DD
:101EE000FFE7FFE73C6F95B29EB265436643401B38
:101EF000B141150C1E0C6543664336042F0C3E435E
:101F00002D04401BB141994204D202000B00200075
:101F10000021F0BD01D19042F7D3801A99410134DC
:101F20009942F2D3F6E70000000000D0FFFFFFFF68
:101F300048404140484018B41B4B5B68FC46019345
:101F400008BD04DF7322001018B4174B1B68FC4651
:101F5000019308BD00DF7D2200109446134A926F62
:101F6000920809D2624618B40F4BDB68FC46019315
:101F700008BD0CDF352500100C4AF0B5146E556E07
:101F8000576F166F6246FFF7EEFF084A14665566F4
:101F900057671667F0BD18B4034B9B68FC46019366
:101FA00008BD08DFD923001078190020000000D0F8
:101FB000FFB550404240504059404B40594000E02E
:101FC000FFB5154F4C00640D03D0BC4204D10C0387
:101FD00014D80020090D09055C00640D03D0BC4233
:101FE00004D11C030AD800221B0D1B0501264B40FF
:101FF00009D44B4003D58B4200D18242FFBD9942A8
:10200000FCD19042FFBD0B43DB1803431343F5D0D3
:10201000C9434918FFBD0000FF07000000B5FFF7E6
:10202000CFFF01D0002000BD012000BD00B5FFF7AB
:10203000C7FF804100BDC04600B5FFF7C1FF01D911
:10204000002000BD012000BD00B5FFF7B1FF01D9A0
:10205000002000BD012000BD00B5FFF7A9FF8041B1
:1020600000BD012040054A00121804D85A00121879
:1020700001D800207047012070470000002100288F
:1020800005D17047C1174840401AFAD0C90713B5A7
:10209000064B1B6898470CBC441CA2401005120B51
:1020A0000349091B09051943114310BDC428002029
:1020B0001F04000010B54C00620D8023D218DB0015
:1020C000D21A5B057E2A10DD9E3A13DACC1709037B
:1020D000490819435242D140640001341532202A84
:1020E00005DAD0400843604310BD002010BD08460B
:1020F000604310BDC80FC018013810BD18B4044BA0
:102100005B6AFC46019308BD24DFE5260010000051
:102110007819002018B4044BDB6DFC46019308BD10
:102120005CDFF1270010000078190020C94211D3AC
:1021300000B549004908002200F018F8002904D42D
:10214000002240428A41114600BD8021090600203C
:1021500000BD000018B4044BDB6EFC46019308BDC3
:102160006CDFF326001000007819002018B4044B2F
:102170009B6FFC46019308BD78DF0F27001000001D
:102180007819002018B4044BDB6FFC46019308BD9E
:102190007CDF7D270010000078190020132370B524
:1021A0001D78012D19D014DD1F48FFF7E5FA060050
:1021B0001E48FFF7E1FA1E4C80223100200000F09B
:1021C00009FC022D2DD01B48FFF7CEFA1A4B1860E0
:1021D00070BD1A4B164CA364F5E7184B144C2360E2
:1021E0006360A360E36023616361A361E3612362D1
:1021F0006362A362E36223636363A363E3632364B1
:102200006364A364E36423656365A365E365236690
:102210006366A366E36623676367A367E367A364F4
:10222000D1E7064BA364CEE75344000053460000B9
:10223000781900204C330000C428002041220010EF
:1022400007B5604601880A0A0230DF2AFAD1C9B20E
:10225000820804D3028840880004104300E000682C
:10226000014A5050039007BD781900200FB403BCF9
:102270000CBCF0B50124E407634000E0F0B50C0DA0
:10228000CF0F661E3605891B640503D3C943404240
:1022900000D30131640D03D0661CF60A07D0E41B9D
:1022A00000207F00791C89078912803C24031D0DC2
:1022B000DF0F6E1E36059B1B6D0503D3DB435242B9
:1022C00000D301336D0D03D06E1CF60A07D0ED1B51
:1022D00000227F007B1C9B079B12803D2D032F1B40
:1022E000661B58D4A446202E46DA20371400BC4082
:1022F0001D00BD40F24033412A4380185941CB0FA5
:1023000005D0C943C0430022644250415141624656
:102310004D0D28D10D0D07D100281FD024194041A3
:102320004941013A0D0DF9D0640006D3013000D3C4
:102330000131002C01D140084000013A0BD4941C1B
:10234000E40A04D112051144DB071944F0BDD90792
:10235000204B194300E0D9070020F0BD0029DDD152
:10236000002CDBD1F0BD0132C6074008CD07284361
:102370004908002EE1D0D9E73C2E29DA203E40372B
:102380001400BC4000D00124F24014431A00BB40AA
:102390001C43D317ACE7AC46202F08DA20360400E4
:1023A000B4400D00B540F84039412843A5E73C2F23
:1023B0000CDA203F40360400B44000D00124F8403D
:1023C00004430800B1400C43C117EAE710001900AC
:1023D000002494E70000F07FF0B50C0D661E360572
:1023E000891BE60A6405640D02D0651CED0A04D061
:1023F000002001210905803C2403A4461C0D671E12
:102400003F05DB1BE70A6405640D02D0651CED0A7D
:1024100004D0002201231B05803C24037740644440
:1024200097B484B296B27443070C7E43150C6F4385
:1024300080B26843361802D3012000043F183004EC
:10244000350C00197D41844688B29AB250430C0C79
:1024500062431F0C7C438EB27E43921902D3012645
:102460003604A4191604170C3618674101BC81B252
:102470009AB25143040C62431B0C5C4380B2584334
:10248000121802D30120000424181004130C401861
:1024900063412D185E410020474106BC88B293B2CB
:1024A00058430C0C6343120C544389B251435B18DC
:1024B00002D301210904641819041A0C0918624195
:1024C0006D1856410020474118BCF902720D1143A6
:1024D000F0026A0D1043ED020A0D03D16D1940415F
:1024E0004941013B124E9B1B7600B3420ED26D0058
:1024F00007D30130002671416646354301D14008BB
:1025000040001B05C918E4072144F0BD0BDA013374
:1025100006D1013004D101314F0D01D04908F2E755
:10252000E1070020F0BD013631050020EBE7000097
:10253000FF030000F0B51C0D671E3F05DB1BE70A1B
:102540006405640D02D0661CF60A04D00022012343
:102550001B05803C2403D0252D060026F6432E665D
:102560001E096E66CE0FF619B44649004F0D02D013
:102570007E1CF60A03D000200021403F3F033E1B93
:10258000B600B444013F7F05C91B49082E6F0136D0
:1025900076089C02950D25437543ED137543AD13E5
:1025A00001356D10F603761B0CB4CC02450D2C439F
:1025B000A2B2B3B25A43270C7B43350C6F43A4B28B
:1025C0006C431B1902D3012424043F191C041D0C65
:1025D000A4187D4124196D41009A91B2ACB26143B7
:1025E000170C7C432B0C5F4392B25A43A41802D3BE
:1025F00001221204BF182204230C52187B41019CB3
:102600006C431B19520ED9010A434401A01A81B22E
:10261000B2B2514303145A43360C734387B2774323
:10262000D617D21900277E4136049B191704160CC1
:102630007F185E417316ED18F30100268033754153
:10264000A90F06D16400690AE8055B0A184309D29C
:102650002FE00422944480337541A90AA8059B0AFF
:10266000184326D3404149412404009A019B0D00A0
:102670005543641B4343E41A95B286B27543170C65
:102680007E43030C5F4392B25A43B61802D3012231
:102690001204BF183204330C52197B4152429C4140
:1026A000002C02D40022013051414008CA071043D7
:1026B000490802B06246D7079210084BD218084B5F
:1026C0009A4203D212058918C919F0BD0020002AC8
:1026D00001DC3900F0BD01331905F5E7FD03000009
:1026E000FE070000002200B5203200F010F80800BC
:1026F00000BD002200B500F00CF8CA179A4200D1C4
:1027000000BDD8430121C907414000BD00220B157F
:102710000AD410B5944600F0A7F81414013400DA76
:102720000021CB17144C2047002000217047624441
:10273000343A0CD40C2A07DA0400914090405242FB
:102740002032D440214310BDD843D94310BD20329C
:1027500007D40C469440524220321141D0402043CD
:1027600010BD0800C917203203D452422032104154
:1027700010BD1800190010BD2F2700104A00520D7F
:10278000144BD21A13DDFF2A1EDAD205CB0FDB075A
:102790001A43C300400F0903490A084310435B0072
:1027A00001D301D0013070474308FBD2704702D0FB
:1027B000C80FC00770470A0312130132F8D1420F45
:1027C000072AF5D1012200E0FF22C80F000280187D
:1027D000C00570478003000000210A00002104E0CA
:1027E00000210A00C11704E00022002306E0C046D1
:1027F0000022CB1758405940C01A994130B5184CA7
:10280000A21A002903D1010010D00020203A4C1553
:1028100012D104D2013A001849414C0DFAD3114C9F
:10282000A24204D212058918DB07C91830BDD24371
:10283000520D00200021F5E703D4013A0018494168
:10284000FBD50B324405C00A4D052843C90A640074
:1028500003D0002460416141E1E7E0D34408F8E798
:1028600032040000FE0700000A0DCC0F531E1B05AA
:10287000C91A520503D3C943404200D30131520D56
:1028800003D0531CDB0A07D0121B00206400611C1C
:1028900089078912803A1203014BD21A704700004F
:1028A000FF03000051434343C9188C46110C83B207
:1028B0004B4310B4040C614392B280B25043624364
:1028C0001C041B0C001910BC59411304120CC01835
:1028D0005141614470470000132310B512481C7821
:1028E000FEF74AFF0100012C0AD003DD80220F48C9
:1028F00000F070F80E48FEF737FF0E4B186010BD61
:102900000A4C5422200000F065F80B4B6365A36568
:10291000E36523666366A366E36623676367A3676D
:10292000E3672362E361E5E753460000781A00207D
:102930004C330000C42800203D29001007B5604634
:1029400001880A0A0230DF2AFAD1C9B2820804D308
:10295000028840880004104300E00068014A50509B
:10296000039007BD781A002010B5040004F0B8FBEE
:10297000002804D0034B04199C4200D810BD024823
:10298000FDF79CFE000004208CCE001010B50C005A
:1029900004F0B0FE002804D0034B04199C4200D878
:1029A00010BD0248FDF78AFE000004208CCE001006
:1029B00010B504F09FFB10BD01480421014B1847DE
:1029C000D010002089170010014B1B681847000029
:1029D000D0100020014B5B6818470000D010002089
:1029E0009A4200D2885470477047C046F8B557469F
:1029F000DE464E464546E0B599460A9B07009A4694
:102A00000D9B884693460B9C9B073BD10C9B9C429D
:102A10003DD21E1B0B9415000C005E442A004B4651
:102A2000013521002020B847B542F7D1A0460B9CC4
:102A3000002C20D0454636195346321B013C185D08
:102A400029004B46B847002CF6D12B00350098469C
:102A50000D9B9B070FD55B46EC1A0C9BA3420AD932
:102A6000464698462A004B46310020200134B8479C
:102A700001354445F6D32800F0BCBB46B246A94612
:102A8000A046F8BD16001500002CD3D1E0E71600D3
:102A90001500002CCED1EEE7F0B54546DE46574690
:102AA0004E46E0B585B09C4610AB1B78149F93460C
:102AB00098460F9C129E139DBB074CD4002D42D10B
:102AC000B44248D201233B4099460E9B013B9A46B3
:102AD000302304E0524601341355A64201D9202C7C
:102AE000F8D14B46002B00D183E00E9B013B994669
:102AF0003023A54205D82EE04A4601341355AC4296
:102B000029D0202CF8D1FB060CD57B0554D4A64245
:102B100063D0A54261D0119B102B50D0022B57D00F
:102B2000202C32D1202301930E9B5A460093039709
:102B300063460295FFF75AFF05B0F0BCBB46B246AC
:102B4000A946A046F0BD01233B40994601233B42E4
:102B50002AD1B442B9D3FB061CD57B05DBD4002CAB
:102B6000D5D1119B102B5BD0119B022B6BD0302346
:102B700001240E9A13704346002B10D17B073ED5DB
:102B80002B260E9A631C1655CDE723000134302600
:102B90000E9AD654202CC5D04346002BEED02D26BD
:102BA0000E9A631C1655BEE74346002B2FD0013DFD
:102BB000B44200D289E798E7119B102BB2D1BB0633
:102BC00037D5202CAED058230E9A13550134A7E7E1
:102BD000202CA7D02300013407E0631E012CC0D0B5
:102BE000119A102A31D0022AD1D162260E9AD654D7
:102BF00096E7FB06CED57B0500D488E78BE723005C
:102C00003E0790D520260E9A013316558BE70C23EC
:102C10003B405A1E9341ED1AB44200D255E764E797
:102C2000BB060ED478230E9A0224137030235370FF
:102C3000A1E7202C00D175E778230E9A13550134B3
:102C40006EE75823EFE76033EDE70E9AA61E914634
:102C50004E44BA0602D55822327098E77822327074
:102C600095E7C04610B5002800D110BD01F036FD33
:102C7000FBE7C0460B0010B5002802D049681B686E
:102C8000984710BDF0B55746DE464E464546E0B57E
:102C900095B083460F00924698461E9A1F9B1000DF
:102CA0001900209EFFF7DDF9002800D0EAE11E9808
:102CB0001F990122C54B5242FFF7B8F9002800D0F6
:102CC00014E11E981F990122C14B5242FFF7C4F92B
:102CD000002800D0E9E01E981F990022BD4BFFF7A5
:102CE000BBF9002800D0C8E01E981F990022BA4BFB
:102CF000FFF79CF9002800D0BFE01E981F99002222
:102D00000023FFF793F9002800D0E4E000230B93A1
:102D1000229B5B0500D406260024302307E0172100
:102D200006AA013452181355013E202C01D0092E59
:102D3000F5D81E981F99FFF7BDF9A84BF2009B1814
:102D40001A685B68050008920993FFF79BF9020077
:102D50000B001E981F99FFF7EEF8089A099BFFF7E2
:102D60001AF906900791FFF7C9F98146FFF786F92E
:102D700002000B0006980799FFF7DDF80022984B38
:102D800006900791FFF768F9002800D10DE10123B3
:102D90009C46E1444846FFF771F902000B00089891
:102DA0000999FFF749F9002802D000239946013517
:102DB000002E00D1D9E006954D46B94614E006AA8A
:102DC000944617230A216344280001341F19FEF793
:102DD00077FE3031397028000A21013EFEF770FE7F
:102DE000092D00D817E10500202CE8D14F46069D9B
:102DF00020240CAE06AA17239446634499465B46EA
:102E0000B34606930FE04B4628000A210134E6182A
:102E1000FEF72EFE3031280031700A21FEF728FE21
:102E2000051E00D1E4E0202CEDD1069B5E469B46BA
:102E30000323229A1340012B18D1219B002B15D07C
:102E40000B9B002B00D1FDE0219B013B2193202B0C
:102E50000CD93023219A07E0172006A9013409185C
:102E60000B55944200D3CCE0202CF5D1229B019449
:102E70000393219B0096029322E0229B52460493E7
:102E8000219B3900039358461E9B1F9C029600937A
:102E90000194434600F04AF90400200015B0F0BC4C
:102EA000BB46B246A946A046F0BD229B5B070FD4A5
:102EB00003224C4B22990192039121990093029194
:102EC0004346524639005846FFF790FD0400E4E7B8
:102ED0000422454BEEE71E9A1F9B00200021FFF7BE
:102EE0002AF801231E901F910B9311E7229B544651
:102EF0009B0711D1219B042B0ED9219B55469C4643
:102F00005E46043C64442A004346013539002020D3
:102F1000B047A542F7D1B346344D26002B1F994642
:102F20005B46A3461C003200E87843463900013D69
:102F3000A04701364D45F6D123005C469B46229BB7
:102F400004349B07A9D55346219AE31A9A42A4D97F
:102F50005E4615002200434639002020B047534604
:102F60000134E31A9D42F5D897E72800FFF78AF865
:102F700002000B001E981F99FEF7DDFF0022184B80
:102F800006900791FFF752F80CAE002800D031E709
:102F9000069807990022124BFFF75EF8002800D030
:102FA00028E7012301359D4324E70022069807996D
:102FB0000B4BFFF73BF8002800D0F9E64B46002BFF
:102FC0005CD101239C46E144F2E6C046FFFFEFFFDF
:102FD000FFFFEF7F65CDCD4165CDCDC118D300108A
:102FE0000000E03FE4CE0010DCCE0010ECCE00107C
:102FF000069B5E469B460323229A1340012B00D179
:1030000081E0202C00D131E70B9B002B27D02D2312
:10301000335501342AE74F46069D202C00D1E7E6C0
:103020003022331907E0172006A9013409180A5580
:10303000202C00D1DCE6A342F5D12E220CAE0134C7
:10304000F254D7E60C23229A134257D0219B013B1E
:103050002193A34200D9FCE6202C00D106E7229B55
:103060005B0703D52B2333550134FFE6229B1B0757
:1030700000D4FBE6202333550134F7E6DB0700D408
:1030800096E69EE7229B55469B0711D1219B032B79
:103090000ED9219B54469C465E46033D6544220062
:1030A0004346013439002020B047AC42F7D1B34643
:1030B000B9465F461C4EEC1C2A00B0784346494690
:1030C0000135B847013EAC42F6D1229BBB464F4684
:1030D0009B0700D4E1E65346219AE31A9A4200D8AE
:1030E000DBE65E4615002200434639002020B0474B
:1030F00053460134E31AAB42F5D3CEE6219BA342FB
:1031000000D9A6E6B2E6219B002B00D179E70B9B04
:10311000002B97D0219B013B21939C4200D298E643
:10312000202C00D073E7A1E6E8CE0010F0B5DE4613
:1031300057464E464546E0B599B081468B46924685
:103140009846229A239B10001900FEF78AFF002858
:1031500000D0CAE0229823990122824B5242FEF706
:103160007BFF002800D0C0E02298239901227E4BEB
:103170005242FEF75BFF002800D0B6E02298239968
:1031800000220023FEF752FF002800D0C9E1229B55
:10319000239C08930994089809998023269ADB00B8
:1031A0001A400D928022269C1201144022000B949A
:1031B000269C07000E001C4200D0ADE00B0003432C
:1031C00000D0D5E0002A00D00AE222000633249382
:1031D000022313400C930223134200D002E2259BEA
:1031E000042B00D20FE2043B0B93002304250A9327
:1031F0000022229823990023FEF718FF002800D010
:1032000003E25A4B269A134004930B9B0393249B8F
:103210000293089B099C00930194594643465246E9
:103220004846FFF72FFD02002020269B1F27034062
:1032300059424B415B421840531C08935946434640
:103240004530C8470A9AD317D4185C40D30F0A9365
:103250006B1E0B9308AB9C460025674401E0202DB4
:103260000FD020000A21FEF72BFC01357E193031EA
:10327000317020000A21FEF723FC26000400092EED
:10328000EDD8052306930B9B594605930023049321
:103290000A3303930A9B4846029310AB0093089AA3
:1032A00043460195FFF7F8FB0C9B002B2DD05346AE
:1032B000C41A259BA34228D94D465F4681461E006D
:1032C000534639001A19202043460134A847A64224
:1032D000F6D8534648462599C21A01320023914236
:1032E00000D386E1013018180FE0269B0493259B3C
:1032F0000393249B0293229B239C009301944346B7
:10330000524659464846FFF7BDFC19B0F0BCBB46D3
:10331000B246A946A046F0BD01432BD10B9B22002B
:10332000002B00D154E700230A93249B0A9A00241F
:10333000934200DD85E12298239900220023FEF7C5
:1033400075FE002800D035E1269B084A02941A40F9
:103350008023DB0013430493259B0393089B099C64
:10336000CBE7C046FFFFEF7FFFFFEFFFFFF7FFFF59
:1033700006232493B44B70009C46400D6044FEF736
:1033800081FEB24AB24BFEF706FEB24AB24BFEF7DE
:10339000DBFD3603B14B360B334304000D00380020
:1033A00019000022AE4BFEF7C6FDAE4AAE4BFEF74B
:1033B000F2FD02000B0020002900FEF7C5FDFEF71C
:1033C00079FE0A90FEF75EFEA84AA94B04000D00A4
:1033D000FEF7E1FD0022A74BFEF7B6FDFEF76AFE01
:1033E000A54A0600A54B20002900FEF7D4FD0400E5
:1033F00030000D000C96FEF745FEA14AA14BFEF7EA
:10340000CAFD02000B0020002900FEF794FD020017
:103410000B0006000F00FEF7BEFD320004000D0099
:103420003B0030003900FEF78FFD00220E900F9117
:10343000954B20002900FEF790FD0022934BFEF7EC
:1034400083FD02000B0020002900FEF786FD00220C
:103450008F4BFEF779FD02000B0020002900FEF7DC
:103460007CFD0D008021040032003B000020C905D6
:10347000FEF761FD02000B0020002900FEF764FD4D
:1034800002000B000E980F99FEF767FD0022734BA8
:10349000FEF75AFD7F4B0C9C9C466444002223059A
:1034A000FEF779FD06000F0002000B00089809994D
:1034B000FEF7BCFD00280AD00A9B3000013B390012
:1034C0000A930022714BFEF748FD06000F000A9A8E
:1034D000330063323900C62A12D802222698042506
:1034E00010400B9A0C90002A25D1259B042B05D95E
:1034F000002800D0A1E0259B043B0B93042541E06C
:103500000222269810400B9A0C90002A12D1259B7B
:10351000052B76D9002872D1259B0525053B0B93F9
:1035200034E0802212069446229B0893239B634436
:10353000099330E605250B4300D1F6E60898099972
:10354000554A564BFEF780FD002808D00898099987
:103550000022534BFEF76AFD002800D0E5E6249BCD
:10356000002B1CD00D9B002B19D0249B013B2493D6
:10357000259BAB4204D90C9B002B5AD002230C9301
:1035800000230B930A9B002B00D131E60898099980
:1035900032003B00FEF7E1FC0890099128E6259BEC
:1035A000AB42EDD90C9B002B43D000230B9302338D
:1035B0000C93E7E78020269B3A4A00061A408023B6
:1035C00084460294089C099D2900DB001343049360
:1035D000259B6144220003930B00009201938EE629
:1035E0000524A8E600230B930A93023304250C93C9
:1035F000FEE553468C46013B63441B1A72E60223E8
:103600000C930525C2E70423EDE58020089E099F61
:10361000000639008446269A224B614413400493E5
:103620000B9B32000393249B02930B0000920193A7
:10363000F3E5259B5B1B0B93A4E7022304250C9366
:10364000A0E79C1A013C76E601FCFFFFFB799F5046
:103650001344D33FB3C8608B288AC63F0000F03FB5
:103660000000F83F61436F63A787D23F71A37909D8
:103670004F930A400000E03F1655B5BBB16B0240C6
:10368000EF39FAFE422EE63F00002C4000002440B5
:1036900000001840FF0300002D431CEBE2361A3FE8
:1036A00080842E41FFF7FFFFF0B5DE4657464E46B9
:1036B0004546E0B5A5B01E002E9B92460C93CD4A20
:1036C000CD4B80468B461A60002900D1EAE10023E9
:1036D00030789946002800D1ECE1C84B4C460B935A
:1036E000C74B454657460E930AE0631C9846220096
:1036F0003B005946A84744463078002800D187E06F
:1037000001362528F1D108239A46043B9946023B0D
:103710009846013B00229C460D943078711C0300B2
:10372000203BDBB2102B03D80B9C9B00E3589F4639
:103730000300303B89460D9C092B3AD9002398465B
:103740002A2800D1C1E000239A462E284BD003003E
:10375000683BDBB2122B1ED80E999B00CB589F46BC
:1037600063460E001A43D8E743460E001A43D4E7D7
:103770004B460E001A43D0E710230E001A43CCE745
:1037800053460E001A43C8E780235B001A43FF3BF1
:103790009C467078E1444E4667284FD82428A4D927
:1037A0000300253BDBB2422B9FD896499B00CB58A8
:1037B0009F46002394461E0000E00131B3009B1990
:1037C0005B001E180878303E0300303B092BF4D90B
:1037D0000123624689469C460023B0469A460E0065
:1037E000E1442E28B3D13021802049428C46C000CC
:1037F000024370784B4684446146092900D86CE145
:103800002A2800D17AE101239C464E46E1449EE7F6
:10381000A146A846BA46CA4503D801235B42534491
:10382000994653464A4659460020C047200025B0D5
:10383000F0BCBB46B246A946A046F0BD0300693BBA
:10384000DBB20D930F2B00D94FE7012199408C4635
:103850006D49894661464B4619400F91634649467A
:103860000B4200D028E10D9B0A2B3AD0072B00D049
:103870003BE70C9B190008C98846002B00D14BE19F
:1038800021200243914614A98C461F220F21624435
:103890008C4651460D950C91A24615000F9902E0F9
:1038A00020290CD0130064461C4020003730092C1E
:1038B00000D80738013168541A090F2BF0D80C9B37
:1038C00054460D9D9A460F9133E10C9B02CB8846DE
:1038D000002947DB0C9301239C4670784E46E14457
:1038E00031E70C9B02CB14935346002B00D138E1F7
:1038F0009C4608780B000C908C44002801D100F005
:1039000098FC89466146944603E05A780133002AC0
:1039100001D08B42F9D1494662465B1A0C900F9355
:10392000530500D520E10223180010400D901342EA
:1039300000D1CBE30D930B1BB1469A465E460C9823
:1039400022003B003100A84753460134185D00288F
:10395000F6D1B3464E460D9B002B00D0C7E1149B19
:103960000C93C9E60C9301239C4628384942024334
:10397000884670784E46E144E5E670786C2800D1C0
:103980007FE180235B001A43FF3B9C46E14402E752
:1039900080239B001A4301239C467078E144FAE699
:1039A0007078682800D173E180231A437F3B9C46DE
:1039B000E144F0E6672800D103E1472800D15AE14D
:1039C000452800D15AE10492072142460C9B0392FC
:1039D000073352468B43190002920CC9280000920B
:1039E00001930C9122003B005946FFF79FFB040016
:1039F00082E6C046A9360010802800207CD1001045
:103A0000C0D100100CD2001041900000462800D117
:103A1000DBE00492072142460C9B03920733524697
:103A20008B43190002920CC92800009201930C915B
:103A300022003B005946FFF725F904005CE6631CB1
:103A4000984622003B0059462520A847444653E6A5
:103A50000C9B04330D93631C9946920700D422E11A
:103A60000C9B2200187859463B00A8474346444423
:103A7000012B00D885E23300B8462E005F462500B2
:103A80004C46994622004346013439002020B04775
:103A9000AC42F7D12C00BB46350047464E460D9B45
:103AA0000C9329E6DB4B3078984600239946002892
:103AB00000D012E60024AEE66F2800D188E000D8DE
:103AC0000BE31023782800D1CFE09A430A239C46C9
:103AD00000230F930A330D9380E05646B1008919F5
:103AE000490001330E181878303E01003039092999
:103AF000F4D9B2461E000133994628E60C9B0236E3
:103B000002CB8A46C9435046C917084082460C93E7
:103B10003078731C99461AE610231000984311332D
:103B20001843814680201300C0000340024200D1A8
:103B3000A9E64B46069308230593534604931023A6
:103B40000393002302930F9B220001931CAB00936D
:103B500059463B002800FEF79FFF434604000C93A4
:103B6000CAE501235B42C3E60F9B534501D9534687
:103B70000F930223180010400D90134200D1B7E1BB
:103B80000D93D1460B1B9A463300A1442E00220010
:103B90004D460C98B9465F469B4608E04B463900B7
:103BA000541CB0475346185D002877D02200954238
:103BB000F4D15B46BB464F46A94635004C461E0035
:103BC000C9E680231B011A43FDE620231A4320E7A0
:103BD00008239C4600230F9308330D938023110084
:103BE000DB0019401A4200D116E10D239A43100060
:103BF000802302009B001A401492184200D0C2E1B8
:103C0000802302005B001A4091460C9A04320F9206
:103C1000184200D0B7E2430600D59FE1030600D466
:103C200019E30C9B1B880993002B00D0FCE1103397
:103C30009843002900D1F7E10023994643460593B4
:103C4000534604930D9B069003930023D2E058281B
:103C500008D0622867D102239C4600230F930233C9
:103C60000D93BBE720231A43103B9C4600230F9380
:103C700010330D93B2E780231B011A4320231A430C
:103C8000A1E6C0239B001A43F31C9946B07882E555
:103C9000C0231A43F31C9946B0787CE535005E4694
:103CA000BB464F4657E64346012B00D863E1631EEF
:103CB00043449A463300B9462E005F4655469B461C
:103CC000A24622004B46013439002020B047AC42C6
:103CD000F7D135005E46BB464F46A14654460C9B85
:103CE0004A46187859463B004444A847D7E6A146BF
:103CF0000F9B984500D832E64444E41A3300B84696
:103D00002E005F4625004C4699462200434601346A
:103D100039002020B047AC42F7D12C00BB4635001B
:103D200047464E461BE680231000DB0018401A422F
:103D300000D10FE1112118008A430D920D9A8023C2
:103D400011009B0019408C461A4269D18023110052
:103D50005B00194089460C9904310F911A4200D03A
:103D6000CAE113005B0600D5F0E013001B0600D487
:103D700059E20C9B00229B5ED9175A184A4092B216
:103D8000D90F0C91002B00D1F9E1100014AA944630
:103D900042461F23149252466344A84616944D4649
:103DA0000400B946B2461F00159201E0202D0FD045
:103DB00020000A21FDF784FE01357E193031317073
:103DC00020000A21FDF77CFE26000400092EEDD814
:103DD000149B4F46A94645469846159B56469A461B
:103DE000169C0D9B069343460593534604930A2362
:103DF00003930C9B02934B4601931CAB2200009350
:103E000059463B002800FEF747FE0F9B04000C9329
:103E100072E4C046E92900100C239A431000E7E63B
:103E200007220C9B07339343013294469C4462461D
:103E30000C920CCBD90F0F911100194300D191E0D6
:103E4000D917139112915140109113995940119122
:103E500010981199129A139B801A99411090119100
:103E600014AA0023944642469946149252461F33A0
:103E70006344A846B24616944E46109C119DB9461E
:103E800015921F0001E0202E10D0200029000A22E8
:103E90000023FDF753FE013630322B00BA550D00DA
:103EA00022000400002BEED1092AECD8149B1094B8
:103EB000119545469846159B4F46B14656469A463B
:103EC000169C0D9B069343460593534604930A2381
:103ED00003930F9B02934B4601931CAB220000936C
:103EE00059463B002800FEF7D7FD0400FFF704FC0D
:103EF0000F9B984500D8C1E18023DB000D9343461A
:103F00000F9A1B199B1A994633002E004D46B9464D
:103F10005F469B460C9122004B460134390020201D
:103F2000B047AC42F7D143460C9901330F930B785D
:103F300035000C935E46BB464F46002B00D10EE584
:103F40000D9B002B00D1F6E4002319E60C9B1B7897
:103F50001A0015E710239A430D92EFE60C9B1B788D
:103F6000099361E6002399460028AAD10022002384
:103F70001092119374E70C9B2200187859463B006D
:103F8000A8474C468BE50C9AFA3BFF3B07329A4315
:103F90000133994691444B460C931368526815922D
:103FA0001A4306D11032904300220992002900D012
:103FB00081E06122810600D54122D2B20A9214AA80
:103FC00091460A9A00210A3A1492424617925246A2
:103FD00018925A460991B3461F311E000F9B49445F
:103FE000BA4619941A950024674698468946159D45
:103FF00016901B920AE03032D2B24B4601341A5569
:10400000A8454AD0202C4AD006000D003A000023D3
:1040100030002900FDF792FDD2B2092AEBD9149B9A
:104020009C466244D2B2E8E76123820600D5412370
:10403000DBB20A3B0C93434614A91F228C4615930E
:1040400053466244A046B2464C461797A94617000D
:10405000099D0D9E1490169308E03033DBB20134B5
:104060003B55B5420ED3202C0CD005003100280062
:10407000FDF726FDCBB20929EFD90C9A944663448B
:10408000DBB2ECE7159B4D46A14644469846169B8D
:10409000564614989A46179FD0E5B742B2D9179B57
:1040A00057469846189B5E469A461B9B09949B462A
:1040B0001698199C1A9D43460593534604930D9BED
:1040C0000690039300230293099B05E70F9B9845F5
:1040D00000D914E701330F932DE410231100994305
:1040E0000D91692800D0BAE080231000DB00184051
:1040F0001A4200D122E61DE60C9B1B68DA0F110064
:10410000002B00D18CE0DA179818504014AA914681
:1041100042461F23149252464B44A046A946169786
:1041200004006546B2461F000C91159201E0202D57
:104130000FD020000A21FDF7C3FC01357E19303174
:10414000317020000A21FDF7BBFC26000400092E77
:10415000EDD8149B444698460C9BAC461900159B21
:1041600056464D469A46169F0D9B0291069343462E
:104170000593534604930A23039363463CE60028C1
:1041800000D02EE602E60C9B1B689946002B03D15B
:1041900010339843002938D16123820600D541238A
:1041A000DBB20A3B0C9343461693534614A91F22D5
:1041B0008C4617932B006244A0464D46B246189792
:1041C00099461700149C0D9E159008E03033DBB221
:1041D00001343B55B5420ED3202C0CD005003100E4
:1041E0002800FDF76DFCCBB20929EFD90C9A944653
:1041F0006344DBB2ECE7169B149444469846179B45
:1042000056464D469A461598189F43460593534681
:1042100004930D9B0690039300230293149BEBE5FC
:104220000028A1D172E70C9B1B68D9175A184A4085
:10423000A6E580231000DB0018409C460F901A4230
:104240000FD00220030013400F93104219D0002317
:10425000A1460F934CE50C9B1B680993E4E40A000C
:1042600034E40223180010400D90134200D03EE5C4
:104270004346002B00D042E6FFF771FB01330F935A
:104280007FE463460D93F3E70EB4012230B584B0AA
:1042900007AC08CC064D010000942800524203945C
:1042A000FFF702FA04B030BC08BC03B01847C046A0
:1042B000E129001010B50C0084B00394012402A978
:1042C00002900093034813006242FFF7EDF904B037
:1042D00010BDC046752C00100FB430B50C4985B028
:1042E00008AA08CA0D680392002D0CD00092012282
:1042F000084C5242200002A9A847012005B030BC5A
:1043000008BC04B01847180000F032FA0020F5E7A6
:1043100080280020652C001010B5094A030014689D
:1043200084B0002C08D0012200910648524203A913
:10433000A047012004B010BD00F01AFA0020F9E7F0
:1043400080280020652C001000BEFDE7094A03000C
:104350001068002805D00849C3188B4207D813609D
:10436000704706480449C31810608B42F7D90120F2
:104370004042F5E77C24002000000420F0280020C3
:1043800010B5FFF7E1FFC04630B50D0083B019004E
:10439000002A0BD0074B084C0192009302002B001F
:1043A0002000FFF799FF0120FFF7CEFF034B1A0013
:1043B000F1E7C046F4CE001004CF0010D8CD0010B5
:1043C00070B5FDF731FA074D074EB54209D200240A
:1043D000013E761BB60808CD984723000134B3424E
:1043E000F9D170BD8CCB001094CB0010030010B538
:1043F000080011001B68984710BDC046F0B5C646BE
:1044000000B5437D07000C001600002B46D0002AA3
:1044100017DD0B780A2B24D000239846012E13D0E9
:1044200001252900635C01350A2B26D0B542F8D15D
:10443000464509DCA419013C23780D3B5A425341FF
:104440003B7580BCB846F0BD4346E018A419F11A8C
:10445000013C3B68984723780D3B5A4253413B75DA
:10446000EFE7037D002BD7D102210F483B68984727
:10447000012EDFD001239846D2E7631E5B5C0D2B33
:10448000D4D0884504DA4346C91AE0183B689847F7
:10449000022105483B68A8469847C7E70368110012
:1044A00020009847CDE7C04668D30010F0B5C64657
:1044B0000B6806000C0000B5802B06D05A1C226049
:1044C000E418267180BCB846F0BD0F4B1D68002D66
:1044D00016D00B1D98460D4F02E02D69002D0FD010
:1044E0002B68002BF9D03B68002B01D0AB42F4D1F4
:1044F000280041462268FFF781FF2D69002DEFD18A
:1045000001220023DBE7C0466C2400207824002031
:10451000F0B54546DE464E465746E0B583B0914677
:104520001C0080460D00FCF745FF0023304A12189E
:104530004B41002B02DA01222E4B52422E49080039
:104540008A4608F0E5FA07006B1C03D1404603F0E9
:1045500095FC0500002C27D0284E294B1C68002C08
:1045600018D04B46002B21D1264B994602E02469F6
:10457000002C0FD02368002BF9D04B461B68002B72
:1045800001D09C42F3D120002A004146B047246963
:10459000002CEFD1002F26D1280003B0F0BCBB4681
:1045A000B246A946A046F0BD174ED6E7154B994630
:1045B0000A239B4602E02469002CEBD02368002BE1
:1045C000F9D04B461B68002B01D0A342F3D12A003F
:1045D00041462000B0476B465A462000DA71D91D8B
:1045E0000122B047E7E7504608F062FAD4E7C04638
:1045F00040420F00FFFFFF7FDC170020FD4300104B
:104600006C24002078240020ED4300100A4A13682F
:10461000002B05D10CE01A001B691032002B07D0CB
:104620008342F8D1002902D11869106019617047DE
:104630000029FCD01060FAE76C24002010B500F0CF
:104640003DFB10BDF0B5CE464746040080B583B0B3
:10465000FCF7B0FE2600002736184F41002F02DA83
:1046600001261A4F76421A4B1A4D994601AB9846CD
:104670004B461C68002C03D116E02469002C13D093
:104680002B68002B01D09C42F7D1A368002BF4D0FB
:104690000121404698470028EFDD4346187803B0D3
:1046A000C0BCB946B046F0BD0B4B5A6A974207D81A
:1046B0009B6AB34202D302204042F0E79742FAD10C
:1046C00001200021FCF780FED2E7C046FFFFFF7FFC
:1046D0006C2400207824002000400540F0B5CE4630
:1046E000474680B583B06B460600DD1D2870FCF799
:1046F00061FE0023194A12184B41002B02DA0122F5
:10470000174B524217490800884608F001FA164B29
:1047100081461C68002C14D0144F02E02469002C40
:104720000FD02368002BF9D03B68002B01D09C42AE
:10473000F4D1200001222900FFF760FE2469002C3B
:10474000EFD14B46002B05D1300003B0C0BCB946B9
:10475000B046F0BD404608F0ABF9F5E740420F0027
:10476000FFFFFF7FDC1700206C240020782400204E
:1047700070B5040003F082FB012301000500012253
:104780002000FFF7C5FE084B1C68002C06D06368AC
:10479000002B05D098472469002CF8D1280070BD63
:1047A0002469002CF3D1F9E76C240020F0B5CE4643
:1047B000474680B5A3B004000D00FCF7FBFD0023C5
:1047C000274A12184B41002B02DA0122254B524294
:1047D000254E300008F09CF90023220001930700C9
:1047E0002B00224801A9FFF765FD214B8046994621
:1047F0001C68019B002B1AD0002C2FD01D4D02E00D
:104800002469002C0FD02368002BF9D02B68002BD3
:1048100001D0A342F4D12000019A02A9FFF7EEFDD6
:104820002469002CEFD14B461C6800230193002C17
:1048300006D06368002B0BD098472469002CF8D170
:10484000002F07D1404623B0C0BCB946B046F0BDEA
:104850002469ECE7300008F02BF9F3E70194EFE767
:1048600040420F00FFFFFF7FDC170020AD44001027
:104870006C240020782400200FB400B583B004A974
:1048800001C90191FFF792FF03B008BC04B01847BB
:104890007047C0460022014B1A707047EA2800207A
:1048A0004B790020FF2B0BD18B79002B08D1CB79D2
:1048B000012B05D1082A03D9024B8A7809301A70D6
:1048C0007047C046EA2800200120704710B5012932
:1048D00013D112495379107909781B020343002040
:1048E000994200D010BD5378012B08D0022BF9D18A
:1048F000642200210020FCF7E1FE0120F2E7D378DA
:1049000091781B021943480ADB0501D4012040427B
:104910007F238A05D20F1940FCF758FFEA280020B0
:104920000048704734D4001070B505001400012011
:10493000012909D153780020012B05D1637912791F
:104940001B021343072B00D070BD21002800024A30
:104950009F3301F055FAF7E78CD300100123037061
:10496000004870476CD300104B780A781B02134341
:104970008A7810B512041A43CB781B06134396228B
:10498000D200934200D010BD00220120110040420D
:10499000FCF71CFF024B1860024B19607047C046C1
:1049A000842300208823002010B5024B1878FBF7E1
:1049B0005FFF10BDEC280020154B70B51A68002A67
:1049C00022D0EFF3108172B610680028FCD0BFF33C
:1049D0005F8F00200F4A596010701B68BFF35F8F14
:1049E000186081F31088002400250B4E3078FBF707
:1049F00033FF002804D1002400252900200070BDC9
:104A00003078FBF735FFF8E7FA240025A400ECE73F
:104A1000A4280020ED280020EC28002070B5040018
:104A200000200E0001F00AFB002834D0002001F025
:104A30001BFB00282FD0FCF7BDFC0023174A1218DF
:104A40004B41002B16DB164D280008F061F80028BA
:104A500021D0002001F0F2FA00280FD1012000211E
:104A6000404200F001FD03246442280008F020F8D1
:104A7000200070BD01220B4B5242E4E7002001F000
:104A8000F3FA0028EAD021003200002001F0F6FA03
:104A9000041EEAD1E7E703246442E9E740420F003D
:104AA000CC280020FFFFFF7F10B5FCF783FC00231C
:104AB0000D4A12184B41002B02DA01220B4B5242D5
:104AC0000B4C200008F024F800280CD00120002115
:104AD000404200F0C9FC002001F014FB0028F5D191
:104AE000200007F0E5FF10BD40420F00FFFFFF7FF1
:104AF000CC280020F8B5DE46574680B505000C00EE
:104B0000FCF758FC0023364A12184B41002B02DAFE
:104B10000122344B5242344908008A4607F0F8FF1C
:104B2000002803D1C0BCBB46B246F8BD002001F04E
:104B300085FA00284AD00026002C43DD2B4B9B46EB
:104B400014E0A919002001F017FB07000120002143
:104B5000404200F089FC002001F0D4FAFCF72AFC66
:104B6000224BF61918605960B4422BDD002001F089
:104B700023FBA71B0200B84200DD3A00002AE0D167
:104B800001200021404200F06FFC002001F0BAFA41
:104B9000002001F053FA002814D0002001F00CFB93
:104BA0000028E1D1FCF706FC5B460F001A685B6841
:104BB000002184460E4812184B419F4202D8D3D19F
:104BC0009445D1D9504607F073FFABE70020002190
:104BD000064B18605960504607F06AFFA2E7C046CE
:104BE00040420F00FFFFFF7FCC2800206819002003
:104BF00020A1070030B52A4C85B00021200007F025
:104C000077FF00281CD1274B1A68002A16D0EFF333
:104C1000108172B610680028FCD0BFF35F8F0124AA
:104C20002148596002781B68D2B20470BFF35F8FCD
:104C30000020186081F31088002A17D005B030BD1D
:104C400001200021404200F00FFC002001F00CFA8E
:104C50000500200007F02CFF002DEFD0134B1B6840
:104C6000002BEBD0124A10689847E7E7FCF70AFAE6
:104C70000400FCF79FFBFA220023920012184B411C
:104C8000002B02DA01220B4B52420121029100213A
:104C90000191094920000091FCF7F8F9CEE7C046E0
:104CA000CC280020A4280020ED2800208423002008
:104CB00088230020FFFFFF7FB9490010D02310B5E3
:104CC0001B0684B01C68FCF7DDF9FCF7D9FAA0429A
:104CD00002D0002004B010BD294B002100201B7819
:104CE00001F05EFD27480368002B45D00120FBF74B
:104CF00057FFFF23244C254920701840FBF7D2FDB5
:104D000020780121FBF796FD0520FBF7B9FD00286F
:104D100024D1082200211E48FDF756FEFCF7B2F907
:104D20000400FCF747FBFA220023920012184B41C3
:104D3000002B02DA0122174B52420121029100217D
:104D40000191154920000091FCF7A0F90028C0DB73
:104D500012480121FFF75AFC0120BBE70120FBF7B5
:104D600037FD0B4B01001800FBF77CFF00220520EC
:104D70000B49FBF7C1FDEBE7FBF758FFB6E7C04671
:104D8000C4480110CC280020EC280020F54B00106E
:104D9000A4280020FFFFFF7FB9490010E010002089
:104DA000A949001000487047D0D40010004870474F
:104DB0007CD4001010B5040017480378002B20D0D5
:104DC000002C06D1154B16484380063BFF3B038061
:104DD00010BD052C1DD8134BA400E0581249012327
:104DE000013804E001330A800231142B0DD0C25C7B
:104DF000002AF7D1C022DBB25B00920008481343BF
:104E0000E5E7112100F01AF8DAE7CA2304489B000D
:104E1000DDE70020DCE7C046D428002009040000BC
:104E20004424002064D400104624002010B5024819
:104E300000F0D8F810BDC046BC28002030B54B1E8D
:104E4000012900D1A7E0664A11780D092C00303401
:104E50009F2900D9A2E00470012B00D1BEE00F21F0
:104E6000147821400C003034092900D998E04470AE
:104E7000022B00D1B2E054782509290030319F2C53
:104E800000D990E08170032B00D1A7E00F212140D1
:104E90000C003034092900D987E0C470042B00D1FC
:104EA0009CE094782509290030319F2C00D97FE0BF
:104EB0000171052B00D191E00F2121400C0030340D
:104EC000092900D976E04471062B00D186E0D47818
:104ED0002509290030319F2C00D96EE08171072B04
:104EE00000D17BE00F2121400C003034092966D825
:104EF000C471082B00D171E01479250929003031E3
:104F00009F2C5FD80172092B68D00F2121400C0023
:104F10003034092958D844720A2B5FD054792509B6
:104F2000290030319F2C52D881720B2B56D00F2183
:104F300021400C00303409294BD8C4720C2B4DD0C1
:104F400094792509290030319F2C00D9073101734C
:104F50000D2B43D00F2121400C003034092901D9F9
:104F600037310C0044730E2B38D0D1790C09220054
:104F700030329F2900D9073282730F2B2ED00F2297
:104F80000A4011003731092A01D830321100C173AB
:104F9000102B23D010300023037030BD07345AE7A4
:104FA00037310C0063E707316CE737310C0074E7E9
:104FB00007317DE737310C0085E707318EE7373160
:104FC0000C0095E707319DE737310C00A3E7073167
:104FD000AAE737310C00C4720C2BB1D1C018DAE744
:104FE000BC28002010B588B004000D2200216846BE
:104FF000FDF7EAFC0D22002104A8FDF7E5FC4B2398
:105000006A466846137004A90D2207F049FD152170
:10501000082220006944FDF7DDFC08B010BDC04641
:10502000F8B500F047F90C23194DFF22AB670520B6
:105030001849FBF761FC184C402200212000FDF7C5
:10504000C3FC4027002301262121144A66702783D0
:10505000A260136063545F31618445396354104A20
:1050600010496360E2602787A1620B606362E262BD
:1050700007F00EFD80239B052E64EB6490230A4A03
:105080000120EA508022094B5202DA64F8BDC04682
:10509000000011504505002080240020840010509D
:1050A000000110508000105010D00100002011505D
:1050B00010B501210520FBF7BDFB10BD10B5002286
:1050C0000021024800F016F910BDC046A0240020BF
:1050D000044B1970002904D080219023024A8902D0
:1050E000D1507047E6280020002011500B785B0655
:1050F00002D14B78052B00D070478A78014B1A609B
:10510000FAE7C04600001150F0B5C646C87800B5B1
:105110008007830F1800012B60D08F780A794B79B4
:105120007F213940FC091B024E001343334D3219D5
:105130005201AA18977001276740577000275B0536
:105140005B0DD7701383D076B846CA00012C32D0DD
:105150002B4FBC468F016244BC46AC446746BA60E4
:1051600047461760002932D0264AC9009046624659
:10517000414451603F223F339343022837D02249B4
:1051800037190A687F01D3180B602049EF19FA60BC
:105190008B422ED836197601AD19EB7E1C499B0641
:1051A0004A4013438022120613436A6813600120A9
:1051B00080BCB846F0BD174FBC468F016244BC4668
:1051C000AC446746BA6247461760002908D10023FD
:1051D00064012C196360104BE360E8E70020E7E707
:1051E0000B4AC9009046624641445162C2E75B00E7
:1051F000C5E7FCF713FBFA68CCE7C0468024002023
:10520000840010500400105088280020FF0F105018
:1052100000001050800010500001105010B507F031
:1052200037FC10BD10B57F200C0020404000E40981
:10523000110000191A00034B4001C01800F05AF881
:10524000012010BD802400207F23180000B50840F5
:1052500083B00B4204D14B424B41084A0133936661
:105260008022C9094000064B401840010021C018A7
:10527000120107F065FC03B000BDC04600201150CC
:10528000802400207F22130010B50B400A4200D179
:1052900010BDC9095B005B1804485B01C0180023FE
:1052A00000220349C37007F04BFCF1E78024002083
:1052B000FFF7FFFF80220A4B520410B51A60094B1A
:1052C00009491A6010000B689843FBD18022002125
:1052D00052010648FDF778FB0922054B5A6710BDBD
:1052E00000E0004000F0004008C000400000105006
:1052F00000001150002310B5C382013382828376EF
:105300000161040007F014FC002804D080219023E0
:10531000074A8902D150200007F0DAFB002802D0AA
:105320000123237710BD200007F0FAFBFAE7C046FF
:10533000002011507047C0467047C046002070479B
:10534000002070477047C0467047C0467047C0464F
:105350007047C046024B5878431E9841C0B2704710
:10536000981E0020024B18784007C00F7047C046B7
:10537000981E0020F0B5D6464F464646C0B52F4B86
:1053800007009A461B780E00FF2B50D1002941D010
:10539000002154222A48FDF717FB0022294C2A4BF2
:1053A00020001A70FBF742FC284B1C60284C2000A0
:1053B000143CFBF749FC200001F0FAFD254B264D7B
:1053C0001C60264B002B04D02800FFF7C7FA244BA3
:1053D00018602449002489462149002388462A78F8
:1053E00010E043461B6862019B18002B12D05B68DB
:1053F000002B0FD098472A780134E4B2511C2300C7
:10540000A14209DBA242ECD89B1A5B014B445B68CA
:10541000002BEFD100200BE05346310038001F7005
:10542000FFF7FEFD0028F5D03800FFF741FE012010
:10543000E0BCBA46B146A846F0BDC04614110020F3
:10544000981E0020901E0020E7280020EC1E00205F
:105450000C110020F01E0020E52800205D490010FE
:10546000E81C00208CD50010F0B5DE4657464E46AD
:105470004546E0B5C84B91B002931B78FF2B00D195
:105480003EE1C64BC64E9B465F46C64B0DAC0193F4
:10549000C54B009335686A69EFF3108172B61368E3
:1054A000002BFCD0BFF35F8FA9612800210001F021
:1054B000AFFB6A69AB69BFF35F8F0021116083F3B3
:1054C0001088002800D11BE16378082BE2D89B00EC
:1054D000FB589F466368002BDCD0A0689847D9E74B
:1054E0007F222179AF4D0A405300EB189846C80936
:1054F000804440460123303005799D43057105798C
:1055000003339D430571002A00D100E14346A74AB9
:105510001B7D1278934200D3EFE0A54A5B0115682A
:10552000ED18002D00D1EBE0A36862792078AD6919
:10553000A847AFE79F4A1378002B00D1E0E013782B
:10554000013BDBB213701378002BA3D10122954DE0
:1055500001212B78042013432B703423EA5C8A4307
:10556000EA54EA5C8243EA540133EA5C8A43EA542F
:10557000EA5C8243EA54237800209B4600F09EFCBC
:10558000602223791A40602A00D1EFE0402A00D13E
:10559000F5E0DB06DB0E012B00D113E1022B00D17D
:1055A000C7E0002B00D0E1E0202A00D11CE2002A55
:1055B00000D0DBE06379092B00D9D7E07E4A9B005D
:1055C000D3589F46774D2B78DB0700D462E7FFF76F
:1055D000BFFE5FE7019BDB78DB0700D45AE760681A
:1055E000FFF7AAFE56E76F4D2B78DB0700D451E793
:1055F00028780007C00FFFF7A9FE4BE723786A4918
:1056000099468B46694B6A4998468A4639001A780A
:1056100047460023B04600254E46894610E05346D3
:105620001B686A019B18002B00D176E0DB68300014
:1056300098473A780135EDB2511C2B008D4244DC7D
:105640009542ECD39B1A5B015B44EFE72378584902
:105650009946564B8A4698463100BB464E461A78C4
:1056600000250023474689460FE053461B686A0120
:105670009B18002B55D0DB68300098473A780135ED
:10568000EDB2511C2B008D4207DC9542EDD39B1AE5
:10569000009A5B0194466344EDE7019D542200218A
:1056A0002800FDF791F91022FF214448FDF78CF9FD
:1056B00028002022FF2114304E465F46FDF784F972
:1056C00000F0F2FBFFF740FEE4E6364D54220021E5
:1056D0002800FDF779F91022FF21281DFDF774F944
:1056E00028002022FF21143046464F46FDF76CF972
:1056F00000F0DAFB2379AB70CCE6501C984213DA49
:1057000011B0F0BCBB46B246A946A046F0BDA368A6
:105710006279207800F0E6FBBCE646464F46214D14
:10572000E6E74E465F46CBE71F4D9B1A5B015D19CE
:10573000FAE67023217A0B4218D1C80982460F334A
:105740000B405B0098461948EB1853441B7D0078CA
:105750009946834266D216485B01006881469944A7
:10576000002A00D15FE14B46002B68D12078002150
:10577000FFF76AFD80212078FFF766FD8AE6104872
:1057800000F09CFB012158460EAAFFF7CDF8002837
:1057900000D07FE6EAE7C04614110020E4D40010F0
:1057A000F01E0020981E00208CD50010E528002057
:1057B000E81C0020E728002008D500109C1E0020CF
:1057C00029490010237A0F2BD0D8CF4AEB181B7928
:1057D0001578AB423ED3691C9942C7DB5D1BCB4BAE
:1057E0006D01ED18686900F069FB012158466B698D
:1057F0000EAA9847002800D04CE6602215002379B5
:105800001D401A42B2D163790A3B012BAED800F099
:1058100055FB63790A2B00D199E158460EA900F097
:10582000D9FA37E6431C4B4500DAF7E04B461B1A22
:105830005B019946B5488144002A00D1F3E04B460C
:10584000586900F03BFB4B46012158465B690EAAA4
:1058500098479CE7AE4A5B011568ED18002DC1D151
:1058600084E7A37999466B789945D6D06B78002B5D
:1058700000D033E14B466B70002B00D12BE1484642
:105880000138C0B2FFF792FA002800D17EE14378D8
:105890000793022B00D079E10122C179B1468B1127
:1058A000491113400A40302112015B0113432A7849
:1058B000A8468A4313432B7009239A4682445646CE
:1058C000BA46C37882781B021343C31805938E4BE4
:1058D00004938E4B08938E4B09938E4B0A93059B32
:1058E000B34200D855E1737801220B2B03D13378F2
:1058F000F278F6187378042B00D044E1059B00275A
:105900009B1B9BB20693049B0B921D780023039371
:105910001BE0099A7B011568ED18002D00D132E1DA
:10592000310058462B69069A98478446082803D9BF
:10593000069A824200D313E1049B01371D78FFB21F
:105940006B1C03979F4200DD1DE1BD42E1D8039B24
:105950005D1B089B6D019C466544E1E76B780CAAD2
:1059600002321370584601230EA900F049FA91E55E
:10597000E3881A0AD8B20F2A00D9F7E666499300DD
:10598000CB589F460EA800F09FFA5846A179FFF722
:1059900095FB02222B7813432B707BE5E388012BC8
:1059A00000D0E3E608222B78584693430EA92B70CB
:1059B00000F010FA6EE5022029780CAB9A1C8B06D9
:1059C0008908DB0F01400B431380584602230EA9C0
:1059D00000F016FA5EE5E388012B00D0C6E6082247
:1059E0002B7813432B7018E7237A0F2B00D9BDE6D1
:1059F000EB181D79444B1B789D4228D2444B6D0116
:105A00001B685D19002D00D1B0E6686900F056FAF8
:105A1000012158466B690EAA9847B8E6002A00D0C3
:105A2000A4E600239946627902201300039283437F
:105A3000012B15D0002A00D098E62B004344534494
:105A400030331B790CAA9B07DB0F0232BCE75A1CD0
:105A5000AA4200DA8AE6ED1A2C4B6D01ED18D4E764
:105A6000E388002B12D1029B1878039B012B23D0D3
:105A7000FFF7EAFB43460221EB18534430331A790F
:105A80000A4301211A711A790A431A714B46002BF5
:105A900000D1FFE4586900F011FA4B4601215B691F
:105AA0000EAA58469847002000F008FA3523EB5C10
:105AB000DB0700D5EEE4B0E6FFF7E4FB4346022146
:105AC000EB18534430331A798A431A711A790399BF
:105AD0008A431A71DAE7FFF737FC9EE60021584641
:105AE000FFF7F6FA5846FFF799FBAB78074903939F
:105AF0000491054B064998461A7805910023290020
:105B00001D008A461BE0C046E52800208CD5001009
:105B1000E81C0020AC1E002030D50010059B6A0157
:105B20001B689B18002B4DD0DB68584698474346AE
:105B30001A780135EDB2511C2B008D422EDC9542B6
:105B4000ECD39B1A049A5B0194466344ECE70CABDC
:105B50009A1C584601230EA9157000F051F999E4DA
:105B60000B9A012A4FD0002A3CD00023B07804E0E1
:105B70000133DBB20F71934234D2C118C9B2414430
:105B80000D79FF2DF4D04E464546574600236B70E5
:105B9000ECE54E465746FFF7D5FB3EE65546542208
:105BA00000212800FCF710FF1022FF21281DFCF720
:105BB0000BFF28002022FF211430FCF705FF039B78
:105BC000AB7057E65546FAE7FEF7AAFE021E00D173
:105BD000CCE5D37891781B020B4358460EA900F010
:105BE0000FF9D4E565463B002A0031000A9800F021
:105BF0007FFEAC46049B039A1B78664401339342B4
:105C000000DB6CE6BFE7174B29699942ADD1079AD3
:105C1000ABE7FFF793FB021E00D1A7E558461378C8
:105C20000EA900F0EDF8B2E52189FFF7C3F8021ED6
:105C3000F4D19BE5022A0FD0FFF782FB021EC8D1E8
:105C400094E5FFF7AFF8021E00D18FE51223584606
:105C50000EA900F0D5F89AE5FFF7A8F8021EB8D112
:105C600084E5C046B9620010F8B557464E46DE4698
:105C700045460C00E0B516001F00002A3CD07023FA
:105C800098461E4B00259B461D4B9A461AE05B46E4
:105C90001B78200099465346997800F0EBFD0028C8
:105CA0001CD021004846FFF72FFA002816D0A37811
:105CB000DA09012A19D00A9A013513702378E418F9
:105CC000B54219DA6378052B08D1E3789B079B0F5F
:105CD000BB4203D14246A3781A42D8D00020F0BC80
:105CE000BB46B246A946A046F8BD0B9A01351370D3
:105CF0002378E418B542E5DB0120F0E71411002019
:105D0000981E0020702270B58B780C001A4201D0CA
:105D1000002070BD064B20001D78064B997800F0DE
:105D2000A9FD0028F4D021002800FFF7EDF9F0E7E5
:105D300014110020981E00200B007F2010B5184081
:105D4000DB0934334000044AC018044B1168C01802
:105D500000F04CFD10BDC046EC1E0020981E002037
:105D60000B007F2010B51840DB0934334000044A93
:105D7000C018044B1168C01800F060FD10BDC0468B
:105D8000EC1E0020981E002070B57F240F480C40A8
:105D900064000419CD09641930342079C00701D595
:105DA000002070BD0126257909483543007825710A
:105DB000FFF738FA0028F4D10122237993432371A5
:105DC0002379033293432371EAE7C046981E0020EB
:105DD0001411002070B5094C0600082220000D00A7
:105DE000FCF7F8FD00238021E360A3602B783000EE
:105DF000994300220023FFF7C7FF70BD781E0020E3
:105E0000F8B5CE4647469046254E80B581460822D5
:105E100030000D001F00FCF7DDFD4346B36000239A
:105E2000F381EC79AB7924021C43231CBC4200D9DA
:105E30003B1C9FB2B381002C0DD0002F17D04246DF
:105E4000002A2BD0402F1BD89FB233787F2B1CD831
:105E50000021144A0FE080212B7800229943484604
:105E60000023FFF791FFC0BCB946B046F8BD7F23C1
:105E70000022317899433B004846FFF785FFF2E75F
:105E800040239FB233787F2BE2D9064C3A0041463B
:105E90002000FCF79FFD80212200ECE70020E2E7D4
:105EA000781E0020381E002010B514220021024860
:105EB000FCF78AFD10BDC046781E0020014B18611A
:105EC0007047C046781E002010B5054C010008221E
:105ED0002000FCF77FFD0023A360E36010BDC046F7
:105EE000781E002070B5384C1D0023780600DA09B2
:105EF000C9098A4210D00020002D00D070BD2100B9
:105F00003000FFF7F3F82369002B03D022000321B0
:105F1000300098470120F1E77F2B06D8A0680028C1
:105F200034D02A002949FCF755FDE289A1685219AD
:105F3000E38892B24919E281A160934214D03F2DC7
:105F400012D9A389981A051C80B240282AD8207833
:105F5000ADB27F2828D800219A4232D01B4A2B00AC
:105F60003000FFF711FFC9E72369002B05D022009D
:105F700002213000984700280AD08021237800228F
:105F8000994330000023FFF7FFFEB7E70020B5E795
:105F900000213000FFF758F930008021FFF754F955
:105FA0000120ABE74025D2E79A4207D0074C2A00F0
:105FB0002000FCF70FFD80212200D0E78021002285
:105FC000CDE70022CBE7C046781E0020381E002017
:105FD00070B50400FFF7BEF9002800D170BDFFF7CF
:105FE000C1F90028FAD1C8236343124DEE18F178A5
:105FF0000029F3D010335D19280000F0F3FD3F288D
:10600000ECD90020F178FFF797FE0028E6D02800B1
:1060100000F0E8FDF1783F2807D9074BE201D218DC
:1060200000204023FFF7B0FED8E70020FFF798FEDE
:10603000D4E7C046701D0020EC1C002010B5040001
:10604000FFF788F9002801D1002010BDFFF78AF979
:106050000028F9D1C8226243024B01309B181B79FA
:106060001840F2E7701D0020C82310B543430248D2
:10607000181800F099FD10BD801D0020F8B5C82447
:10608000802344431C4F103405003C195B029A42A4
:1060900000D31A4A200092B200F008FE0600FFF773
:1060A00059F9002801D13000F8BDFFF75BF900284D
:1060B000F9D1C8236B43FF18FB78002BF3D02000E5
:1060C00000F090FD3F28EED90020F978FFF734FE6C
:1060D0000028E8D0200000F085FDF9783F2807D996
:1060E000074BEA01D21800204023FFF74DFEDAE704
:1060F0000020FFF735FED6E7701D0020FFFF0000EF
:10610000EC1C0020F8B50400FFF724F9002801D1A9
:106110000020F8BDFFF726F90028F9D1C82565430E
:106120002E00134F2436F619300000F03DFD0028F4
:10613000EED07F190020B978FFF7FEFD0028E7D0E8
:106140000C4DE401651929004022300000F0AEFD3D
:10615000B978041E08D003002A000020FFF714FEBF
:106160000028D5D02000D4E70020FFF7F9FDCFE7C5
:10617000701D00202C1D002070B5C82444430C4B1A
:106180000500E41880235B029A4200D3094A2000EC
:1061900092B200F051FE0600200000F005FD3F28FD
:1061A00001D8300070BD2800FFF7ACFFF9E7C0460A
:1061B000941D0020FFFF0000C82310B54343024890
:1061C000181800F00FFD10BD941D0020F0B500253B
:1061D000184C83B0C82200212000FCF7F5FB164BB9
:1061E00021001D70FF236371E1235B02A360200087
:1061F00008234022A37338310095073B103000F08C
:106200009DFC270001232100200026004022783138
:106210000093B837243000F091FCC0363800FAF70C
:1062200005FD3000FAF702FDE5612762266365632C
:1062300003B0F0BD701D00206C1D00200A4A116BD8
:10624000136A00290CD0002B07D00023D3615363BD
:106250001363002313620120704753631363FAE74B
:10626000002BF8D0D161F4E7701D002070B50F4C01
:10627000052200212000FCF7A7FB0D4D2B78DA0743
:1062800007D50C4C9B070CD50121200000F0B0FE77
:1062900070BD2000103000F08BFE2B78054C9B0762
:1062A000F2D4200000F084FEEEE7C046701D00200E
:1062B0006C1D0020941D0020F0B54B79060083B0C2
:1062C000022B02D18B79022B03D00025280003B0CA
:1062D000F0BD204FBB78002BF7D18B7809253B70A0
:1062E0000C780C196378242B07D00CE02378E41881
:1062F0005D196378ADB2242B05D19542F6D9002003
:10630000FFF766FEE2E71A00052B15D0042AF6D146
:1063100063790A2BF3D1104B277801930133009353
:1063200030000223E119023AFFF79EFC0028CCD08E
:106330000E35ED19ADB2E2E721003000FFF7E2FCC7
:106340000028C2D0A3787B7023785D19E4186278A6
:10635000ADB2DBE7701D0020721D0020F8B5602390
:1063600014001278050013400020202B07D1304A7A
:106370006379277916781B023B439E4200D0F8BD13
:106380006378222B1AD007D8202B34D0212BF6D1BA
:1063900001293ED00120F2E7232BF0D1012940D082
:1063A0000329F7D1234B002BF4D0E178A37809021D
:1063B0000020194300E000BF0120E0E7012930D0B0
:1063C0000329E7D101252E00A378E47802392402BD
:1063D0001C431471264024321000714000F008FE66
:1063E000154B002BD6D06208002031002A4000E077
:1063F00000BF0120C3E701290BD00329CAD10F4BED
:10640000002BC7D0083200201100FEF7ADFA0120A2
:10641000B5E7072321002800094AFFF7F1FC012016
:10642000ADE721002800FFF7D5FC0120A7E7C04613
:10643000701D0020000000000000000069490010ED
:10644000781D0020F0B54F464646D646C0B5364DBD
:106450008046EA780C001F008A423CD0AB788B4221
:1064600010D00020E0BCBA46B146A846F0BD2F4B84
:10647000002B04D02E4800F0ADFB002851D00020A6
:10648000FFF7A6FDAB78A34201D00120EAE7294B34
:10649000002B02D0002000E000BF0020FFF732FEFA
:1064A0000028F2D1244C200000F07EFB0028ECD123
:1064B000002FEAD0BF06E8D1243C4046A178FFF780
:1064C0003BFC0028E1D0002300224046A178FFF7E2
:1064D0005BFC0120C6E79AB210239A46174EAA44E5
:1064E0003100504600F0A8FC154B002BBFD06B7953
:1064F000FF2BBCD0002FBAD0F219914603E0013631
:106500004E45B4D06B7932789A42F8D1504600F0BB
:1065100061FB0028F3D15346103B597900E000BFDE
:10652000EDE700E000BFAAE7701D002000000000BA
:10653000801D002000000000941D0020EC1C0020A5
:10654000000000009322F0B5134C85B0002120001C
:106550009200FCF739FA23002000802640270F4DD7
:106560004D337600FF33293002950093002200233B
:10657000002103970196FF3000F0D4F94035201D2B
:1065800028340023012200210397029501960094EC
:1065900000F0C8F905B0F0BD34200020B41F002081
:1065A00010B5054C200000F0F3F920002538FF3825
:1065B00000F0EEF9012010BD5C21002070B5084C00
:1065C000002520003130FF30257000F0F1FC200064
:1065D0000C3000F0EDFC2A23FF33E554657170BDEB
:1065E00034200020F8B557464546DE464E46E0B515
:1065F0004B7980460F00FF2B5BD1404B99462A23F5
:106600004946FF33CB5C002B53D14E79002E50D13D
:10661000BB783C780B703B793C19002B46D0982313
:106620005B004B449A460C234B449B46A51803E061
:10663000AC423BD22378E4186378052BF8D1AC4206
:1066400034D221004046FFF75DFB002831D0A3780B
:106650000136F6B2DB09012B32D0504600F0A8FC1F
:106660002A234946A278FF33CA54637922791B0250
:106670001343234A5B0594465B0D942163445A42BD
:1066800053414A4602204900525C5B008243134357
:106690004A46535451464046083900F0E3F9002871
:1066A00007D02378E4183B79B342C5D8E01B80B209
:1066B00000E00020F0BCBB46B246A946A046F8BDAB
:1066C000584600F075FC5A46A3780C3A537163792A
:1066D00021791B020B430A495B058C465B0D634421
:1066E00059424B41022011795B0081430B435946CB
:1066F00000200839137100F081F9D2E7342000201E
:1067000000FEFFFFF8B52A2506001F48FF35455D4E
:106710001F008D4215D043798B4201D00020F8BD77
:106720001A4B002B04D039040020090C00E000BFF4
:10673000174C3000210000F061F900281DD0012025
:10674000EDE79A235B00C35A002B0DD1114B002BB0
:1067500004D000201049BAB200E000BF30000F4959
:1067600000F080F90120DAE796235B00C158313050
:10677000BAB2FF3000F060FBE8E73A0021003000D9
:1067800000F008F90120CAE73420002000000000D2
:106790003820002000000000B41F00205C210020F1
:1067A00000B5030083B0002910D00020012B07D8CA
:1067B0000A78002A04D00C48C2540120012A01D0D2
:1067C00003B000BD1800FEF7D5FDF9E701236A46C6
:1067D000002001A99380FEF7CDFD0028F0D0012212
:1067E000014B1A70ECE7C0468C1E0020037870B590
:1067F000DB0704000E00DD0F002B17D103785B07C9
:1068000001D5280070BD01213000494206F078F919
:106810002378DB07DD0F002B0AD123785B0708D430
:106820000422237801251343237002E00025E8E7C2
:106830000025300006F03CF9E3E7C04670B50C00D7
:10684000012106004942200006F05AF933785B071F
:10685000DD0F002B04DB200006F02AF9280070BDB4
:106860003378DB0704D40422337893433370F2E7A0
:106870000025F0E7437902791B021343C2785B05D8
:1068800092075B0D920F022A1DD0032A0CD0002024
:10689000012A08D102394A425141124A94466144C0
:1068A00099424041C0B2704702394A1E91410E4A96
:1068B000494211408022D20094460020614499420E
:1068C0004041C0B2EFE7022905D0002040229A42A1
:1068D0004041C0B2E7E7054A981843425841C0B268
:1068E000E1E7C046FF03000040FCFFFF00FEFFFFA2
:1068F0008A1870B5914207D27F264C78052C04D0B7
:106900000C7809198A42F8D870BD34008D782C4073
:1069100064000419ED0963550C7809198A42ECD812
:10692000F2E7C046F0B5C64600B582B0150008AA29
:1069300040CA040017886A46928D012090460A00DA
:106940002178024081432000114321703A000093D6
:1069500031000123083000F0F1F8002E01D0002FA3
:1069600008D10A9B012063604346638002B080BC6B
:10697000B846F0BD26001C363000FAF757F9002360
:10698000002D01D0330000266361A661E9E7C0460F
:1069900001207047F8B502240B7807001C406342C1
:1069A0005C41144B64421C40134B08009C46083069
:1069B0000D001600644400F0F7F8002807D1002EFF
:1069C00005D0344203D101242B781C4201D0002091
:1069D000F8BD38006978FFF7AFF90028F7D02B78B9
:1069E0001C42F4D10023002238006978FFF7CCF96B
:1069F000EEE7C04640FEFFFFFF010000F8B50D00C6
:106A00000835060028000C0000F0CEF8002803D05E
:106A1000012723781F4201D00020F8BD30006178A3
:106A2000FFF78AF90028F7D028006288616800F033
:106A30003DF9237805001F4000280BD0002FEBD133
:106A40000300626830006178FFF79EF90028E3D008
:106A50002800E2E7002FDFD130006178FFF780F9EE
:106A6000DAE7C046F8B5CE46474680B58A890600C3
:106A70000C000B78002A07D101251D4240D00020D0
:106A8000C0BCB946B046F8BD9B0733D42A4B40255D
:106A9000994627000837380000F0A4F88542EED860
:106AA0000122237890461A42E9D130006178FFF73D
:106AB00043F90028E3D0380000F094F842462378E8
:106AC0001A40854231D8002AD9D14A46638802400B
:106AD0001D1C934200D9151CADB200226178002D17
:106AE00000D062682B003000FFF74EF90028C6D0B6
:106AF0002800C5E7FE2380251B029946AD00C8E7A4
:106B00004978FFF719F90028B9D023781D42B6D18A
:106B1000638800226178002B00D062683000FFF7A4
:106B200033F90028ABD06088AAE7002AA7D130004B
:106B30006178FFF715F9A2E7C0FF0000F0B5C6467F
:106B400000B504006846057E8020884617001E00B8
:106B50000002824226D8E068002803D00121494281
:106B600005F0CEFF2069002803D00121494205F03D
:106B7000C7FF4346236073045B0CED031D430023F2
:106B8000E0686381A780E5802381002801D005F0BB
:106B90008FFF2069002801D005F08AFF012080BC0A
:106BA000B846F0BD0020FAE710B504894189828813
:106BB000A3B288B28C4207D31B1A9BB2101C9A4214
:106BC00000D9181C80B210BD5100091A5B189BB285
:106BD000F4E7C04603894089181A43425841C0B2BD
:106BE0007047C04610B5048941898288A3B288B233
:106BF0008C4207D31B1A9BB200209A4201D9D21AA9
:106C000090B210BD5100091A5B189BB2F4E7C04660
:106C100070B5040000690E00002803D0012149422C
:106C200005F06EFF25896089A288A9B283B28542EA
:106C300032D3CD1AADB2002D28D0AA4208D291424B
:106C40002FD3891A8BB263819A4203D89B1A9BB2C5
:106C50009A42FBD9E28821685204520C5343300017
:106C6000C918FBF7B7FE63890125591C89B2A288B0
:106C70008B420DD900215200891A89B220696181A5
:106C8000002801D005F014FF280070BD618989B289
:106C900052009142F2DBEFE75500ED1A4D19ADB20B
:106CA000C9E789188BB26381CEE7C046F0B5464686
:106CB0004F46D646C0B50600006989469046002872
:106CC00003D00121494205F01BFF31897289B58843
:106CD0008BB294B2914254D31F1BBFB2002F4AD043
:106CE000BD4205D2AB4251D25B199CB22F007481D8
:106CF0004346B8453DD89FB2A54203D8641BA4B211
:106D0000A542FBD9F28831685204520C9046624386
:106D10002B1B9BB2891842469F4225D953439BB2F5
:106D20001A0048469A46FBF755FE434648467D1BE7
:106D300064195C4331685044A2B2FBF74BFE718981
:106D4000B588CB199BB26A00994216D99B1A9BB29F
:106D500030697381002801D005F0AAFE3800E0BC3C
:106D6000BA46B146A846F0BD48467A43FBF732FE24
:106D7000E5E73B1CBFE773899BB26A009342E7DB00
:106D8000E4E76F003F1BDF19BFB2A7E75B1B9CB2B4
:106D9000ACE7C046F8B50400C0680E00002803D078
:106DA0000121494205F0ACFE258920896189A2882C
:106DB000ADB283B28FB2884229D3DB1B9BB29A4219
:106DC00009D8E779FF0906D1E068002801D005F06D
:106DD0006FFE3800F8BD2B0095421DD39B1A9BB265
:106DE0009342FBD2E28820685204520C5343310094
:106DF000C018FBF7EFFD6B1C9BB2A2889D4217D910
:106E0000002352009B1A9BB201272381DCE751002B
:106E1000C91B5B189BB2D2E7E28820685204520C6F
:106E200053433100C018FBF7D5FD0135A288ABB242
:106E300052009342E8DBE5E7F0B54E465746DE46A2
:106E40004546E0B589460600170083B0002A67D0A2
:106E5000C068002803D00121494205F051FE338962
:106E6000F2799BB298467389B5889BB2D20940D11A
:106E700098455ED26A00D31A43449BB2AB425DD2BE
:106E8000EB1A1A1C9BB2BB4200D93A1C97B27B1B6F
:106E90009BB20193F3885B045B0C9A464346DB1973
:106EA0009BB29B464446A84503D3641BA4B2AC42A4
:106EB000FBD25346634330682D1BADB2C018BD42B0
:106EC0004BD3524649467A43FBF784FDB3885B00B7
:106ED000D84501D89B4503DB5A46D31A9BB29B4643
:106EE0005B463D003381F06800281AD005F0E0FDD4
:106EF00017E0F2885204520C9246AF4220D29845D5
:106F00004DD34246D21A92B26900781B80B2D21990
:106F100001908A4233DA4346FB189BB29B46C1E795
:106F20000025280003B0F0BCBB46B246A946A046E7
:106F3000F0BD4246D31A9BB2AB42A1D30025D2E7A3
:106F4000002DD0D07F1B574398465A19002392B288
:106F5000B94493462F000193A4E753465D43ADB275
:106F60002A004946FBF736FD019B2900E2185346EB
:106F70005A43306892B24944FBF72CFDA6E75A19F0
:106F800092B29346D21B92B2904693420CD943469A
:106F9000591A8BB29846FB189BB29B4682E7690050
:106FA000CA1A424492B2B0E7914200DD7AE7EEE7B6
:106FB00010B50400C068002803D00121494205F043
:106FC0009FFD2069002803D00121494205F098FD6A
:106FD0000023E06863812381002801D005F068FD6B
:106FE0002069002801D005F063FD012010BDC046D6
:106FF00070B50400C0680D00002803D0012149428B
:1070000005F07EFD2069002803D00121494205F0EA
:1070100077FD7F21E379ED011940E0682943E171B3
:10702000002801D005F044FD2069002801D005F0BA
:107030003FFD012070BDC04670B50B0C0024150C3F
:10704000002B28D1002D3CD18BB291B2594300F0D6
:107050005BF8051E33D00300083B5A6803239A43AC
:10706000043A242A12D80300132A0AD9046044607F
:1070700008331B2A05D98460C460242A2AD003005F
:10708000103300221A605A609A6002E00021FBF778
:107090009BFC280070BD002D16D1151C89B292B240
:1070A0004A43ADB29BB26B43110C5B18190C0BD168
:1070B000190492B2114300F027F8051ECBD1002528
:1070C000E7E72B1C0D1CE9E700F07CFE0C230025F4
:1070D0000360DEE70300046118334461D1E7C04672
:1070E00010B5034B0100186800F00EF810BDC04643
:1070F0002815002010B5034B0100186800F046FF6A
:1071000010BDC04628150020F0B54E464546DE4667
:107110005746E0B50D000B35060085B0162D21D879
:10712000102900D9D4E000F0D5FA10251823022147
:10713000CA4FFB181A005C68083A944200D186E1F5
:1071400003226368A1689343E268CA6091600121E9
:10715000E3185A6830000A435A6000F0C3FA20006E
:107160000830B8E007239D4300D5B1E0A94200D91B
:10717000AEE000F0AFFAFC235B009D4200D2E0E1FC
:10718000690A00D1AEE0042900D9A1E1382398466C
:10719000A90988443931CB00082252429446AF4FA6
:1071A000FB189C446346DC68A44514D0032399462D
:1071B0000B0061469C4607E0E068002A00DB40E1E6
:1071C000814200D141E104004A46636893435A1B5F
:1071D0000F2AF1DD41463A003C690832944200D161
:1071E0001EE1032063688343581B0F2800DDACE1D8
:1071F0003A617A610028AADA7A6890468022920081
:10720000934200D336E1DA0858090123834040460F
:1072100018438046D300DB199A687860E360A26067
:107220009C60D46001208B109840404562D8434652
:1072300003420AD1032399434346400004310342E9
:1072400003D1400004310342FBD00323B3469C46E4
:107250000E00B8460190F00040440100B246CB68F1
:107260000BE064465A681F00A243DB68541B0F2CD6
:1072700000DD39E1002C00DB53E19942F1D101231B
:107280009946CA44534608319B07E8D1032205E0DA
:1072900003680838013E834200D013E23242F7D13E
:1072A0004346019A5B68934342465360019A5200F9
:1072B00001929A421CD8002A06D119E00422914674
:1072C000019ACA44520001921342F7D05646C2E7CF
:1072D0000C233360002005B0F0BCBB46B246A94683
:1072E000A046F0BD80233F22402190469B0053E7FB
:1072F0005E4647460322BC68636893439846AB42A8
:1073000003D35B1B0F2B00DD8DE02300434402936E
:10731000534B08201B6810335B19019300F058FD94
:10732000504903900B688A46013306D08446019B7E
:107330004242013B6344134001933000019900F045
:107340002FFD03008146013300D11CE1029B8342E3
:1073500000D916E1444B02989B461A68019B594696
:107360009C4662440A6003990139484500D157E1BF
:1073700053461B68013300D15EE14B4602981B1A4D
:107380009B185A46136007234A4648461A40029201
:10739000184200D115E10398013384469B1A019AE3
:1073A00099444A44019263440A409B1A19403000B0
:1073B0008A4600F0F5FC431C00D158E14B46C01A48
:1073C0000300534401935B461A68012052441A603B
:1073D0004B464946BB60019B03434B60BC4213D004
:1073E00043460F2B00D82BE107210C3B8B436168F0
:1073F0000140052019436160E118486088600F2B47
:1074000000D93FE14B465B6818490868904200D2BA
:107410000A6017490868904200D20A604C46B4E0FE
:107420007B689846FEE60122290013431143651943
:1074300061603000BD606B6000F054F920000830DE
:1074400049E7A268D060826081E66146C3E6DC68F5
:107450000231A34200D1BEE672E6C04620110020F0
:10746000AC1B0020181100207C1B0020A41B002056
:10747000A81B00205A0A042A7CD9142A00D9B0E09B
:1074800010005B3082465C32D200082040428446C5
:10749000BA189444624692680B308146944500D1F4
:1074A00086E00800A2466146844602E09268914266
:1074B00004D04C465068A0439842F7D8D368614640
:1074C00054469C466346A260E3609C60D460A9E693
:1074D000142967D9542900D98CE06E239846290BCA
:1074E00088446F31CB0057E6BA46012051468446A6
:1074F0004919054350464560856847466046EB603C
:107500005E469D6053463961796120430837486083
:10751000CF6030008F609C5000F0E4F85046083097
:10752000D9E6BA4601205E46524451680143516093
:10753000BA683000D3609A6000F0D4F838000830A0
:10754000C9E62B00E9080833F2E5611988460121F4
:107550008C460D434146656039617961CA608A6035
:10756000624602434A60E050300000F0BBF8200061
:107570000830B0E69A091000393238308246D2001D
:1075800083E7BC4241D0BC686368032293431A007E
:107590005B1BAA4202D30F2B00DD44E7300000F052
:1075A000A1F897E65B23984688445C31CB00F3E56D
:1075B0005346981001238340404618438046786024
:1075C00080E7019B039A4B440B40D31A19403000CB
:1075D0008A4600F0E5FB431C00D0EFE600239A4604
:1075E000F1E6542A2ED81A0B10006F326E30824604
:1075F000D2004AE7AA235B0099422ED8DD3B984689
:10760000E90B88447831CB00C6E5304B9B461A68BD
:10761000019B9C465B4662441A60039B591EA7E689
:107620004846084200D0A3E6B96843448946012190
:107630000B4349464B60E7E653464A461A60A2E6CA
:107640004860ABE7AA204000824226D8DA0B10003F
:10765000783277308246D20017E71D4B994226D800
:107660007C239846A90C88447D31CB0094E5019A8F
:10767000029B94464A46083B63449B1A01930023AD
:107680009A46A0E621003000083100F07FFC5B46FE
:107690001A68BB6899465B68B6E60D4882420CD80A
:1076A0009A0C10007D327C308246D200EDE6FE233B
:1076B0007E227F2190469B006EE5FE227E20920076
:1076C0008246E2E643465B68F0E5C0467C1B00204C
:1076D0005405000010B5024800F0CCFB10BDC046B8
:1076E000781B002010B5024800F0C6FB10BDC04654
:1076F000781B0020030010B50A0003490868190030
:1077000000F004F810BDC04628150020F0B557461B
:107710004E46DE464546E0B50C000600170083B035
:10772000002900D1ACE0FFF7D5FF08235B42994662
:10773000A1444B465B68032219003D0091430B3581
:10774000CA468846162D67D81025AF4267D8A84587
:107750006EDA4946C04841444A68009080689346C2
:10776000884200D1A0E00120844610006246904388
:1077700008184068104200D077E05A460320824340
:107780009346C3445D454EDD6046184212D14B46D8
:1077900048461B68C31A03209B465B688343D21884
:1077A00042440092954200DCCCE0434400939D4269
:1077B00000DCCBE039003000FFF7A6FC071E00D14B
:1077C0001EE14B4601225B68934302004B44083A9A
:1077D000934200D1E3E04246043A242A00D9E3E090
:1077E00003002100132A09D92368036063684360FA
:1077F0001B2A00D9DCE00300083108330A681A604C
:107800004A685A608A689A603000210000F0BEFB26
:107810003000FFF767FF20E00432954395D50C2335
:107820000027336019E0D846CB688A68D3609A6035
:1078300043465F1B5346012250465B684044134059
:107840000F2F22D841460B4351464B6043681343E8
:1078500043603000FFF746FF2700380003B0F0BC5C
:10786000BB46B246A946A046F0BD1A42A2D14B463D
:107870004A461B68D31A03229B465B68934394E7EE
:107880001100FFF741FC0700E7E751462B43491978
:10789000554617436B604F6043680831134343609C
:1078A000300000F073FBD4E703218A43944629009B
:1078B000C44410318C4500DB84E0DB0700D579E758
:1078C0004B4648461B68C31A03209B465B688343AC
:1078D000D21842440192914200DD66E75B465A4667
:1078E000DB6892685F46D3609A604246043A083784
:1078F000242A00D999E03B00132A0AD95946236863
:107900008B606368CB601B2A00D993E05B46083428
:10791000103322681A6062685A60A2689A605B46F7
:1079200001225919009B30009960019B5B1B134396
:107930004B605B465B6813405A462B435360FFF72E
:10794000D1FE8AE7CB688A68D3609A605B465A4664
:10795000DB6892685F46D3609A604246043A083713
:10796000242A17D83B00132A09D9594623688B606B
:107970006368CB601B2A39D85B4608341033226811
:107980001A6062685A60A2689A60009B3C00984640
:10799000DA464DE72100380000F03EF9F5E7032212
:1079A0005B689343984443E7210000F035F92BE7E7
:1079B000A3688360E368C360242A26D003001031E3
:1079C00010331BE74B465919009B0122996063460F
:1079D0005B1B13434B604B465B68300013404A46C9
:1079E0002B435360FFF77EFE270036E7A3680B6149
:1079F000E3684B61242A10D05B4610341833BEE78D
:107A00003000FFF76FFE002727E723691831036175
:107A10000300626918334261F0E623698B615B46BB
:107A200062692033CA611834A9E72100380000F0E8
:107A3000F3F874E7A3680B61E3684B61242A03D071
:107A40005B461034183364E723698B615B466269D7
:107A50002033CA6118345CE720110020F0B5574686
:107A60004E464546DE468846E0B50C0092461E006E
:107A7000082183B00190464823001D780134425DFF
:107A80001142F9D12D2D5ED0002293462B2D33D0FB
:107A9000002E07D1302D62D00A23052199460A26EF
:107AA0003C4F0DE0102E53D0012031004042FAF738
:107AB00007F80700012031004042B146FAF700F80C
:107AC000002200202B00303B092B07D9113B192B3A
:107AD00003D92B00613B192B11D80A339E420EDDCE
:107AE000551C06D0B84221D81ED04A465043012228
:107AF000181825780134E5E725789C1CC8E7531C45
:107B000017D05B46002B00D040425346002B04D0D8
:107B1000002A15D1534642461A6003B0F0BCBB465A
:107B2000B246A946A046F0BD8B42DEDD012252429C
:107B3000DFE72223019910000B605346002BECD0A5
:107B4000631E9846E6E725789C1C01239B469FE729
:107B5000302D0FD010230F2199460F4FB0E7202270
:107B600023789343582B0AD00823072199460B4FBB
:107B70000836A5E7202223789343582BEAD1102317
:107B800065780F2199461026034F023498E7C046C6
:107B9000CDD5001099999919FFFFFF0FFFFFFF1F27
:107BA00010B5FFF75BFF10BD10B504001300034ACA
:107BB00010680A002100FFF751FF10BD28150020B2
:107BC0000EB48123F0B500269CB021AD02AC9B0021
:107BD00080CDA3811B960290069000F04FF90B4BCD
:107BE00003900A9301235B42E381094B07903A001B
:107BF000210018682B000E961396019500F07CFB6F
:107C00001CB0F0BC08BC03B01847C046157C00107F
:107C10002815002000207047F0B5CE46474680B5B5
:107C200088420DD98B1898420AD2531E002A03D0DD
:107C3000CA5CC254013BFBD2C0BCB946B046F0BDE1
:107C40000F2A0BD80500561E002AF5D00023CC5C65
:107C50001A00EC5401339642F9D1EDE703000B43CF
:107C600088469B0734D110261700B1460C0003004C
:107C7000103F3F093F01C519A94426681E60666888
:107C80005E60A6689E60E6681034DE601E001033F9
:107C9000AE42F2D1CF1939000F230C2610318C4699
:107CA0001340164217D04446043B9B089B00FF1824
:107CB0001437061B0C688D1904312C60B942F9D1B8
:107CC0006146043359184B441D0003231A40BAE798
:107CD0000500561EBAE74D461A00B4E70323CAB2A0
:107CE000F0B50340002A35D00324002B2DD1FF230B
:107CF0000B401D02ED182B04ED182C000168264ED8
:107D00004C408B198B43A119A143244E0B433342A2
:107D100011D14168204F0C00CB196C408B43E11905
:107D2000A1430B4304303342F3D00378002B05D03A
:107D30009A4204D001300378002BF9D10020F0BD25
:107D40009342FCD001302042D1D00378002BF7D1F0
:107D50000020F4E7002B08D0032202E0013010429B
:107D600003D00378002BF9D1E9E702680A4B0B49ED
:107D7000D31893430B4206D14268074B0430D31803
:107D800093430B42F8D00378002BD8D043780130CE
:107D9000002BFBD1D3E7C046FFFEFEFE8080808033
:107DA000002370B5064C050008002360FCF7CEFAEE
:107DB000431C00D070BD2368002BFBD02B60F9E77B
:107DC00074240020014B18687047C0462815002015
:107DD000802310B55B01082801D1180010BDFFF702
:107DE000F1FF16230360173BF7E7C046024670B564
:107DF0000A4392072AD11E4DEE0104C808C9541B3C
:107E00009443344017D0D0B2D9B2401A210601436E
:107E100010D190B299B2401A210401430AD1100244
:107E20001902000A090A401A2102014302D1100E68
:107E3000190E401A70BD9A42DFD010BA19BA8842A2
:107E400001D9012070BD0020C04370BD02780B78BD
:107E500001300131002A09D09A4207D102780B780B
:107E600001300131002A01D09A42EFD0D01A70BD02
:107E7000010101017047C0467047C04610B5830735
:107E80000AD00300032102E001330B4205D01A7827
:107E9000002AF9D1181A10BD030019680C4A0D4CBC
:107EA0008A188A4322420FD15968094A04338A1832
:107EB0008A43224208D15968054A04338A188A4302
:107EC0002242F1D000E001331A78002AFBD1E1E729
:107ED000FFFEFEFE80808080F0B5C646060000B53D
:107EE00008200D00FFF774FF04003000FFF7F2FBDD
:107EF000234B210098469B685F6803239F4338000B
:107F00001138401B0019F9F7DBFD451E6543AC42F3
:107F100008DC00213000FFF743FF43469B68DB1974
:107F2000984206D03000FFF7DDFB002080BCB84649
:107F3000F0BD30006942FFF733FF01300ED001225F
:107F400043467F1B9B6817430E4A5F6013683000EF
:107F50005B1B1360FFF7C6FB0120E7E70021300041
:107F6000FFF71EFF43469A68831A0F2BDADD064C93
:107F700004492468001B086001210B435360D1E7CA
:107F8000201100207C1B002018110020F0B5D646DF
:107F90004F46464605000C00C0B5002948D0FFF703
:107FA00099FB2100012708394B6803209C46BB43FD
:107FB000CE18726882436046384080466A489146CF
:107FC0008468B44200D17CE07260B41864683C40BC
:107FD000A2464446002C30D10C68A446091B8C688C
:107FE0006344A4460824A0468044C4455CD0CC68C1
:107FF000A04664464246E26094605246002A1FD082
:108000001F434F60336080229200934230D2DA08DF
:108010005C090123A340446823434360D3001B1839
:108020009A68CB608A609960D1602800FFF75AFB9C
:10803000E0BCBA46B146A846F0BD5246002A0FD170
:1080400001224B44CF18BC46B468484F1A43BC4287
:108050005BD0F668E660B4604A6062461360D2E7BF
:1080600062463A434A608022336092009342CED304
:108070005C0A042C3FD89C09260039343836E400C9
:1080800004192268083C0327944203D14EE0926809
:10809000944203D05068B8439842F8D8D468CC6072
:1080A0008A60A160D160C0E75246002A35D14B44B6
:1080B0001A00B068F3681743C36098604F608A5035
:1080C000B3E74B441A004346002B06D10B68C91A8C
:1080D0008C68D218CB68E3609C60012313434B602B
:1080E000234B81601B6893429FD8224B280019685C
:1080F000FFF7F2FE99E7142C13D9542C1DD81C0B52
:1081000026006F346E36E400BAE7E160A1604A6091
:108110006246CC608C60136087E71F434F6033601A
:1081200083E726005C345B36E400A9E70123B61040
:10813000B340466833434360B1E7AA2252009442F9
:1081400005D8DC0B260078347736E40098E70A4A35
:10815000944205D89C0C26007D347C36E4008FE7E1
:10816000FE247E26A4008BE7201100202811002089
:108170001C110020AC1B00205405000070B5140039
:108180004B1C1BD093892022FF259343226BA38194
:10819000CEB263680D40002A13D0626B9A4208DDAC
:1081A0002368013B23601E7063680133636028000D
:1081B00070BD210002F07EFE0028F1D001256D4245
:1081C000F5E721692268002905D0914203D2511EAA
:1081D0000878A8420ED0E3632300403323630323CF
:1081E00063633F33A263E6542300423323600123D9
:1081F0006360DCE7013321606360D8E710B50C00F1
:10820000096B00290FD023004033994201D0FFF7BA
:10821000BDFE00232363E36B6360002B03D00020CB
:10822000A36B236010BD0022202101206260A2897F
:1082300023690A43A2814042F3E7C046F0B5DE4617
:1082400057464E46454683461800E0B5504385B034
:108250000F000E9C0193002835D000239846403330
:108260009946656806002168A144A84220D9029079
:10827000039238002A00FAF7ADFB2368216B5B19E3
:1082800023604346B24663607F19761B002921D0E4
:10829000494502D05846FFF779FE43462363E36B16
:1082A0006360002B16D0A16B1D002160B342E0D3A8
:1082B00032003800FAF78EFB636801989B1B6360FD
:1082C00023689B19236005B0F0BCBB46B246A946A3
:1082D000A046F0BD23692021236000236360A389A9
:1082E00002980B43A3815346039A28181100C01A21
:1082F000F9F7E6FBE7E7C046F0B557464546DE46E8
:108300004E46E0B5C94C0D00A54402AFBA658022C7
:108310007B6378650C23C95E92016B6E114200D0BD
:10832000A5E00A43AA81C24A13406B666020082375
:108330001B18D81908220021FAF746FB00239A4699
:108340003B62FB63FB643B647B64BA4BBB64BA4B2C
:10835000BB63BA4B7B62E423BA6CD45802F05AFE7A
:10836000602108225218D219009204310300BA6D1C
:10837000786D7918A04700285FDBBB6D06009C462E
:1083800084446346BB657B6E002B3DD0012864D0DE
:10839000252B1CD00028DED0BB6D9E1B52465044BE
:1083A000804654466B68B61A002B21DD2A68335D7F
:1083B0001178994228D16B680132013B01346B601E
:1083C0002A604445F0D1A246C5E701200126BB6DD5
:1083D00000241A78002384469B46BB6D591C130069
:1083E000253BDBB2552B0FD8B86B9B00C3589F467B
:1083F0002900786DFFF702FF0028D7D07B6C002B97
:108400004AD0AB895B0647D4FB6B002B0AD0FB6BD1
:1084100018687B6C013301D101F024FC002801D0E5
:10842000FAF7C6FABD46786CB9239B009D44F0BCB0
:10843000BB46B246A946A046F0BD814B60207B6694
:1084400008231B18D81908220021FAF7BDFABB6DC2
:108450000133BB657B6E002BD6D07A6AD25C1207E3
:1084600036D4252BB1D0BB6D01205E1E96E79B0450
:1084700000D45BE701235B427B64D3E72307C3D1CE
:10848000BB6DB9655A78A8E72307BDD102231C4309
:10849000BB6DB9655A78A0E7FB6B002BEAD0DB888F
:1084A0009B46FB6B18685B46002B0DD00500002433
:1084B000002680462B6801341868FAF779FA08CD4F
:1084C0001E605C45F6DB404601235B427B64A5E70A
:1084D0007A6A0824564690466B680BE041462A6843
:1084E0001378CB5C1C420DD06B680132013B013626
:1084F0006B602A60002BF1DC2900786DFFF77EFEAF
:108500000028EBD0B24626E78F23234200D07BE73A
:108510005B469B005B445B009B18302252429346B3
:108520009B44BB6DB9655A7857E76B683963002B7C
:1085300001DC01F0C3FA042399462A683F4E137800
:10854000F35C1B0722D5082398465346A2461C001D
:1085500006E0414601322A601378F35C194212D0DA
:108560006B680134013B6B60002BF2DC2900786DF5
:10857000FFF744FE002800D040E741462A68137800
:10858000F35C1942ECD1230054469A464B46022B29
:1085900001D100F03EFD032B01D100F0F4FD786D18
:1085A00002F040FD0368AE2219005B46013B520019
:1085B000934201D800F0FFFF5D3BFF3BFB605E2371
:1085C000FF339B46F023DB0023433B6500239946A2
:1085D000BB657B613B61BB62BB612133FF339C4662
:1085E000C03B9846B844C44463465446E0468A4675
:1085F000FB61144BFB622A6811780B002B3BDBB24A
:108600004E2B00D901E3F86A9B00C3589F46802394
:108610009B001C436B683963002B00DCA2E20A4B11
:108620003B6210233B640D3B994686E714FDFFFF38
:10863000FFDFFFFF70160020D0D60010CDD5001050
:10864000FDFF000028D80010A17B00106B68396383
:10865000002B01DC01F036FA5E46002E00D1013617
:10866000E30701D501F046F9E30601D501F090F8E2
:108670007B6B04CB90467B63240601D401F01FF88A
:10868000002A00D1C0E63000FAF76EF9041E00D1CE
:1086900002E74346FA6B1860D188F96193889942E2
:1086A00001D301F058F91068FA69F96B531CCB80BB
:1086B000930042461A500095210033000122786D44
:1086C000FFF7BCFD041E01D101F0C4FA864208D9AF
:1086D000434621001868FAF759F9002801D04346AB
:1086E0001860A24400F038FC6B683963002B01DC91
:1086F00001F0DCF9B84B3B6208233B64053B99462B
:108700001BE76B683963002B01DC01F0CBF9022316
:10871000994612E76B683963002B01DC01F0BFF961
:10872000AD4B3B620A233B64073B994605E78F2329
:108730001A002240234200D066E6FB6B002B01D1D9
:1087400001F044F980231C439AE63963B965E306D6
:1087500000D500E67A6B08CA7A63220701D501F0DA
:10876000F7F8620701D401F01EFA52461A80F2E5CA
:10877000230700D048E6BB6D5A7802236C2A01D14A
:1087800000F068FF0123B9651C4326E601231C4362
:108790006B683963002B01DC01F0CFF88F4BC0E729
:1087A000230700D030E6BB6D5A78682A01D100F06B
:1087B00050FF0423B9651C430FE66B683963002B37
:1087C00001DC01F093F9854B3B6200233B640333EA
:1087D0009946B2E6602220239B18D81902F02AFBA2
:1087E0006B68B865002B01DC01F076F95B46002B65
:1087F00001D1013B9B46012310221E00224026404E
:108800003A63234201D100F0E7FD002A01D000F0D5
:10881000DCFF7B6B04CBBA627B63240601D401F0DE
:1088200017F9002A00D1EFE58020FAF79DF880467D
:10883000002801D101F0E4F9BB6A1860FB6BDA880B
:10884000FA619C88A24201D301F01AF81868FA690B
:10885000F96B531CCB809300BA6A1A504346FB61F4
:108860002023BB61002602F0D5FBB04200D1C5E554
:10887000902160202B6849001A780918C919013322
:108880008A556A682B60FB6C013A741C6A60032B82
:1088900000D1A5E11023994650339C46BC44E144E5
:1088A000082200214846FAF78FF890224B466021B3
:1088B0005200FC625218009341462300786DD21991
:1088C00002F06EFDF864431C00D197E5002800D04B
:1088D00091E1424600261060602018231B180822F0
:1088E0000021D819FAF770F8E023BA6C6021D25849
:1088F000C83B3A6560229B18786D3200DB193E6DEB
:108900007918B0470026012802D16023FB181E7891
:10891000202360229B18DB199B5D002B01D101F005
:10892000F7F8FB6CA244032B00D14BE301235B421D
:108930009C463B6BE344002B0ED104239C46BB6A50
:10894000E044002B08D04346FA699C1ABA69A31088
:10895000934201D300F0D7FC6B68002B00DC3EE3B0
:108960005B46002B00D07DE73B6B002B00D0F2E490
:1089700042461360BB6A002B0FD04346FA69991A2E
:108980008B10BA6901339A4207D9BC6A0431206856
:10899000F9F7FCFF002800D020607B6C01337B647A
:1089A000D9E401231C436B683963002B00DDA1E689
:1089B0002900786DFFF722FC002800D19AE61DE51A
:1089C0006B683963002B01DC01F05FF801231C4365
:1089D00001339946B1E5C046A17B00102DAE0010D1
:1089E00041231C436B683963002B01DC01F086F8DE
:1089F0005E46002E00D1013610231A0022403A654F
:108A0000234201D000F0BDFE7B6B04CBFA627B6396
:108A1000240601D401F024F8002A00D1F4E48020D7
:108A2000F9F7A2FF8146002801D101F0E9F8FB6ABD
:108A30001860FB6BDA88FA619C88A24201D300F0CF
:108A4000D0FE1868FA69F96B531CCB809300FA6A60
:108A50001A504B46FB612023BB6290235B009B4670
:108A6000C03B9C460024B046BC44FE6CE34402F08C
:108A7000D1FAA04200D1C1E459462B68621CBA6504
:108A80001A7801330A556A682B60013A18236A6024
:108A900060229B18DC19032E02D1BB6F042B04D07B
:108AA000082200212000F9F78FFF00945A4649461A
:108AB000BB6D786D02F074FC0600431C00D19DE490
:108AC000002879D1BB6D9C4601235B42E2449C4661
:108AD0003B6DE044002B10D14A461360FB6A002B2B
:108AE00008D04B46FA699C1ABA6AA310934201D384
:108AF00000F0F3FC04239C46E1446B68002B0ADD84
:108B00004346002B0DD00024B1E73B6D002BE5D090
:108B10006B68002BF7DC2900786DFFF76FFB0028EE
:108B2000EED0FE64FB6A002B08D04B46FA69991A16
:108B3000BA6A8B10934201D200F032FF3B6D5A4269
:108B400053417A6C94469C4463467B643B6BBB65A3
:108B5000FFF701FC88239B001C436B683963002BE3
:108B600000DD5CE52900786DFFF748FB002800D1A7
:108B700055E543E46B683963002B00DD0EE6BF4B1F
:108B80003B620A233B64073B99462900786DFFF757
:108B900035FB002800D1D0E430E45B4623439B46FC
:108BA00000D031E4BB6D10245A78B965FFF715FC8D
:108BB0006046B965FFF7EEFB831C00D117E2BB6D81
:108BC0009C46E244032802D12368042B9DD0012354
:108BD0005B429C463B6DE044002B00D17EE78CE776
:108BE0001023994650339C463B6FBC44E144042B10
:108BF00000D055E659E6FB6C023300D171E34346E1
:108C00001E68731C00D067E682E63B6D9B0565D548
:108C100053461B788B4261D15B467B6043460026FE
:108C2000BB6006E0534601322A6011789B5D994291
:108C30001AD15346B04601369B5DA3460134002B42
:108C400001D100F0A1FC6B68013B6B60002BE9DCFB
:108C50002900786DFFF7D2FA002805D153462A681B
:108C60009B5D11789942E4D043465146FB622B004C
:108C70000D009846BE68FC6AB2467E6D295D42468C
:108C80003000FFF77BFA013CF8D25B46FA6A5646A1
:108C90009B1A45469A4623E0BB6D4B44002B1DD1E1
:108CA000774B3A6D1A40002399463A65BB654346B7
:108CB000197001235B429C460233E3449C46E04426
:108CC0006B680134013B6B60002B00DC72E12B68A8
:108CD00001332B605B46002B00D08CE44646A24655
:108CE000BB6DBA6A013B002A00D1E9E0396D654AE3
:108CF00011403965012B01D800F0CFFC4B46013BF8
:108D0000062B01D800F07FFD396D10230A00386B67
:108D10001A40B8650B4201D0FFF71DFBC02332702B
:108D20008022DB000B40D200934200D0FFE0BB6A00
:108D3000BA69934200D1FFE01300BA6A7E619A1AC1
:108D40006021514B5B187969DB19994207D34F4B6E
:108D50009C4660239846B844C44463467B614C49B2
:108D60007869FBF791FAE7E03A6D1305B6D5BB6D6C
:108D70004B44002BB2D1424B94E74B46072BADD16D
:108D80000823994693E798238022386D1B010340FE
:108D900052009342A2D1BB6A012B9FD18022394B52
:108DA00012011840024330233A6542461370313BAA
:108DB0009C460233E3449C460023E044BB6276E7D2
:108DC0004B46062B8AD10723994670E73B6D1B055E
:108DD00084D53A6DA0201300C00003400138FF384D
:108DE000834205D0024200D178E7BB6A002B63D0F2
:108DF0003B6D9B0505D4BB6ABA699B1A3B61434630
:108E00007B61244B3A6D1A401300C02252001A4372
:108E100000233A65BB624AE7BB6D002B00D0ABE391
:108E2000BB6A002B07D1E0233A6DDB001A409A425F
:108E300001D100F0D5FE4B46012B02D0042B00D00F
:108E40004CE74B460133DBB2994630E73B6D1B05DF
:108E500004D5BB6D4B44002B00D121E7BB6D012B2A
:108E600000D03BE70223BB6521E780233A6D134224
:108E700000D133E79A433A6519E7C0462DAE00109A
:108E80007FFEFFFFFFFEFFFF730200007202000083
:108E9000D0CF00107FF0FFFF4B46002B00D060E3E7
:108EA000BB6A002B00D0ECE3E0233A6DDB001A40F4
:108EB0009A4201D100F09CFE4646A246BB6D013BA2
:108EC000012B00D8E9E34B460022013BBA62062B96
:108ED00001D800F0BBFC3A6DD30500D414E753056C
:108EE00001D500F0A6FE0123741E5B422178534495
:108EF000984665290BD0452909D02A00786DFFF7DF
:108F00003DF902235B4253449846B41E21782A005F
:108F1000786DFFF733F9396D10230A00386BC246BC
:108F20001A40B8650B4201D0FFF715FA22703B6971
:108F3000002B01D000F07DFD0022F969786D01F071
:108F4000C1FE7B6BB865F96510CB7B633B6DDB07BE
:108F500000D48DE3206061607B6C01337B643B6BEC
:108F6000BB65FFF7F8F93B6D1B0504D5BB6D4B44A2
:108F7000002B00D194E64B46022B00D0AEE6032333
:108F8000994694E63A6D130500D422E7EFE63B6D6F
:108F9000DB0500D480E680233A6D9A43BB6A3A65CC
:108FA0000133BB62FB68002B00D0B4E3013B9C465D
:108FB000E34485E62900786DFFF720F9002800D109
:108FC00088E68BE64B461B68042B00D0AEE43B6B77
:108FD000002B00D1B1E46B68002B00DD42E42900D6
:108FE000786DFFF70BF9002800D1B9E4BCE46B6899
:108FF000002B01DDBC6D3AE52900786DFFF7FEF826
:109000000028F7D0BB6DFE64002B00D18AE5FFF786
:10901000F5F95B46002B01D1013B9B4601231A0069
:1090200022409046102222409146234200D17CE10A
:10903000002A00D076E37B6B04CBBA657B63240601
:1090400001D400F01AFD002A01D1FFF7DDF98020DC
:10905000F9F78AFC8046002801D100F0D1FDBB6DF4
:109060001860FB6BDA88FA619C88A24201D300F099
:10907000F5FB1868FA69F96B531CCB809300BA6D45
:109080001A504346BB6220233B652B681B78F35C78
:109090001B0700D54EE25B4600243B6001F0BAFF9F
:1090A000A04201D1FFF7AAF9902149008C46C039AE
:1090B0008B46BB44DC4461462B68621CFA621A781A
:1090C00001330A556A682B60FB6C013AF9616A60EA
:1090D000032B01D000F02BFC182360229B18DC1915
:1090E000BB6F042B04D0082200212000F9F76CFC90
:1090F000FB6A4146BB610094FA69786D02F050F951
:10910000F864431C01D1FFF779F9002801D000F081
:1091100064FC42461060002002F06CF9002800D088
:10912000F8E1FB6A9C46E24401235B429C463B68B3
:1091300063443B604B46002B01D000F085FC0433B8
:109140009C46BB6DE044002B01D100F07DFC434602
:10915000BA6A9C1A0022FA623A6DA310934201D3B4
:1091600000F057FD6B68002B01DC00F026FD2B683A
:109170001B78F35C1B0700D5DCE13B68002B00D1BA
:10918000D8E1FC6A8AE75B46AE220021013B8846B3
:109190005200934205D9D94B5B4498465E23FF3376
:1091A0009B46D8231B011C430023BB652133FF339F
:1091B0009C46C03B9946B944CC446346FB61D04BC6
:1091C0005E469946E3462A6811780B002B3BDBB2DA
:1091D0004D2B17D848469B00C3589F463B6C0A2B23
:1091E00010DDC84B1C405B46197001239C46E344CC
:1091F0006B68013B6B60002B6CDD01322A60013E25
:10920000002EE0D15A46D946E30509D5FB699A42BA
:1092100000D961E24A46FB699A4201D1FFF7F4F8AE
:1092200010231A002240234214D14B46F9691A70C8
:10923000786D00223B6C3E6AB0477A6B131D9846EE
:10924000A30600D40DE2136818607B6C01337B64C5
:1092500043467B634A46FB69D61ABB6D9C4666440F
:10926000B2443B6BBB65FFF776F8386CA64B400009
:10927000C35E3B64A34B1C40B5E7C0238020DB00EA
:10928000234080008342BDD1A04B2340A024E400B2
:109290001C4310233B64A6E780232342B2D09C43A7
:1092A000A1E7386C984B4000C35E3B64082B98DC08
:1092B000A8E7230597D53B6C002B05D180239B00A5
:1092C0001C43F93BFF3B3B64630500D4B3E1904B87
:1092D0001C4088E72900786DFEF790FF00288ED0AB
:1092E00090E76B68002B02DD2600FFF7BCFA29002F
:1092F000786DFEF783FF0028F6D0002C01D1FFF730
:1093000033FBFFF77BF8F869D1001600F9F73EFB55
:10931000F861002801D100F073FC8046BA6A73003E
:10932000A0441060BB61FFF717FB002A01D000F0DA
:1093300004FC7B6B04CB91467B63240600D440E3A2
:10934000002A01D1FFF760F82020F9F70DFB041E79
:1093500001D1FFF7A1F84B46FA6B1860D188F9618B
:109360009388994200D3C0E11068FA69F96B531CE5
:10937000CB8093004A461A502023BB652B681A788D
:10938000B25C120700D5CBE121003C655C466A68FF
:10939000013A6A605A1C2A601B784A1C0B704B46C3
:1093A0009046002B07D013003A6D9B1A9B46BB6D6D
:1093B0009B4500D32CE3013C002C00D121E16B68DC
:1093C000002B00DC16E108212B681A78B25C1142F0
:1093D00000D016E14146DAE73B6B002B00D0A9E153
:1093E0007B6B04CB90467B63240600D440E3002AC9
:1093F00001D1FFF709F82020F9F7B6FA041E01D1D0
:10940000FFF74AF843461860FB6BDA88FA619E88DA
:10941000B24200D345E21868FA69F96B531CCB805D
:10942000930042461A5020231800202160262B6802
:1094300089191A78C9198A5C002A01D1FEF7E4FF5C
:1094400052465E46A14683463A6516E04B46D31A1D
:109450009A4614005B452FD2013E002E00D1AEE0AB
:109460006B68002B16DD202160202B6809181A7804
:10947000C9198A5C002A00D1A1E06A68013A6A60D1
:109480005A1C2A601B78621C23704346002BDDD1D6
:109490001400E1E72900786DFEF7B0FE0028E2D065
:1094A0003B6D4E469A465B4618004C4501D1FEF78F
:1094B000A5FFA31B99468DE05B465B00484619005B
:1094C0009B46F9F763FA8146002801D1FEF7E4FFD5
:1094D000544643464C441860BEE7F869D100F9F79A
:1094E00055FAF861002800D18AE38146BB6AFA6A1E
:1094F0005B00A1441060BB62FFF7FCFAA3FEFFFF14
:1095000064D900107FF4FFFF9CDA0010FFFDFFFF1D
:109510007FFAFFFF20236022FF339B18DC197B6D4D
:10952000BE699B46A15D2A005846013EFEF726FE15
:10953000002EF7D14B46002B00D092E643464A4618
:109540001A60BB6D002B08D04346BA6A991A8B107B
:109550003A6D01339A4200D918E27B6C01337B6487
:109560007FE6FD22033B134201D0FFF7B7FB043334
:10957000DBB29946FFF79BFBBB6D022B00D05AE490
:109580000323BB65FFF793FBBB683A6D98467B6886
:109590005C469B46D94B40461A403A6551463200DC
:1095A00001F0FEFC01235B429C46BB6A8046E3441B
:1095B000BB61FFF785FB0023FB60FFF703F83B6D02
:1095C0004E469A465B461800A31B9946B44201D109
:1095D000FEF71AFF002323704346002B04D04B46AE
:1095E000591C884200D9CFE27B6CCA4401337B64AA
:1095F000FEF7B1FE2900786DFEF700FE002800D1CD
:10960000E1E6434644463A6D9B1A591C9A440023AE
:1096100023704B46002B00D19EE4BB6D994200D3D2
:109620009AE44B461868F9F7B1F9002800D193E4A1
:109630004B46186090E4B24B1C404346002B04D0CC
:1096400001235B429C460136E044BB6D0133BB65A0
:10965000CEE508231C43BB6D9A780233BB65FEF749
:10966000BCFE230700D42EE17B6B1B681870ECE571
:109670003B6D9B0700D44BE1BA6DFB6D22606360CC
:109680006AE4A04B3A6D46461A40BB6DA246013BC8
:109690003A65012B01D9FFF737FBFB699E4201D8E0
:1096A000FEF7B2FE34002E001D00013C320021788E
:1096B000786DFEF763FDAC42F7D1FEF7A5FE00958D
:1096C000330001224146786DFEF7B8FD041E01D13A
:1096D000FEF794FEA2443FE45E46013E2A00317844
:1096E000786DFEF74BFDB14694E5874A934200D969
:1096F000BBE208229046984443469900FB6B1868E9
:10970000F9F744F9FB6B002801D1FEF7C8FE424689
:1097100018609A8029E6FB68013BFB60FFF7D0FAEE
:10972000012174E700233B65BB62BB656433FB1812
:109730009846AAE4202160202A6809181378C919DC
:10974000CB5C002B01D1FEF75FFE5C4607E02021D9
:10975000602013780918C919CB5C002B3ED06B68C8
:109760000132013B01366B602A60A64236D0002BE5
:10977000EDDC2900786DFEF741FD00282ED12A6826
:10978000E5E700239946BB62FB61FB62FFF765F9E1
:109790007B6D002498460AE0D218290040462A60D2
:1097A000E418F61AFEF72AFD002800D0F6E16B68EF
:1097B0002A689E42F0DC9B1B9219A4196B602A60F8
:1097C0003B6BA244BB65FEF7C6FD0023BB61FB619A
:1097D000BB626433FB189846FFF744F8B244FEF7C7
:1097E000BAFD494B9C4200D90AE2FB6B0834186869
:1097F000A100F9F7CBF8002800D101E2FB6B18605B
:109800009C80FFF71FF94B46022B00D831E2032B57
:1098100001D1FFF779FAA84634004D46013C424693
:109820002178786DFEF7AAFC63199B1BDBB2032B32
:10983000F4D1A9464B465246043BDBB2013AD21A58
:10984000013E45469246F61AFFF745FB4B46022B72
:1098500000D80EE2032BDED1FFF73DFB2A4B9C42E2
:1098600000D9CDE1FB6B08341868A100F9F78EF838
:10987000002800D1C4E1FB6B18609C80FFF7FAFB65
:10988000214A944200D9BBE1FE6B08343068A10044
:10989000F9F77CF8002800D1B2E13060B480FEF71F
:1098A000D6FF194A964200D9DFE1FB6B08361868EB
:1098B000B100F9F76BF8FB6B002801D1FEF7EFFD63
:1098C00018609E80A8E563075CD4E30700D582E1B9
:1098D000A40700D47FE10D4B3A6A9A4200D1D9E146
:1098E00000223B6CF969786D01F070FC7B6B1B68A2
:1098F00003C3AAE440231C43FFF77EF87FFDFFFF6C
:109900007FFCFFFFFFFEFFFFF6FF0000A17B0010C2
:10991000B86DF96D02000B00F8F7A3FB00284AD1DF
:10992000B86DF96DF8F72EFC2060FFF715FB1823D2
:1099300060229B18DC19FFF7D6FB2900786DFEF733
:109940005DFC002801D0FEF759FDD64BFEF7E9FE7D
:1099500052461A7085E4D44A934200D985E1082220
:10996000914699444B469900FB6B1868F9F70EF83D
:10997000FB6B002801D1FEF792FD4A4618609A80E1
:10998000FEF792FE7B6B1B6818805EE4BC6D0431B1
:109990002068F8F7FBFF002800D1DEE52060DCE559
:1099A000FC6A2068F8F7F2FF002801D1FFF7C6F83B
:1099B0002060FFF7C3F8BD4801F03AFD2060FFF7D3
:1099C000CBFA002314009946BB65D7E482B002AB02
:1099D000FB6302920392FEF7B5FEFB6C023301D1EA
:1099E000FFF7C0FB4346186801F004FD002800D0D3
:1099F00090E5FB6A9C46FB6CE244032B01D0FFF729
:109A000093FB2368042B01D0FFF78EFBFFF792FB3B
:109A10005B0019001000BB65F8F7B8FF3865002837
:109A200001D1FEF739FD02005A4490464A461060C3
:109A3000C1E47B690022591C786D0A2301F0F6F914
:109A40003B69C21AFFF77CF90023FB62FFF78AFB30
:109A5000BB6A98460023BB61FB61BB62FEF702FF55
:109A6000FB6A99460023BB62FB61FB62FEF7F5FFD0
:109A70000023140018009846D7E4BB6D98460023D5
:109A80003B65BB62BB65FFF700FB2900786DFEF705
:109A9000B5FB002801D1FEF799FFFEF7AFFC844B20
:109AA000FFF76EF802239946FFF76FF8804B3B6291
:109AB00008233B64053B9946FFF767F80423994662
:109AC000FFF763F82900786DFEF798FB002801D1B5
:109AD000FEF7C2FDFEF792FC2900786DFEF78EFBC3
:109AE000002801D1FEF782FEFEF788FC6D4B3B6239
:109AF00000233B6403339946FFF747F82900786D4C
:109B0000FEF77CFB002801D1FEF772FFFEF776FC22
:109B1000002C01D1FEF728FF2023FF339B18DC190E
:109B20007B6DFE6A9946A15D2A004846013EFEF71C
:109B300025FB002EF7D1FEF717FF2A681378F35C98
:109B40001B0701D5FFF78DFB3300082446469846D6
:109B500004E041461378CB5C1C4211D16B680132A2
:109B6000013B01366B602A605E4509D0002BF0DCBA
:109B70002900786DFEF742FB002801D12A68E8E74A
:109B8000B046C244FFF76DFB43461868F8F7FEFE87
:109B9000002800D128E54346186025E5002C00D0B8
:109BA0000EE6FEF72BFCE2072FD4A4072DD5524674
:109BB0001A60D2175A60FFF754FB2900786DFEF740
:109BC0001DFB002801D1FFF7D2FAFB6A002B01D060
:109BD000FEF714FCAEE47B6B1B681860FFF735FBE7
:109BE000344B3A6D1A4001233A65BB65FFF75FF8C5
:109BF000304B3A6D1A4001233A659946FFF757F802
:109C000001235B427B64FEF7FFFB52461A60FFF7BD
:109C100028FBB86AD100F8F7B9FEB8620028EFD087
:109C200080463B6DBA6D5B00A04410603B65FFF75A
:109C300099FAFB699E4201D8FEF7E6FB3400013C2D
:109C40002A002178786DFEF799FAFB699C42F6D1DB
:109C5000FEF7DAFB7B6C002B04D0AB895B0601D4EA
:109C6000FEF7D5FBFB6BFEF71AFCFB699B46FEF784
:109C700018FCFB6934009E4201D8FEF7C5FB013C8D
:109C80002A002178786DFEF779FAFB699C42F6D1BB
:109C9000FEF7BAFB00223B6CF969786D01F07CFBA2
:109CA00024E6C0462DAE0010F6FF0000D8CD00100F
:109CB000A17B00107FF8FFFF70B516000D0002F0C9
:109CC0007DFD002E0DD06B236A00520D9B1A002BD8
:109CD00007DD0024034A1B059D182B002200F8F71E
:109CE0005AF970BD0000F03FF0B54546DE465746D4
:109CF0004E46E0B59FB0069200220C001A92002159
:109D00000022804604910592210019910A780F00E3
:109D10002D2A03D8AA4D9000285887460021079184
:109D200000210891302A00D1C4E02F2A00D889E20E
:109D300000239A46190038000026130055460BE010
:109D40008B005B1801305B0019909918027830394C
:109D5000130001362F2A0FDD392A6FDC082EEFDDC4
:109D6000AB005B1901305B0019909D180278303D03
:109D7000130001362F2AEFDC894601229149AA46B9
:109D800001F0DAF8002800D14AE200230896129385
:109D90000A930B93089B1C00102B00DD10244846EF
:109DA000F8F76CF9089B04900591092B19DD220046
:109DB000854B093AD2009B181A685B68F8F7EBF8F4
:109DC000049005915046F8F759F90B0002000498E9
:109DD0000599F8F7B9F8089B049005910F2B00DD61
:109DE000AFE00A9B002B01D100F066FC0A9B002B20
:109DF00000DC46E3162B01DC00F05FFD2523089A0A
:109E00009B1A0A9A934200DA9BE00F24089B6E4D3E
:109E1000E41AE1006918049A059B08684968F8F794
:109E2000BAF80A9B1C1BE4002D192A686B68F8F726
:109E3000B2F806000F0013E2013166E789460122FD
:109E40006049AA461D0001F077F8002846D1199D07
:109E50002B00691C19915B780D001A00002E00D0B0
:109E6000E2E12B000020302A07D1180001331993BA
:109E70001A78302AF9D0401B01301300313B082BEF
:109E800000D867E220239A43452A00D118E3089BB3
:109E9000034300D0E2E1069B00260027002B00D000
:109EA0001C60300039001FB0F0BCBB46B246A9466A
:109EB000A046F0BD7A7820318A437D1C582A01D112
:109EC00000F0FDFB2F0019953A780135302AF9D0C2
:109ED000002A00D1C2E10123089326E700230020D5
:109EE000002209961293652D00D1D2E100230B9335
:109EF000452D00D1CDE1002E00D0BFE1089B0343EA
:109F000000D0ABE1002AC6D1692D00D1E6E201DD27
:109F100000F0C2FC492D00D1E0E24E2DBBD12B490F
:109F200019A801F0E3FE0028B5D0199B1B78282B57
:109F300001D100F079FD264801F074FA06000F0007
:109F40008EE10A9A089B94461B1B6344002B00DC9D
:109F500070E20F221C001100944319401A4201D1F3
:109F600000F02CFC184BC900591808684968049A7D
:109F7000059BF8F710F804900591002C01D000F033
:109F80001DFC002309934B463200009339004046E4
:109F9000089B02F05FF81390002801D100F09AFCB2
:109FA0000A9B1299DA430B98D217081AD917134053
:109FB00014930023084099469B461290F0E0C04657
:109FC000C0DA0010D8CF0010E0470110E8CF001031
:109FD000D8CD0010C91A521A1F2900DD26E301232B
:109FE0008B40109300231593AB189A46099BA41835
:109FF0009C462B006444554500DD5346A34200DDDA
:10A000002300002B04DD5246D21A9246E41AED1AC0
:10A01000129B002B00DDB0E25346002B00DDC8E2AE
:10A020000A9B002B00DDF3E2002C00DDE4E2002DB2
:10A0300008DD49462A00404602F050FA81460028D1
:10A0400000D1E2E240461A99089A02F0E3FA834608
:10A05000002800D1D9E2C36849460E930023C360AB
:10A0600002F0BAFA002801DA00F009FD059B0B9313
:10A0700001D100F0A2FC4946584602F07DFC802345
:10A080000022DB0504000D00F7F7D6FF002800D101
:10A0900065E20E9B002B00D0D5E2049B002B00D084
:10A0A0005AE30B9B1B0300D0FDE200222000290095
:10A0B000D74BF7F7BBFF002801D000F074FC00225B
:10A0C000D44B20002900F7F766FF0A0001001300B7
:10A0D000109111920C9080221206944663440D93C5
:10A0E0000B9BCD4A0C9C0D9D13409A46CB4B9A4539
:10A0F00000D1AFE2099B002B29D0D423DB049A4581
:10A1000025D810981199C64AC64BF7F795FF002835
:10A1100018D010981199F7F7F1FF002800D10130FD
:10A12000F7F7ACFF0E9B10901191002B01D000F0BF
:10A1300024FC802212060B00944663441690179369
:10A14000169C179DD6235246DB04EB189D1A30004F
:10A15000390002F033FB02000B0020002900F7F762
:10A160001AFF32003B00F7F7EFFE0E000490059156
:10A17000099B002B04D1A84B33409A4500D1B9E28A
:10A1800040461A9901F00AFF4046089901F006FF7F
:10A190004946404601F002FF5946404601F0FEFEA6
:10A1A000139C4046616801F0D1FE031E089000D167
:10A1B0002BE222690C3302320C3421001800920089
:10A1C000F8F708FC049E059F1CAB01931BAB0093A2
:10A1D00032003B00404602F06DFB011E1A9000D198
:10A1E000F0E10121404602F005F88146002800D147
:10A1F0000BE21B9B002B00DAD7E1129A149C9D18EE
:10A2000009991C9A5B1A36219B188A1A8649013BC8
:10A210008B4200DADEE60023159301331093E3E668
:10A22000199B591C19915B781A00303A092A00D9F8
:10A23000D4E0151E01D100F037FD0123300009964E
:10A24000129315E301223800784900F075FE0028CA
:10A2500000D188E3089B002B00D11CE600260027D4
:10A26000069A002A01D0199B1360079B002B00D18E
:10A2700017E6802109067B181F0012E60B9B129A35
:10A2800008969B1A0A93099B002B00D182E51E00B9
:10A2900080E53300034308990B4300D1FBE5199C8B
:10A2A000631C199365782B2D00D1F9E12D2D00D079
:10A2B000AAE001230A93A31C1993A5782B00303B35
:10A2C000092B00D9AEE11999302D0ED14B1C1993F1
:10A2D0001D7819000133302DF9D000230B932B008A
:10A2E000313B082B00D906E601334D1C1995AC46CD
:10A2F0004D780B932F2D00DCD4E20E9101000B9BC7
:10A300000B928B460B99624660468C460BE0990097
:10A31000C9180132490019924B194578303B2F2D4D
:10A3200000DCC5E21000392DF1DD0B9363460E9978
:10A3300094461A0063465846591A082900DCB1E2CF
:10A340003B4B0B930A9B002B00D1D4E50B9B5B424C
:10A350000B93D0E5431C199F303A1293002315004C
:10A360003900012609934B469B004B44A946002027
:10A370005B0099444B1C19931D7819002B00303B4E
:10A38000092B00D9F5E11D00421C4B1C002D01D109
:10A3900000F087FC129B9C46944463461293012A6A
:10A3A00001D100F07CFC52468A462100731C4C46C9
:10A3B0009C468946110008E0A2001419640001338C
:10A3C0009A1B013A904200DC4AE25A1E082AF3DD49
:10A3D000102BF4DC8A0051184900F0E72022934347
:10A3E000452B74D04846F7F749FE04900591092E95
:10A3F00000DC61E13400102E00DD102400230896FB
:10A4000012930B930A93D2E400230A9356E7C046B3
:10A410000000F03F0000E03F0000F07F0000E07F20
:10A420000000C0FFFFFFDF4102FCFFFFD8CF00109C
:10A430001F4E0000002B00D1A3E50F2211005B424C
:10A4400019401D111A4200D09DE21F2D00DD80E051
:10A4500010231A002A4009922B4201D05A33099343
:10A460000123049805999A46C34C53462B4200D1C8
:10A4700034E222686368F7F78EFD6D1044D008342B
:10A48000F3E70A9B163300DA5BE50B99129ABB4B94
:10A49000521AD2009B181A685B6804980599F7F75E
:10A4A0005CFD06000F00DBE6002207924F1C1997A7
:10A4B0004A78002A00D033E4EDE401220792F5E760
:10A4C000002203000992129200260132E3E60023E3
:10A4D0000C000020012209961293E1E6A84919A870
:10A4E00001F004FC002800D1D5E4199BA549013BEB
:10A4F00019A8199301F0FAFB002802D1199B013326
:10A5000019930026A04FABE6099A0E900F910E9B6F
:10A510000F9C04930594002A12D00F9B20005A0030
:10A520006B23520D9B1A002B0ADD1F2B00DC33E33B
:10A5300000210491342B00DC59E3DC239B040593B8
:10A540000022049805990023F7F768FD002800D140
:10A5500019E52223424600260027136080E68B4B34
:10A56000002220002900F7F716FD0E9B1090119194
:10A57000002B63D10B000C90ADE549461A00404614
:10A5800001F040FF1A99814600281BD00A00010003
:10A59000404601F05FFE1A990B90002812D0404609
:10A5A00001F0FCFC0B9B1A9336E5149A129DD41A09
:10A5B00026E61A995246404601F090FF011E1A9075
:10A5C00000D02DE5DA462223424600266E4F136066
:10A5D000404601F0E3FC4046089901F0DFFC4946A3
:10A5E000404601F0DBFC4046139901F0D7FC514690
:10A5F000404601F0D3FC33E622004046089901F0C2
:10A600006DFF0890002800D011E5DA461A99DAE7C4
:10A610004046149A089901F0F5FE0890002800D0F1
:10A6200002E5F2E7002319940B9364E45849CB1A2E
:10A6300001219940012315911093D5E4109B119CA1
:10A640000C930D944CE50023524C0C930D941093F5
:10A65000119445E5504A0B9B944663440593049C32
:10A66000059D2000290002F0A9F80C9A0D9BF7F730
:10A6700092FC22002B00F7F767FC434B474A0490FB
:10A6800005910B40934200D801E1454A974201D120
:10A690000136BAD00123424C5B42049305946FE526
:10A6A00000230A9307E600233E4C0C930D940023ED
:10A6B000384C1093119413E5049E059FD0E5029346
:10A6C000079B404601931AAB0093374A1BAB19A96D
:10A6D00001F012F80F231E0004000640034200D1CF
:10A6E000BCE5062E00D0FCE00023002600271995CB
:10A6F0000793B5E5109C119D20002900F7F716FD82
:10A70000F7F708FD02000B0020002900F7F713FC03
:10A71000049A0E9B36031343360B04000D00234AA4
:10A7200033430AD1224BF7F781FC002800D127E5FB
:10A73000DA46049E059F1A994AE71E4BF7F776FC06
:10A740000028F5D1200029001B4A104BF7F784FCA4
:10A75000002800D114E5EBE7012BA4D10B9B002BC3
:10A76000A1D1DA4622234246002600271A99136017
:10A770002EE70122FFF7B7FBB8DB0010E04701101E
:10A78000DCCF0010E0CF00100000F07F0000E03FC1
:10A79000E2FBFFFF0000F03F0000B0FCFFFF9F7CEA
:10A7A000FFFFEF7F0000F0BFA4DB00109535A09401
:10A7B000FFFFCF3FFFFFDF3F35E5AF359A235B005B
:10A7C0009C4200DD86E02411012C00D188E1049830
:10A7D000059900229246013293465246D14BB24629
:10A7E0001D000993160000235A46224204D02A680D
:10A7F0006B68F7F7D0FB0123013664100835012C94
:10A80000F2D1320056469246002B01D004900591B9
:10A81000C54A059B9446634405935346D900099B5A
:10A820009C46049A059B614408684968F7F7B3FBA6
:10A83000BE4BBF4A049005910B4093424AD8D420A6
:10A8400080048446BB4A61440591934201D8FFF7D6
:10A8500098FB0123B84C5B4204930594FFF791FBEE
:10A860000A004B465146A14692461C0001386044FE
:10A87000461C082800DC76E50020102E00DD79E576
:10A8800053469B005344AA465B009A4472E5D42386
:10A890009B04CE1805966BE46E2D01D1FFF73FFBAC
:10A8A000FFF7F9FA0B99A54B994200DC4AE548E518
:10A8B00060460B930E9903003AE50A9AA04BD1002B
:10A8C000591808684968049A059BF7F764FB060065
:10A8D0000F00C5E422234246136012E66D100834CF
:10A8E000C3E51A9A002A07D035211CA802F078F88F
:10A8F00040461A9901F052FB052E00D9BEE1914B5A
:10A90000B6009B599F461C9B8F4904931D9B1B9A25
:10A910000B408E498C466244120513430593E405AF
:10A9200003D58022120613430593804A049E059F97
:10A93000134200D094E4FDF745FA222303608FE42C
:10A940000122834B524204920593E40500D4B3E6FE
:10A95000059BE6E7754B0593F7E71C991D9A1D9B30
:10A9600004910592DBE7199D2B00013519955A7862
:10A97000002399469A46FFF774FA109B119C169390
:10A980001794FFF7DDFB6E4BC9005B181A685B6814
:10A9900004980599F7F7E1FA04900591002D01D18B
:10A9A000FFF7EFFA51E500236A4C0C930D94002356
:10A9B000694C10931194FFF793FB159B0E9A9C46DC
:10A9C000059BDA461B031B0B002A41D0634A9342C6
:10A9D00000D1D1E06346002B00D1C7E062460B9B5B
:10A9E00013420CD004980599099AFFF765F9020003
:10A9F0000B0030003900F7F7A7FA06000F00099B9B
:10AA0000002B00D197E630003900554B0022F7F7B4
:10AA1000C2FA464B06000F000B4200D08BE6222301
:10AA200042461A991360D3E51CAC22004D4919A87F
:10AA300001F072F9052801D0FFF77DFA1D9B3B4A12
:10AA40001A431C9B05920493049E059FFFF708FC84
:10AA5000002B4AD1049B002B00D0B5E0099B002BB2
:10AA600000D1A0E0314C0B9B23401C00D623DB041B
:10AA70009C4229D8DC239B049C42C4D872E60E9BDE
:10AA80000499059ADA460B43B9D10B921303B6D158
:10AA9000D623264CDB0414409C42B0D95B465B694C
:10AAA000002B03D15B461B69012BA8DD5146012217
:10AAB000404601F013FD4946824601F08DFD002815
:10AAC0009DDD099B002B6ED0274B244A9C46012319
:10AAD000644422435B4205920493049E059F92E7DF
:10AAE00000239A460F4B099392E66346002B73D0DE
:10AAF00062460B9B134200D181E704980599099A9D
:10AB0000FFF7DAF802000B0030003900F7F713FA0C
:10AB10000022002306000F00F7F780FA002800D17A
:10AB20006DE71FE6B84701100000B0FC0000F07FA1
:10AB30000000A07C0000907CFFFFEF7F1F4E000014
:10AB4000E047011078DB0010FFFFEFFF3304000047
:10AB5000FFFFFF7F0000E0BF0000E03FFFFF0F00AE
:10AB60000000503990DB00100000F0FF109B049AA9
:10AB7000134200D143E735E7099A049B002A4FD1DD
:10AB80005A1C3BD06246002A00D17FE00B9B134247
:10AB900000D027E71A991BE5012252429A40049BF4
:10ABA00013400493CCE4434B0B9A1A991A401300B8
:10ABB000414A9446414A63441A4301235B42059249
:10ABC0000493049E059F03E56246002A0AD00B9B6E
:10ABD000134200D113E790E7109B049A134200D16F
:10ABE0000DE78AE7109A1A4200D108E785E74B2360
:10ABF0009A1A4C3B934018400590A1E4304A0B99B7
:10AC000091421DD02B4B0B9A1A4013008022520305
:10AC100094466344059300230493049E059FEEE647
:10AC2000D421244A0B98C90402408A4216D95A1CDE
:10AC3000E4D06246002A0CD0104200D1E3E6D1E60F
:10AC40000133DFD12223424600261A99194F13609F
:10AC5000BEE4109A1A4200D1D5E6C3E66B21120D6C
:10AC6000891A012252428A409342C7D06246002A82
:10AC7000EFD00B9B134200D1C5E6B3E6E4050BD53C
:10AC800080231B060593049E059F54E6109A1A42E2
:10AC900000D0A7E61A999BE4002600274BE6300077
:10ACA000E6E51000FFF767FB012009961292FFF717
:10ACB00061FBC0460000F07F0000F0FFFFFF0F00C7
:10ACC000FFFFEF7F10B5024BFFF70EF810BDC04637
:10ACD00070160020F0B557464E464546DE46E0B5B4
:10ACE00082460F0090461E00994683B0242B43D81D
:10ACF000012B41D00B0008204A4D1A001478013373
:10AD0000295D0842F9D11D002D2C00D176E02B2CB5
:10AD10003ED0454B9B4600230193002E53D1302C4F
:10AD200000D173E00A230A26994649465846F6F7A9
:10AD3000C7FE2B008C463D000200270000214C4638
:10AD40000020E146AC463D00303D092D07D9113DBC
:10AD5000192D03D93D00613D192D20D80A35AE4289
:10AD60001DDD4F1C05D082422AD327D0012160432C
:10AD700028181F780133E6E7FDF724F8162303604F
:10AD8000002003B0F0BCBB46B246A946A046F0BDC9
:10AD90001C78254B951C9B4600230193BDE7674615
:10ADA0004A1C21D0019A002A00D040424246002A83
:10ADB000E7D0002933D143461F60E2E7A945D5DA41
:10ADC00001214942D5E7102EAFD110239946302CEE
:10ADD000ABD120222B789343582BA6D110236C782B
:10ADE000994610260235A0E7222251460A604246C3
:10ADF0005846002AC5D058465F1EDCE71C788023E1
:10AE00001B069B460123951C019386E720222B7885
:10AE10009343582BE2D008230836994685E78346AA
:10AE2000E9E7C046CDD50010FFFFFF7F10B5FFF763
:10AE300051FF10BD70B50D7804005E2D1BD0481C6D
:10AE4000002600212300621CFF3219700133934257
:10AE5000FBD1002D0DD00122724062550378461CB3
:10AE60002D2B0FD05D2B0BD0002B03D01D003000FD
:10AE7000F3E7013870BD4D78881C01260121E1E718
:10AE80003000F7E741785D2910D08D420EDC2B00B1
:10AE900002300133E2549942FBDC8D4203DB002196
:10AEA00001354D19DAE7491B0139F9E72D25300045
:10AEB000D3E7C046F0B50C002300C646096B40330B
:10AEC00000B5994215D0666B77003A00FCF71EFC7E
:10AED000051E28D083199846010032001800F7F7A4
:10AEE00079FD4346256323606763002080BCB84634
:10AEF000F0BD8021C900FCF707F9002813D080239A
:10AF0000DB00636342232063E25C084BC2544123AD
:10AF1000E25C074BC2544023E25C064B9C46C254A1
:10AF200060442060E1E701204042DFE7FF030000CA
:10AF3000FE030000FD03000030B5002A27D0030007
:10AF40000B439B0713D1032A11D9134D0BE0043A8D
:10AF5000002A1CD0114C1C199C432C4217D10430E0
:10AF60000431032A03D903680C68A342EFD00D789B
:10AF7000047801230139AC4207D00AE0002C06D046
:10AF8000C45C0133CD5CAC4203D19A42F6D10020BF
:10AF900030BD601BFCE7C04680808080FFFEFEFE67
:10AFA000030070B5060008003043800701D1032A72
:10AFB0001BD83000002307E0CC5C013AF454451C58
:10AFC0000133002C03D02800002AF5D170BD2B00DE
:10AFD0000024A918002A04D01C7001339942FBD127
:10AFE0000D000028F2D12800F0E7084C08681E0088
:10AFF000074BC31883432342DBD13300043A0431A7
:10B0000001C3032AF2D81E00D3E7C04680808080A7
:10B01000FFFEFEFE9422024B5200985C7047C04631
:10B02000701600200048704760170020F0B5DE461B
:10B030004E4645465746E0B589B00D00059193460A
:10B040001E00082107905F482B001C780135025D27
:10B050001142F9D12D2C00D184E02B2C4BD00123AF
:10B060005B420393584B049300230693002E08D1B0
:10B07000302C00D180E00A239A4600230A26994604
:10B0800005E0102E00D182E0F317B24699465246F1
:10B090004B4603980499F6F751FD23000F008046B4
:10B0A000029200200022002113E0B94201D1404564
:10B0B0001ED8804543D052464B46F7F7F3FBE317C3
:10B0C00000940193009B019C0122C01861412B78E0
:10B0D00001351C00303C092C04D9113C192C0DD829
:10B0E000373B1C00A64211DD531CF0D0B942DCD91D
:10B0F00001225242EBE72C789D1CB0E71C00613C1A
:10B10000192C03D8573B1C00A642EDDC531C1ED063
:10B11000069B002B04D003000C0000215842A141E3
:10B120005B46002B04D0002A45D15B46059A1A6085
:10B1300009B0F0BCBB46B246A946A046F0BD8F425E
:10B14000B9D1029BA342B6DA01225242BFE72223C1
:10B15000079A13605B46002B30D06B1E039804994E
:10B160000593E2E72C789D1C0023039380231B06A4
:10B1700004930123069379E720222B789343582BDD
:10B1800011D008239A460023083699467FE7302CD1
:10B1900004D010239A460023994678E720222B7882
:10B1A0009343582BF5D110239A4600236C78994687
:10B1B000102602356BE703900491CEE703980499BB
:10B1C000B6E7C046CDD50010FFFFFF7F10B5FFF7F3
:10B1D0002DFF10BDF0B54546DE4657464E46E0B55C
:10B1E00087B00D00039198460821059065480192AB
:10B1F0002B001C780135025D1142F9D12D2C00D1B4
:10B2000088E0002204922B2C67D04346002B0FD1FC
:10B21000302C00D183E0052302935B4B9A465B4BB5
:10B2200099460A23009300239B460A33984615E06B
:10B23000102B00D185E04246009301204042C11707
:10B24000DB179B46F6F77AFC4246824689465B4608
:10B2500001204042C117F6F771FC02920022002043
:10B26000002116E01C00A0451EDD531C0FD04945EF
:10B270003BD801D1504538D8504531D0009A5B4673
:10B28000F7F710FB2600E7178019794101222C7887
:10B2900001352300303B092BE4D92300413B192B16
:10B2A00026D8373CA045E0DC531C27D0049B002B5C
:10B2B00004D003000C0000215842A141019B002B47
:10B2C00004D0002A23D1019B039A1A6007B0F0BC76
:10B2D000BB46B246A946A046F0BD2C789D1C94E71B
:10B2E0004945CBD1029B9C42C8DD01225242CEE7A8
:10B2F0002300613B192BD7D8573CB4E72223059A8A
:10B3000001204042C1171360019B002BDED06B1E51
:10B310000393D8E72C789D1C0123049375E7202222
:10B320002B789343582B1ED007230293083B9A4651
:10B33000174B99460823009300239B4608339846F1
:10B340008CE7302C0AD00F230293103B9A46114B06
:10B3500099461023009300239B467FE720222B78F9
:10B360009343582BEFD10F230293103B9A46094B7E
:10B370006C7899461023009300239B46103398461F
:10B3800002356BE7CDD5001099999999999999193A
:10B39000FFFFFF1FFFFFFF0F10B5FFF71BFF10BDE3
:10B3A00070B582B0069C0500002C0BD0E4260F4837
:10B3B0008659002A0DD028000094B047431C10D0B5
:10B3C00002B070BD0400E4260848F4348659002A0F
:10B3D000F1D1012300212800054A0094B047431C05
:10B3E000EED1002323608A332B60E9E7701600203A
:10B3F000D8CD001010B5002100F002F810BDC046F5
:10B4000010B500F0C3F8040000F0F4F81A38C0B228
:10B41000022805D900200423093CA342404110BD65
:10B420000120FCE7002001497047C0460000F87F7A
:10B43000004870470000C07F030A30B5DBB205004A
:10B44000C4B2022922D0032903D0803B803CDBB266
:10B45000E4B21A005032D2B21F2A0AD91A0030328E
:10B46000D2B2242A35D83C4A95422FD901204042F5
:10B4700030BD3A4A9542F9D83949B03BD801C01A93
:10B480004000A13C00194000405AF1E79E2C0ED923
:10B4900023348022E4B29F2B0ED8703B5B00D3187C
:10B4A000DBB21A005032D2B21F2AD7D8E1E77E3C75
:10B4B0007F22E4B29F2BF0D950335B00D318DBB26C
:10B4C0001A005032D2B21F2AC8D8D2E72549D03B41
:10B4D000D4E75F33DAB2072AC8D8234B92009B58CF
:10B4E0009F46F12CC2D8214AA13C6000805A002816
:10B4F000BED10138BCE7D82CB8D81D4AA13C6000A9
:10B50000805A0028B4D10138B2E7F62CAED8C02357
:10B510009B01E018ACE7F32CA8D8164BE018A7E77E
:10B52000154BE35C002BA1D0144BE018A0E7144AA4
:10B53000A13C6000805A00289AD1013898E7114A4E
:10B54000A13C6000805A93E7C02C00D98EE70E4AD8
:10B55000A13C6000805A8BE7A6F40000D3CF000026
:10B560007CF6001000DC0010E0DB0010E80D01109C
:10B570008C0E0110A02F00005B0E011060FE000079
:10B58000580F011014100110A80D011070B505001E
:10B59000002918D02B31FF310C0020001149FCF795
:10B5A00025FC002804D101212800FFF745FF70BDCC
:10B5B00020000D49FCF71AFC002806D102212800C2
:10B5C000FFF73AFFF3E7094CE7E720000849FCF7EB
:10B5D0000DFC03002800002BE9D10321FFF72CFF0D
:10B5E000E5E7C04630D0001034D000109A17002094
:10B5F0003CD00010114BF0B598421BD80025104EDE
:10B60000104F02E0551CAE4214DBAB19DA0FD21812
:10B61000521053009B185B00FB1859885C78090294
:10B6200021439C886418A042ECD8884204D2561E5C
:10B63000AE42EADAFF20F0BD1878FCE7EF010E0019
:10B64000F9080000D0100110F0B5D6464F46464626
:10B650000369C0B50A009A464F11BB4208DC0023BB
:10B66000036100234361E0BCBA46B146A846F0BD81
:10B670001F218C460600644614369D00BB007519D8
:10B68000F318114014421FD02022521A944604CBC2
:10B69000CA4090469D4228D9B14664461A68A240E5
:10B6A000444622434C4604C404CBA146CA409046BB
:10B6B0009D42F2D85346DC1BA4003419043C22609E
:10B6C000002A0CD004340AE032009D42C7D902CBD4
:10B6D00002C29D42FBD85346DC1BA4003419A31BB5
:10B6E0009B100361B442BED1BBE74261002AB6D0D1
:10B6F00034000434F3E7C046F0B5DE46454657460D
:10B700004E46E0B58846096893468A7887B003902C
:10B710000593302A00D0CDE1CB1C1D0001335A1E09
:10B720001278302AF9D0691A8B1E9A46C24FBB5C38
:10B73000002B00D1FCE0002200242B789146BF4A68
:10B74000FB5C0292002B00D16AE12E007378013677
:10B75000FB5C002BFAD1012230000299FFF7ECFBD1
:10B760000190002852D0002233780192002C02D0A0
:10B77000A41BA2000192202234009343502B51D0ED
:10B7800043461E604B46002B7DD1631B013B0021CD
:10B79000072B03DD01315B10072BFBDC039800F066
:10B7A000D5FB8246002800D18FE214235344049332
:10B7B000A54200D3D1E19846002399463B000026DC
:10B7C0004746A8464D4699460CE0202E19D0320037
:10B7D000043649462378CB5C0F210B4093401D4330
:10B7E00044455ED0013C23782E2BEED14445ECD36A
:10B7F000012220000299FFF79FFB0028F0D0202EA5
:10B80000E5D120C7002204260025E2E7002C00D164
:10B8100043E12022A41BA300019333783400934317
:10B82000502BADD163782B2B00D11EE12D2B00D0F6
:10B83000EBE00122A378A11CFB5C2600581E18280F
:10B840009ED84E1C4978103B795C180000290AD11B
:10B850000CE083001B185B00013658183378103851
:10B86000F95C002901D01929F3DD0300002A00D07A
:10B870005B42019A94469C446346019343461E6092
:10B880004B46002B81D053465A42534106245B421B
:10B890001C40200007B0F0BCBB46B246A946A046FB
:10B8A000F0BDB846A94646464B4608C6049B4846E6
:10B8B000F61A5346B6101E6100F024FC5B461D6864
:10B8C0007601361AAE4251DC00DAD0E09B68019A6C
:10B8D000934200DAC0E05B465B689A4200DB97E087
:10B8E0009C1A671EAC426FDA0026002F00D04EE192
:10B8F0001F21012339408B407A11049992008A5804
:10B90000504621002D1B1A4200D12BE1FFF79CFE6F
:10B910005B465B6801935B46DC68022C00D1DBE090
:10B92000032C00D142E1012C00D16EE1122470E021
:10B93000424B0122190028000293FFF7FDFA8146CD
:10B9400000286FD16B786C1CFA5C002A6CD0250043
:10B95000302B00D05DE16B780135302BFBD0FB5CE8
:10B960005A425A41914601229246EBE6741B21004D
:10B97000504601F055F8061E0FD01F210123601E0E
:10B9800001408B404211049992008A5801261A42C4
:10B9900003D0012800DD00E1022621005046FFF718
:10B9A00053FE019B9C465B46A44462469B68019201
:10B9B000634551DB5B46019A5B68934200DC7DE0A6
:10B9C0009C1AA54200DDD4E05A46D268022A37D03C
:10B9D000032A00D1F1E0012A35D1AC4233D1012C48
:10B9E00007D05046611E01F01BF800282BD05B46A3
:10B9F0005B68059A62241360012352461361049A1E
:10BA000013605246109B1A6043E70022611C13E743
:10BA100001245246109B1A60059B019A1A6038E770
:10BA20002E0098E62C002B7820229343502B00D137
:10BA3000BEE043461C6026E7AC460110D8CF00109C
:10BA4000119A002AD5D05146039800F0A7FA002396
:10BA5000109A502413601CE75146039800F09EFA98
:10BA60000023109AA324136013E70022E2E6AE1B22
:10BA700032005146039800F031FD019B82469A1B2B
:10BA80005B469B6801929A42E6DC5B465B689A42A1
:10BA9000BEDA14215144049122E77378741CFA5CD5
:10BAA0002600002A00D166E673780136FA5C002A87
:10BAB000FAD15DE600238D1C9A4637E60124002E5C
:10BAC000A7D05B46DB68022B06D0032B08D0012BE6
:10BAD00055D010231C439CE70123119A9B1A119304
:10BAE000119B002BF5D053461F69049BBA00914669
:10BAF000180098460021484402E002C3984261D9E8
:10BB00001A68561CF9D001321A60022C69D01F2322
:10BB10001E0021242E402B4200D17AE74B4643449D
:10BB2000043B186800F0EEFA20239B1B984200DBD0
:10BB30006FE753461969002900DD93E00023524660
:10BB400013610023524653615B46019A9B680132A0
:10BB50000192934280DB21245BE7049B98460023FB
:10BB60009946A0E6FFF770FD5B465B6802240193EF
:10BB7000A5E7671E002E00D1B6E60126B8E6B3079A
:10BB8000A7D5049B1B681E43F607ACD4A1E7390078
:10BB9000504600F045FF0600AAE65046A11E00F000
:10BBA0003FFF002800D1F7E60326F6E6022497E7D8
:10BBB000002301930133994634E6119A002A00D0FC
:10BBC00017E740E753469B689F4225DA5346012218
:10BBD000791C1961BB0053445A61049B9846022C9E
:10BBE000A9D15B461B682224013BAB4200D010E781
:10BBF0001F21012329408B4041466A11920054586D
:10BC00001C4063425C41213403E7022302241E43AB
:10BC1000B7E701239A4698E55346596803980131DE
:10BC200000F094F9061E56D0534651461A690C315D
:10BC3000023292000C30F6F7CDFE5146039800F028
:10BC4000ADF901223369B246591C9B00F3183161EA
:10BC50005A6114239846B044022CC2D08F4200DBB4
:10BC600055E768E7534650465B6989004144183000
:10BC70005B0881421FD944461A000368DB0713435F
:10BC800008C404C852088142F7D8130052468A1AE1
:10BC90004146193A92089200043152181360002B61
:10BCA00000D0043243465146D31A9B100B614245E3
:10BCB00000D049E745E742461360002B02D04246D8
:10BCC0000432EFE7524613613BE70022E421054BC3
:10BCD0000548F8F759FB00228421024B0248F8F787
:10BCE00053FBC04644D0001058D0001030B5026855
:10BCF00008E013781D00413D192D00D82033013193
:10BD0000A34206D10C780132002CF2D1026001204E
:10BD100030BD0020FCE7C046F0B54546DE4657463C
:10BD20004E461F2403000800E0B5250011000068FE
:10BD300087B04211920005408A180395044200D052
:10BD40009EE01000171F021F914600224846026025
:10BD500018684678002E00D1AFE001906F48049338
:10BD600080464B460F200024002283460198019311
:10BD7000434602963D0026008946B8463900924661
:10BD80001F00029C15E0202C00D98AE052450CDDF2
:10BD90008D4201D2072E55DD0826A94505D2291F5F
:10BDA000002392460D0000260B6084780130002CA1
:10BDB00012D03B5D002BE6D001360132082E39DC73
:10BDC0002C682401A4465C462340644623432B6030
:10BDD00084780130002CECD1019B8C46340049461C
:10BDE00047469946002A68D0654502D2072C00DCF8
:10BDF00077E0A94247D20A002B0001CB01C29F4243
:10BE0000FBD26A1C781C0023904266D200200A1DD7
:10BE10009B181A0004331060BB42FAD94B461B68CA
:10BE2000002B05D1B94250D0043F3B68002BF9D01C
:10BE3000052043E0A945B8D20024043DA4460126CC
:10BE40002C60C0E708239B1B9B009C462023644674
:10BE50002E001C1B02952B68654605909446200019
:10BE60002A0075682C0084401C432B00D3403460AA
:10BE7000736004368E42F4D36246029D05988BE7C8
:10BE80001700101D5FE74B46039A1B68002ACDD0B0
:10BE90002020801A01225242C24013404A461360B9
:10BEA000C4E7A246340056464746804601988C4671
:10BEB000049B49468146292E0BD0042007B0F0BCD4
:10BEC000BB46B246A946A046F0BD012305200B6043
:10BED000F4E740460230186084E77D1BAD08AB00F4
:10BEE00094E708262023361BB6009B1B98462B6838
:10BEF00028001A000B0031006646AC4645469846BD
:10BF000044682300AB4013432200CA4003604260F0
:10BF10000430B042F4D3654641466AE7AC460110AE
:10BF200082B000290AD0002A0BD0002B0BD0137846
:10BF30000B601078431E984102B0704701A9002A97
:10BF4000F3D10020F8E702204042F5E7436C70B5DA
:10BF500004000D00002B0AD0AA009B1818680028C6
:10BF60000ED002681A6000230361C36070BD2122F5
:10BF70000421FBF761F8031E6064EDD10020F5E7B2
:10BF80000126AE40721D012120009200FBF754F8FB
:10BF90000028F3D045608660E5E7C046002906D05A
:10BFA0004A68436C92009B181A680A6019607047CF
:10BFB000F0B5C6461F008046002300B50E000D698F
:10BFC00014310C6801332004000C5043240C5443FA
:10BFD000C019070CE4190004270C000C24042418D1
:10BFE00010C19D42EDDC002F07D0B368AB4208DDE5
:10BFF000AB00F31801355F613561300080BCB84695
:10C00000F0BD716840460131FFF7A0FF041E16D055
:10C01000310032690C31023292000C30F6F7DAFC52
:10C02000434672685B6C92009B181A6832601E600F
:10C030002600AB00F31801355F613561DDE70022B2
:10C04000BA21024B0248F8F79FF9C04644D00010CD
:10C05000C4D00010F8B54746CE460600180080B59B
:10C060000C00083009211F009046F5F701FD092F4B
:10C070003BDD012500216D000131A842FBDC3000D1
:10C08000FFF764FF011E32D0089B43610123036167
:10C090004346092B16DC092398460A3447450CDD34
:10C0A0004346E719FF1A23780A223000303BFFF796
:10C0B0007FFF01340100BC42F5D10800C0BCB94685
:10C0C000B046F8BD09239946A1444D4644442B7817
:10C0D0000A223000303BFFF76BFF01350100A5421B
:10C0E000F5D14C464444083CD8E70021C7E700227C
:10C0F000024B0348D331F8F747F9C04644D000104B
:10C10000C4D000108022030052020020934201D2CA
:10C110001B04103080225204934201D208301B02CB
:10C1200080225205934207D38022D205934214D233
:10C130009B0014D4033008E0802104301A01C905A3
:10C140008A4203D3D243D20F801870479A019B01D1
:10C1500005D40A42EED12020F7E71A00F2E70230B8
:10C16000F3E7C0460368010010B55A0707D0DA07A5
:10C170002BD49A072ED55B080360012010BD1A044A
:10C1800010D1FF221B0C10201A4201D108301B0ACB
:10C190001A0717D09A070ED0DA0701D401305B08CE
:10C1A0000B60EBE7FF221A4211D01A071AD10420C4
:10C1B0001B099A07F0D19A085C070FD513000230CB
:10C1C0000B60DBE704301B09F3E70020D6E708200B
:10C1D0001B0ADDE79B0803600220CFE7DB0805D1DF
:10C1E0002020CBE7DB0803200B60C7E703300B60A0
:10C1F000C4E7C046436C70B504000D00002B0AD0A4
:10C200005868002815D002685A600023C3600133C3
:10C210004561036170BD21220421FAF70DFF031E61
:10C220006064EDD146210022084B0948FF31F8F740
:10C23000ABF81C2201212000FAF7FEFE0028F1D005
:10C240000123436001338360DFE7C04644D0001020
:10C25000C4D00010F0B54E4657464546DE46E0B520
:10C260000B6916698A469146984685B0B34204DB4D
:10C27000330089464646924698464B46596843469F
:10C28000F5184B469B68AB4200DA0131FFF75EFEC2
:10C29000071E00D1AAE014239C4684446346AC00E8
:10C2A000644418000022A34202D204C39C42FCD87A
:10C2B00014234B449B46434651469B0098461431F9
:10C2C000B60088445E44414576D200239A464B46E8
:10C2D00015339E4200D382E05B46019343460093B0
:10C2E0005346B446A246AB46B9460C00029306E05C
:10C2F0002D0C32D1009B04340430A34259D9256857
:10C300002B04190C002BF3D0019D5346A0460026A8
:10C310000C0082462F00039308CF01681A04120C08
:10C3200062431B0C0D0463432D0C52199219090C26
:10C330005B18110C5B1812041E0C120C1B04134327
:10C3400008C0BC45E8D850464446039B9A46029B29
:10C35000C3185E6025682D0CCCD00600002203684F
:10C36000A046604619001400B446019F3A88090CA3
:10C370006A43121952181B0411041B0C0B4333603F
:10C3800010CF7168240C6C430B041B0CE318120CC7
:10C390009B181C0C0436B842E8D86246844610004C
:10C3A0004446029A043482185360009B0430A3422E
:10C3B000A5D854465D464F46002D03DC06E0013DFE
:10C3C000002D03D0043C2368002BF8D038003D61D9
:10C3D00005B0F0BCBB46B246A946A046F0BD4B46F0
:10C3E000F31A153B9B089B009A4675E7B121002282
:10C3F000024B03484900F7F7C7FFC04644D000107E
:10C40000C4D00010F8B5032347461400CE461A00E6
:10C4100080B50E0007002240234239D1A41032D04B
:10C420003D6C002D3DD0012398460023994643469C
:10C4300023406410002B08D12868002819D005007B
:10C44000434623406410002BF6D02A003100380008
:10C45000FFF700FF002E06D072687B6C92009B18DD
:10C460001A6832601E60002C0ED006002868002872
:10C47000E5D12A0029003800FFF7ECFE4B46286082
:10C4800005000360DCE73000C0BCB946B046F8BD2B
:10C490000E4B013A9200D2580023FFF789FD0600A7
:10C4A000BCE701213800FFF751FD051E07D0084BFE
:10C4B000436101230361002338640360B3E746212D
:10C4C0000022044B0448FF31F7F75EFFAC47011030
:10C4D0007102000044D00010C4D00010F0B54546F1
:10C4E000DE4657464E46E0B50D002B69541198467E
:10C4F000A04443465E1CAB6883461700496883B07E
:10C500009E4203DD01315B009E42FBDC5846FFF793
:10C510001DFD8446002854D0010014310B00019108
:10C52000002C0CDDA400220000201432624401C360
:10C530009342FCD1019B9946A1444B4601931F2293
:10C540002B0011002C691433A40039408A461C19B1
:10C550003A4230D00132521A914600270198514692
:10C560001A688A403A4304C04A4680CBD7409C426E
:10C57000F5D82A0015320023944203D3631B153BE0
:10C580009B089B00019A91464B445F60002F00D1AD
:10C59000464663461E615B4660466A685B6C920075
:10C5A0009B181A682A601D6003B0F0BCBB46B246F7
:10C5B000A946A046F0BD019904CB04C19C42FBD81A
:10C5C000E6E7EF210022024B02484900F7F7DCFEC4
:10C5D00044D00010C4D0001002690B6930B50500CA
:10C5E000D01A9A4214D19B0014351431EA18CB1892
:10C5F00001E095420CD2043A043B146819688C425D
:10C60000F7D000238C425B4102205B421840013886
:10C6100030BDC046F0B545469046DE4657464E46CC
:10C620004346E0B50A690C00196983B0551A8A427D
:10C6300014D1270042468900143714327B1852184F
:10C6400002E09F4200D396E0043B043A1E68116862
:10C650008E42F6D000D399E0012504E0002DFBDBEB
:10C66000A04600251C0043465968FFF76FFC84462E
:10C67000002800D194E043461A6914339600B2466C
:10C68000C5609A446546009353462169200089009D
:10C6900089461435002101932B00143081444D4606
:10C6A000A34614270C00924601009946434601C94F
:10C6B000DE5902043304120C1B0C9B1A62461B1930
:10C6C000000C360C361A181430181B0404141B0CFA
:10C6D00000040343D35104378D42E7D82100019C65
:10C6E00048465246A2465C46A94605002000153041
:10C6F0001E000027009B814504D34846001B1538C7
:10C70000800887007819041DDF19A0463C1DA1464A
:10C71000EF1A0300A2451DD93B00574692461A0066
:10C720000E00A51801CC03041B0C5B181B14010C94
:10C7300086195B1836041914360C1B041E432E6030
:10C74000A742EDD83B0049465246013B5B1A9B0885
:10C750009B004344002E04D1043B1968013A002990
:10C76000FAD063461A61604603B0F0BCBB46B246DD
:10C77000A946A046F0BD0021FFF7E8FB844600284B
:10C7800008D00123036100234361ECE74346A04640
:10C790001C0068E70022054B05480649F7F7F4FD41
:10C7A0000022024B02480449F7F7EEFD44D0001086
:10C7B000C4D0001037020000450200000D4A0E4BA5
:10C7C00094460B4063440022002B02DD1900100048
:10C7D00070475B421915132903DC80231B030B41AF
:10C7E000F4E7143901221E2902DC80221206CA4015
:10C7F0000023EBE70000C0FC0000F07FF8B5060066
:10C800004746CE4604691436A4003419231F1D6818
:10C8100080B528000F009846FFF774FC2022111AFB
:10C82000030039600A282EDD07000B3F464519D268
:10C8300008235B429C46A44463461B68002F1AD021
:10C840001900D21BD140BD409146194A0D432A43DD
:10C850001100BB40664511D24A460C3C2468D440C6
:10C8600023430BE00B2805D0BD40114B2B4319008F
:10C87000002303E000230E4A2A4311001800C0BC25
:10C88000B946B046F8BD2F00153A121AD740914666
:10C89000074A3A4311000027464503D24A46083C5E
:10C8A0002768D74015339D402B003B43E6E7C04641
:10C8B0000000F03FF0B5012183B014001D00FFF728
:10C8C00045FB061E47D02B036F001B0B7F0D02D0CC
:10C8D0008022520313430193002C16D101A8FFF7C5
:10C8E00041FC0124019B203073613461002F23D06F
:10C8F0001C4B35249C46089B67443F181F60241A34
:10C900003000099B1C6003B0F0BD68460094FFF73F
:10C9100029FC019C009B002806D020222100121A2D
:10C920009140C4400B4301947361B461631E9C4108
:10C9300001343461002FDBD10B4B9C46089B6044D3
:10C9400018600023E3189B00F3181869FFF7DAFB5F
:10C950006401241AD4E70022044B05480549F7F77F
:10C9600013FDC046CDFBFFFFCEFBFFFF44D0001000
:10C97000C4D000100F030000F0B5CE46474680B586
:10C9800085B0884602A98146FFF738FF04000D00F4
:10C99000404603A9FFF732FF02000B00404649461C
:10C9A0000069096900920193091A490188460298B1
:10C9B0000399401A0100414400290BDD09054F1974
:10C9C0003D0020002900F5F7C8FA05B0C0BCB94603
:10C9D000B046F0BD09055B1A0193009A019BF0E790
:10C9E0001300013970B54C111169013414338900F9
:10C9F000A400591804198B420AD2050040CB40C547
:10CA00009942FBD88B1A153B9B089B0004301818E1
:10CA1000844203D9002308C08442FCD870BDC046BC
:10CA200010B5040002691434481182420ADA9200F7
:10CA3000A31803E0043B1A68002A14D1A342F9D8D2
:10CA4000002010BD8300E3188242F7DD1F22100092
:10CA500008400A42F2D019680A00C2408240012010
:10CA60009142EED1EAE70120EBE7C046002909D068
:10CA7000FF2A02D801200A7070478A230360012030
:10CA80004042F9E70020F7E7F8B5C0460000000093
:10CA900001B40248844601BC604700BF3D04002049
:10CAA00001B40248844601BC604700BF0103002076
:10CAB00001B40248844601BC604700BF2502002043
:10CAC00001B40248844601BC604700BF5D0F0020EE
:10CAD00001B40248844601BC604700BF410C0020FD
:10CAE00001B40248844601BC604700BF5D0F0020CE
:10CAF00001B40248844601BC604700BFC100002069
:10CB000001B40248844601BC604700BF990100207F
:10CB100001B40248844601BC604700BF0101002007
:10CB200001B40248844601BC604700BFD10C00201C
:10CB300001B40248844601BC604700BF190C0020C4
:10CB400001B40248844601BC604700BF810C00204C
:10CB5000511800107D180010611A0010B92900103A
:10CB60009D210010D9280010891900109918001073
:10CB7000B9180010CD180010DD0B0010D5180010EA
:10CB8000A90F001019180010110800102D4E0010E8
:04CB9000B1020010DE
:10CB980076302E302E3100006D792D7069636F2D3F
:10CBA8006465766963650000646576696365206E0F
:10CBB800616D653A20272573272C206669726D7789
:10CBC8006172652076657273696F6E3A2025730A03
:10CBD80000000000417661696C61626C6520636FDA
:10CBE8006D6D616E64733A002020252D31307320FD
:10CBF800E280942025730A00257500004572726F43
:10CC0800723A20706572696F735F6D732069732063
:10CC18007A65726F000000006572726F723A207553
:10CC2800736167653A206D656D203C6865785F6162
:10CC38006464726573733E006572726F723A207530
:10CC4800736167653A20776D656D203C6865785F2C
:10CC5800616464723E203C6865785F76616C7565D6
:10CC68003E00000076657273696F6E006765742018
:10CC7800646576696365206E616D6520616E642008
:10CC88006669726D776172652076657273696F6E19
:10CC9800000000006F6E00007475726E204C4544F1
:10CCA800206F6E006F6666007475726E204C454486
:10CCB800206F666600000000626C696E6B00000001
:10CCC8007374617274204C454420626C696E6B69A0
:10CCD8006E6700007365745F706572696F64000049
:10CCE80073657474696E6720706572696F64206F0C
:10CCF80066204C454420626C696E6B696E67000063
:10CD080068656C70000000006765742068656C7069
:10CD18002061626F757420616C6C206176616C694A
:10CD280061626C6520636F6D6D616E6473000000F5
:10CD38006D656D006765742076616C756520667237
:10CD48006F6D20616472657373000000776D656DA7
:10CD5800000000007772697465206D656D6F7279E7
:10CD68003A20776D656D203C6865785F6164647210
:10CD78003E203C6865785F76616C75653E00000012
:10CD8800726563656976656420737472696E673A63
:10CD980020272573270A0000636F6D6D616E643A62
:10CDA80020272573272C20617267733A2027257363
:10CDB800270A00006572726F723A20756E6B6E6F8B
:10CDC800776E20636F6D6D616E6420272573270A67
:10CDD800000000006D656D5B3078253038585D20A7
:10CDE8003D203078253038580A000000776D656D91
:10CDF8005B3078253038585D203C2D203078253040
:10CE0800385820646F6E650A000000000A2A2A2A32
:10CE18002050414E4943202A2A2A0A004E6F207387
:10CE280070696E6C6F636B732061726520617661E7
:10CE3800696C61626C6500004E6F207573657220C5
:10CE4800495251732061726520617661696C616233
:10CE58006C650000486172647761726520616C617D
:10CE6800726D20256420616C726561647920636C41
:10CE780061696D65640000004861726420617373C4
:10CE8800657274004F7574206F66206D656D6F72E2
:10CE98007900000052656C6561736500626F6F749C
:10CEA800325F77323571303830000000322E322E42
:10CEB800300000007069636F0000000030352D6499
:10CEC8006973706C617900004D61792020382032D7
:10CED80030323600666E692B00000000666E69000D
:10CEE8006E616E00666E692D000000002C2066756C
:10CEF8006E6374696F6E3A20000000006173736599
:10CF08007274696F6E2022257322206661696C65D0
:10CF1800643A2066696C6520222573222C206C698E
:10CF28006E65202564257325730A00005553422039
:10CF3800737464696E202F207374646F75740000B5
:10CF48005261737062657272792050690000000046
:10CF58005069636F00000000426F617264204344AF
:10CF6800430000005265736574000000556E6861E7
:10CF78006E646C65642049525120307825780A0027
:10CF8800657020253032582077617320616C726596
:10CF980061647920617661696C61626C650000008A
:10CFA80043616E277420636F6E74696E75652078AF
:10CFB800666572206F6E20696E616374697665209C
:10CFC800657020253032580065256C64000000002B
:10CFD8002E0000006E660000696E6974790000001A
:10CFE800616E00004C435F434F4C4C415445000078
:10CFF8004C435F4354595045000000004C435F4D7B
:10D008004F4E4554415259004C435F4E554D455281
:10D01800494300004C435F54494D45004C435F4D24
:10D0280045535341474553004A495300534A4953CE
:10D03800000000004555434A5000000042616C6CF6
:10D048006F63207375636365656465640000000041
:10D058002F566F6C756D65732F646174612F6A65E7
:10D068006E6B696E732F776F726B73706163652F68
:10D07800474E552D746F6F6C636861696E2F6172CE
:10D088006D2D31342F7372632F6E65776C69622D45
:10D0980063796777696E2F6E65776C69622F6C6943
:10D0A80062632F7374646C69622F6764746F612D97
:10D0B8006765746865782E63000000002F566F6CF2
:10D0C800756D65732F646174612F6A656E6B696E27
:10D0D800732F776F726B73706163652F474E552D91
:10D0E800746F6F6C636861696E2F61726D2D313476
:10D0F8002F7372632F6E65776C69622D637967771A
:10D10800696E2F6E65776C69622F6C6962632F7325
:10D1180074646C69622F6D707265632E6300000021
:10D1280006005250D3F075429CCE001006005250B3
:10D13800E182887FA4CE001006005250ABB3605342
:10D14800B4CE001006005250BBFF3CB6BCCE001057
:10D1580006005250861C0302C4CE0010060052502E
:10D168005422A29DD0CE001005005250DE65F4680E
:10D17800EC5F011080370010303700103037001096
:10D188007837001030370010303700103037001073
:10D1980030370010303700103037001030370010AB
:10D1A8007037001030370010683700103037001023
:10D1B8003037001060370010A03900109637001083
:10D1C80090390010963700107A3900109637001001
:10D1D80096370010963700109637001096370010D3
:10D1E80096370010963700108837001096370010D1
:10D1F80096370010963700109637001096370010B3
:10D20800883700103E3A0010EA360010EA3600105F
:10D21800EA360010EA360010EA360010EA36001046
:10D22800EA360010EA360010EA360010EA36001036
:10D23800EA360010EA360010EA360010EA36001026
:10D24800EA360010EA360010EA360010EA36001016
:10D25800EA360010EA360010EA360010EA36001006
:10D26800EA360010EA360010EA360010EA360010F6
:10D27800EA360010EA360010EA360010EA360010E6
:10D28800EA360010B43900100C3A0010B439001016
:10D29800EA360010EA360010EA360010EA360010C6
:10D2A800EA360010EA360010EA360010EA360010B6
:10D2B800EA360010EA360010EA360010EA360010A6
:10D2C800EA360010EA360010EA360010EA36001096
:10D2D8004E3C0010EA360010EA360010EA3600101C
:10D2E800EA360010EA360010EA360010EA36001076
:10D2F800EA360010EA3600104E3C0010503A001092
:10D308004E3C0010B43900100C3A0010B43900102B
:10D31800000000000000F03F000000000000244072
:10D3280000000000000059400000000000408F404D
:10D33800000000000088C34000000000006AF840B8
:10D348000000000080842E4100000000D0126341DC
:10D358000000000084D797410000000065CDCD4152
:10D368000D0A0000000000009148001000000000B5
:10D3780095480010A1480010CD480010C948001079
:10D38800000000000A00000000000306A6000800D4
:10D39800020002009C001400030057494E555342F6
:10D3A80000000000000000000000800004000100F0
:10D3B80028004400650076006900630065004900A4
:10D3C8006E0074006500720066006100630065000D
:10D3D800470055004900440000004E007B006200F1
:10D3E80063003700330039003800630031002D0036
:10D3F80037003300630064002D00340063006200CE
:10D4080037002D0039003800620038002D0039003F
:10D4180031003300610038006600630061003700A6
:10D428006200660036007D0000000000050F210044
:10D43800011C100500DF60DDD88945C74C9CD2650A
:10D448009D9E648A9F00000306A60001000000005C
:10D458000600525053B4F4A134CF0010000000006D
:10D4680048CF001058CF0010D428002060CF0010FB
:10D478006CCF001009025400030100807D080B00E6
:10D48800020202000009040000010202000405244F
:10D4980000200105240100010424020605240600D9
:10D4A800010705810308001009040100020A0000B1
:10D4B800000705020240000007058202400000093B
:10D4C80004020000FF00010512011002EF020140F2
:10D4D8008A2E0A0000010102030100009454001082
:10D4E800FC5500104C560010D4550010E65500109D
:10D4F800C455001034550010E0540010D4540010E6
:10D50800B65900109C5900106C570010D6590010DD
:10D518006C57001084590010705900106C57001097
:10D528005C590010625800106C570010425C0010E3
:10D53800345C0010285C00106C5700106C57001009
:10D54800125C0010345C00106C5700106C5700100F
:10D558006C5700106C5700106C5700106C57001077
:10D568006C570010C85B00109E0D00209E0D002017
:10D57800E80D0020080E00204C0E00205E0E002052
:10D58800940D002000000000CD6100103D620010E5
:10D598006D620010B96200105D63001045640010F0
:10D5A800000000000000000045650010A1650010A3
:10D5B800BD650010E56500102949001005670010D9
:10D5C80000000000002020202020202020202828E3
:10D5D800282828202020202020202020202020202B
:10D5E800202020202088101010101010101010106B
:10D5F800101010101004040404040404040404109B
:10D608001010101010104141414141410101010128
:10D6180001010101010101010101010101010101F2
:10D6280010101010101042424242424202020202FE
:10D6380002020202020202020202020202020202C2
:10D648001010101020000000000000000000000072
:10D6580000000000000000000000000000000000C2
:10D6680000000000000000000000000000000000B2
:10D6780000000000000000000000000000000000A2
:10D688000000000000000000000000000000000092
:10D698000000000000000000000000000000000082
:10D6A8000000000000000000000000000000000072
:10D6B8000000000000000000000000000000000062
:10D6C8000000000000000000B08B0010088400106B
:10D6D8000884001008840010088400109A8B001039
:10D6E80008840010088400100884001008840010C2
:10D6F80008840010088500100885001008850010AF
:10D70800088500100885001008850010088500109D
:10D71800088500100885001008850010088400108E
:10D728000884001008840010088400100884001081
:10D7380008840010088400102A850010088400104E
:10D74800E08900108C8700102A8500102A850010B7
:10D758002A8500100884001008840010088400102E
:10D7680008840010888400100884001008840010C1
:10D77800A289001008840010088400100884001092
:10D78800C089001008840010088400100884001064
:10D79800088400100E860010088400100884001009
:10D7A800D487001008840010088400100884001032
:10D7B80008840010088400102A85001008840010CE
:10D7C8004C860010748B00102A8500102A850010E2
:10D7D8002A850010A0870010BA87001088840010DE
:10D7E80008840010708700102E8700104A870010E8
:10D7F800E8860010548B001008840010088400107C
:10D80800028700107C840010148700100884001020
:10D81800088400100E860010088400107C84001014
:10D828006A8E00100A8C00106A8E00100A8C001094
:10D838000A8C00108E8F0010988C0010988C0010A5
:10D84800988C0010988C0010988C0010988C001000
:10D85800988C0010988C0010988C00100A8C00107E
:10D868000A8C00100A8C00100A8C00100A8C001018
:10D878000A8C00100A8C00104C8E0010688D001065
:10D88800688D0010688D0010848F0010668F00105E
:10D898000A8C00100A8C0010988E00100A8C001058
:10D8A8000A8C00100A8C00100A8C0010188E0010C8
:10D8B8000A8C0010CC8D00100A8C00100A8C001005
:10D8C8000A8C0010C08D00100A8C00100A8C001001
:10D8D8000A8C0010868D00107A8D00100A8C0010BA
:10D8E8000A8C00100A8C00100A8C00100A8C001098
:10D8F8000A8C00100A8C00104C8E0010688D0010E5
:10D90800688D0010688D0010848F0010668F0010DD
:10D918000A8C00100A8C0010988E00100A8C0010D7
:10D928000A8C00100A8C00100A8C0010188E001047
:10D938000A8C0010CC8D00100A8C00100A8C001084
:10D948000A8C0010C08D00100A8C00100A8C001080
:10D958000A8C0010868D00107A8D001098920010A5
:10D968000492001098920010049200100492001083
:10D97800B29200106A9200106A9200106A92001027
:10D988006A9200106A9200106A9200106A9200105F
:10D99800A2920010A29200100492001004920010AB
:10D9A80004920010049200100492001004920010D7
:10D9B80004920010DC910010DC910010DC91001042
:10D9C800DC910010DC910010DC9100100492001032
:10D9D80004920010049200100492001004920010A7
:10D9E8000492001004920010049200100492001097
:10D9F8000492001004920010049200100492001087
:10DA08000492001004920010049200100492001076
:10DA18007A920010049200100492001004920010F0
:10DA28000492001004920010049200100492001056
:10DA380004920010DC910010DC910010DC910010C1
:10DA4800DC910010DC910010DC91001004920010B1
:10DA58000492001004920010049200100492001026
:10DA68000492001004920010049200100492001016
:10DA78000492001004920010049200100492001006
:10DA880004920010049200100492001004920010F6
:10DA98007A9200100A000100020003000400050049
:10DAA80006000700080009000A000B000C000D0022
:10DAB8000E000F0010000000969E00101C9D001024
:10DAC8001C9D00101C9D00101C9D00101C9D00102A
:10DAD8001C9D00101C9D00101C9D0010389E0010FD
:10DAE800389E0010389E0010389E0010389E001096
:10DAF8001C9D00101C9D00101C9D00101C9D0010FA
:10DB08001C9D00101C9D00101C9D00101C9D0010E9
:10DB18001C9D00101C9D00101C9D00101C9D0010D9
:10DB28001C9D00101C9D00101C9D00101C9D0010C9
:10DB38001C9D00101C9D0010389E00101C9D00109C
:10DB48001C9D00101C9D00101C9D00101C9D0010A9
:10DB58001C9D00101C9D00101C9D00101C9D001099
:10DB68001C9D0010A8A400101C9D0010BAA4001051
:10DB78007CAC001006A900105AA9001054A9001086
:10DB880040A9001006A9001034000000CEFBFFFFDA
:10DB9800CB03000001000000000000003500000079
:10DBA800CEFBFFFFCB0300000100000000000000D7
:10DBB800BC89D897B2D29C3C33A7A8D523F649395B
:10DBC8003DA7F444FD0FA5329D978CCF08BA5B257D
:10DBD800436FAC64280668113EB500102EB50010DE
:10DBE80020B5001016B500100AB50010F6B40010E4
:10DBF800E2B4001048B500100C5F104E154E2A4EC6
:10DC0800314E364E3C4E3F4E424E564E584E824E48
:10DC1800854E6B8C8A4E12820D5F8E4E9E4E9F4EA5
:10DC2800A04EA24EB04EB34EB64ECE4ECD4EC44EC2
:10DC3800C64EC24ED74EDE4EED4EDF4EF74E094F62
:10DC48005A4F304F5B4F5D4F574F474F764F884F76
:10DC58008F4F984F7B4F694F704F914F6F4F864F43
:10DC6800964F1851D44FDF4FCE4FD84FDB4FD14F7F
:10DC7800DA4FD04FE44FE54F1A50285014502A502D
:10DC8800255005501C4FF64F215029502C50FE4F5F
:10DC9800EF4F1150065043504750036755505050AE
:10DCA80048505A5056506C50785080509A50855071
:10DCB800B450B250C950CA50B350C250D650DE50BA
:10DCC800E550ED50E350EE50F950F550095101512F
:10DCD80002511651155114511A5121513A513751C7
:10DCE8003C513B513F51405152514C51545162515A
:10DCF800F87A69516A516E5180518251D8568C51C7
:10DD080089518F519151935195519651A451A651D2
:10DD1800A251A951AA51AB51B351B151B251B0510D
:10DD2800B551BD51C551C951DB51E0515586E95135
:10DD3800ED51F051F551FE5104520B5214520E524E
:10DD480027522A522E52335239524F5244524B5272
:10DD58004C525E5254526A527452695273527F52F4
:10DD68007D528D5294529252715288529152A88F7C
:10DD7800A78FAC52AD52BC52B552C152CD52D752F8
:10DD8800DE52E352E652ED98E052F352F552F85261
:10DD9800F9520653085338750D5310530F53155342
:10DDA8001A5323532F533153335338534053465345
:10DDB8004553174E49534D53D6515E5369536E53CD
:10DDC80018597B53775382539653A053A653A553A0
:10DDD800AE53B053B653C353127CD996DF53FC6687
:10DDE800EE71EE53E853ED53FA5301543D54405449
:10DDF8002C542D543C542E54365429541D544E54EE
:10DE08008F5475548E545F5471547754705492548F
:10DE18007B5480547654845490548654C754A254E6
:10DE2800B854A554AC54C454C854A854AB54C254A0
:10DE3800A454BE54BC54D854E554E6540F55145554
:10DE4800FD54EE54ED54FA54E25439554055635597
:10DE58004C552E555C5545555655575538553355DF
:10DE68005D5599558055AF548A559F557B557E55BC
:10DE780098559E55AE557C558355A9558755A85537
:10DE8800DA55C555DF55C455DC55E455D4551456F7
:10DE9800F7551656FE55FD551B56F9554E56505614
:10DEA800DF7134563656325638566B5664562F56EE
:10DEB8006C566A56865680568A56A05694568F5681
:10DEC800A556AE56B656B456C256BC56C156C356DB
:10DED800C056C856CE56D156D356D756EE56F956D2
:10DEE8000057FF560457095708570B570D57135734
:10DEF80018571657C7551C572657375738574E5770
:10DF08003B5740574F576957C057885761577F57F6
:10DF180089579357A057B357A457AA57B057C35711
:10DF2800C657D457D257D3570A58D657E3570B5822
:10DF380019581D587258215862584B587058C06B60
:10DF480052583D5879588558B9589F58AB58BA58BF
:10DF5800DE58BB58B858AE58C558D358D158D758BA
:10DF6800D958D858E558DC58E458DF58EF58FA58CB
:10DF7800F958FB58FC58FD5802590A5910591B59B1
:10DF8800A66825592C592D59325938593E59D27AF3
:10DF9800555950594E595A595859625960596759E3
:10DFA8006C596959785981599D595E4FAB4FA3599E
:10DFB800B259C659E859DC598D59D959DA59255AEF
:10DFC8001F5A115A1C5A095A1A5A405A6C5A495A15
:10DFD800355A365A625A6A5A9A5ABC5ABE5ACB5A53
:10DFE800C25ABD5AE35AD75AE65AE95AD65AFA5A81
:10DFF800FB5A0C5B0B5B165B325BD05A2A5B365BB9
:10E008003E5B435B455B405B515B555B5A5B5B5BCF
:10E01800655B695B705B735B755B785B88657A5B76
:10E02800805B835BA65BB85BC35BC75BC95BD45B88
:10E03800D05BE45BE65BE25BDE5BE55BEB5BF05BE6
:10E04800F65BF35B055C075C085C0D5C135C205CAD
:10E05800225C285C385C395C415C465C4E5C535CF5
:10E06800505C4F5C715B6C5C6E5C624E765C795C9C
:10E078008C5C915C945C9B59AB5CBB5CB65CBC5C97
:10E08800B75CC55CBE5CC75CD95CE95CFD5CFA5CEE
:10E09800ED5C8C5DEA5C0B5D155D175D5C5D1F5D7D
:10E0A8001B5D115D145D225D1A5D195D185D4C5D87
:10E0B800525D4E5D4B5D6C5D735D765D875D845D25
:10E0C800825DA25D9D5DAC5DAE5DBD5D905DB75D41
:10E0D800BC5DC95DCD5DD35DD25DD65DDB5DEB5DBD
:10E0E800F25DF55D0B5E1A5E195E115E1B5E365EB3
:10E0F800375E445E435E405E4E5E575E545E5F5ED2
:10E10800625E645E475E755E765E7A5EBC9E7F5E2A
:10E11800A05EC15EC25EC85ED05ECF5ED65EE35EC4
:10E12800DD5EDA5EDB5EE25EE15EE85EE95EEC5EE5
:10E13800F15EF35EF05EF45EF85EFE5E035F095F1B
:10E148005D5F5C5F0B5F115F165F295F2D5F385F56
:10E15800415F485F4C5F4E5F2F5F515F565F575F6F
:10E16800595F615F6D5F735F775F835F825F7F5F1A
:10E178008A5F885F915F875F9E5F995F985FA05F06
:10E18800A85FAD5FBC5FD65FFB5FE45FF85FF15FE0
:10E19800DD5FB360FF5F2160606019601060296017
:10E1A8000E6031601B6015602B6026600F603A605E
:10E1B8005A6041606A6077605F604A6046604D609F
:10E1C80063604360646042606C606B60596081604A
:10E1D8008D60E76083609A6084609B60966097605A
:10E1E8009260A7608B60E160B860E060D360B46063
:10E1F800F05FBD60C660B560D8604D6115610661AD
:10E20800F660F7600061F460FA6003612161FB6009
:10E21800F1600D610E6147613E61286127614A61C5
:10E228003F613C612C6134613D61426144617361CD
:10E238007761586159615A616B6174616F61656199
:10E2480071615F615D615361756199619661876113
:10E25800AC6194619A618A619161AB61AE61CC6194
:10E26800CA61C961F761C861C361C661BA61CB613E
:10E27800797FCD61E661E361F661FA61F461FF617E
:10E28800FD61FC61FE610062086209620D620C6258
:10E2980014621B621E6221622A622E62306232623E
:10E2A800336241624E625E6263625B6260626862B0
:10E2B8007C62826289627E62926293629662D462B2
:10E2C80083629462D762D162BB62CF62FF62C66228
:10E2D800D464C862DC62CC62CA62C262C7629B62F2
:10E2E800C9620C63EE62F162276302630863EF623E
:10E2F800F56250633E634D631C644F6396638E639F
:10E308008063AB637663A3638F6389639F63B5633D
:10E318006B636963BE63E963C063C663E363C96330
:10E32800D263F663C46316643464066413642664B3
:10E3380036641D65176428640F6467646F647664C7
:10E348004E642A6595649364A564A9648864BC6472
:10E35800DA64D264C564C764BB64D864C264F16417
:10E36800E7640982E064E164AC62E364EF642C650D
:10E37800F664F464F264FA640065FD6418651C656B
:10E388000565246523652B65346535653765366510
:10E3980038654B754865566555654D6558655E65C4
:10E3A8005D6572657865826583658A8B9B659F6507
:10E3B800AB65B765C365C665C165C465CC65D2651F
:10E3C800DB65D965E065E165F16572670A66036634
:10E3D800FB6573673566366634661C664F66446649
:10E3E800496641665E665D666466676668665F661E
:10E3F80062667066836688668E66896684669866D5
:10E408009D66C166B966C966BE66BC66C466B866FE
:10E41800D666DA66E0663F66E666E966F066F56641
:10E42800F7660F6716671E672667276738972E6790
:10E438003F67366741673867376746675E67606773
:10E4480059676367646789677067A9677C676A67E4
:10E458008C678B67A667A1678567B767EF67B4673F
:10E46800EC67B367E967B867E467DE67DD67E267AB
:10E47800EE67B967CE67C667E7679C6A1E68466835
:10E48800296840684D6832684E68B3682B685968D7
:10E49800636877687F689F688F68AD6894689D68CF
:10E4A8009B688368AE6AB9687468B568A068BA681A
:10E4B8000F698D687E680169CA680869D868226929
:10E4C8002669E1680C69CD68D468E768D56836695B
:10E4D80012690469D768E3682569F968E068EF6834
:10E4E80028692A691A6923692169C6687969776977
:10E4F8005C6978696B6954697E696E6939697469A0
:10E508003D695969306961695E695D6981696A69EE
:10E51800B269AE69D069BF69C169D369BE69CE699C
:10E52800E85BCA69DD69BB69C369A7692E6A916935
:10E53800A0699C699569B469DE69E869026A1B6A21
:10E54800FF690A6BF969F269E769056AB1691E6AC8
:10E55800ED69146AEB690A6A126AC16A236A136A66
:10E56800446A0C6A726A366A786A476A626A596AE1
:10E57800666A486A386A226A906A8D6AA06A846AFA
:10E58800A26AA36A976A1786BB6AC36AC26AB86A2C
:10E59800B36AAC6ADE6AD16ADF6AAA6ADA6AEA6AC8
:10E5A800FB6A056B1686FA6A126B166B319B1F6B3A
:10E5B800386B376BDC76396BEE98476B436B496B7E
:10E5C800506B596B546B5B6B5F6B616B786B796BE2
:10E5D8007F6B806B846B836B8D6B986B956B9E6B7D
:10E5E800A46BAA6BAB6BAF6BB26BB16BB36BB76B56
:10E5F800BC6BC66BCB6BD36BDF6BEC6BEB6BF36BF2
:10E60800EF6BBE9E086C136C146C1B6C246C236C33
:10E618005E6C556C626C6A6C826C8D6C9A6C816CE9
:10E628009B6C7E6C686C736C926C906CC46CF16CB7
:10E63800D36CBD6CD76CC56CDD6CAE6CB16CBE6C4C
:10E64800BA6CDB6CEF6CD96CEA6C1F6D4D88366D5B
:10E658002B6D3D6D386D196D356D336D126D0C6D0B
:10E66800636D936D646D5A6D796D596D8E6D956D91
:10E67800E46F856DF96D156E0A6EB56DC76DE66D43
:10E68800B86DC66DEC6DDE6DCC6DE86DD26DC56D87
:10E69800FA6DD96DE46DD56DEA6DEE6D2D6E6E6E09
:10E6A8002E6E196E726E5F6E3E6E236E6B6E2B6EE3
:10E6B800766E4D6E1F6E436E3A6E4E6E246EFF6E12
:10E6C8001D6E386E826EAA6E986EC96EB76ED36E66
:10E6D800BD6EAF6EC46EB26ED46ED56E8F6EA56E03
:10E6E800C26E9F6E416F116F4C70EC6EF86EFE6ECD
:10E6F8003F6FF26E316FEF6E326FCC6E3E6F136FFD
:10E70800F76E866F7A6F786F816F806F6F6F5B6F50
:10E71800F36F6D6F826F7C6F586F8E6F916FC26FE2
:10E72800666FB36FA36FA16FA46FB96FC66FAA6F3F
:10E73800DF6FD56FEC6FD46FD86FF16FEE6FDB6F53
:10E7480009700B70FA6F117001700F70FE6F1B70FB
:10E758001A70746F1D7018701F7030703E703270B0
:10E768005170637099709270AF70F170AC70B8703E
:10E77800B370AE70DF70CB70DD70D9700971FD7049
:10E788001C711971657155718871667162714C716E
:10E7980056716C718F71FB7184719571A871AC7130
:10E7A800D771B971BE71D271C971D471CE71E0716E
:10E7B800EC71E771F571FC71F971FF710D721072EE
:10E7C8001B7228722D722C72307232723B723C723C
:10E7D8003F72407246724B72587274727E728272C5
:10E7E8008172877292729672A272A772B972B272AD
:10E7F800C372C672C472CE72D272E272E072E172F1
:10E80800F972F7720F5017730A731C7316731D731E
:10E8180034732F73297325733E734E734F73D89EC9
:10E8280057736A7368737073787375737B737A73CD
:10E83800C873B373CE73BB73C073E573EE73DE73C3
:10E84800A27405746F742574F87332743A7455742D
:10E858003F745F74597441745C7469747074637440
:10E868006A7476747E748B749E74A774CA74CF7439
:10E87800D474F173E074E374E774E974EE74F274B9
:10E88800F074F174F874F7740475037505750C75F4
:10E898000E750D75157513751E7526752C753C75D9
:10E8A80044754D754A7549755B7546755A75697530
:10E8B800647567756B756D7578757675867587750A
:10E8C80074758A758975827594759A759D75A5751F
:10E8D800A375C275B375C375B575BD75B875BC75C7
:10E8E800B175CD75CA75D275D975E375DE75FE75C6
:10E8F800FF75FC750176F075FA75F275F3750B7690
:10E908000D7609761F76277620762176227624766C
:10E91800347630763B764776487646765C76587617
:10E9280061766276687669766A7667766C767076EE
:10E938007276767678767C768076837688768B762D
:10E948008E769676937699769A76B076B476B87609
:10E95800B976BA76C276CD76D676D276DE76E17696
:10E96800E576E776EA762F86FB76087707770477E9
:10E97800297724771E77257726771B773777387797
:10E9880047775A7768776B775B7765777F777E7796
:10E9980079778E778B779177A0779E77B077B677F0
:10E9A800B977BF77BC77BD77BB77C777CD77D77790
:10E9B800DA77DC77E377EE77FC770C7812782679CC
:10E9C80020782A7945788E78747886787C789A7851
:10E9D8008C78A378B578AA78AF78D178C678CB78D0
:10E9E800D478BE78BC78C578CA78EC78E778DA78D5
:10E9F800FD78F47807791279117919792C792B79BE
:10EA08004079607957795F795A79557953797A7964
:10EA18007F798A799D79A7794B9FAA79AE79B3795D
:10EA2800B979BA79C979D579E779EC79E179E3796E
:10EA3800087A0D7A187A197A207A1F7A8079317AC9
:10EA48003B7A3E7A377A437A577A497A617A627A98
:10EA5800697A9D9F707A797A7D7A887A977A957A99
:10EA6800987A967AA97AC87AB07AB67AC57AC47A40
:10EA7800BF7A8390C77ACA7ACD7ACF7AD57AD37A91
:10EA8800D97ADA7ADD7AE17AE27AE67AED7AF07A98
:10EA9800027B0F7B0A7B067B337B187B197B1E7BF3
:10EAA800357B287B367B507B7A7B047B4D7B0B7BCD
:10EAB8004C7B457B757B657B747B677B707B717B4F
:10EAC8006C7B6E7B9D7B987B9F7B8D7B9C7B9A7BF5
:10EAD8008B7B927B8F7B5D7B997BCB7BC17BCC7B5C
:10EAE800CF7BB47BC67BDD7BE97B117C147CE67B2A
:10EAF800E57B607C007C077C137CF37BF77B177CD1
:10EB08000D7CF67B237C277C2A7C1F7C377C2B7C26
:10EB18003D7C4C7C437C547C4F7C407C507C587CB6
:10EB28005F7C647C567C657C6C7C757C837C907C8B
:10EB3800A47CAD7CA27CAB7CA17CA87CB37CB27CA1
:10EB4800B17CAE7CB97CBD7CC07CC57CC27CD87CE9
:10EB5800D27CDC7CE27C3B9BEF7CF27CF47CF67C18
:10EB6800FA7C067D027D1C7D157D0A7D457D4B7DE9
:10EB78002E7D327D3F7D357D467D737D567D4E7D74
:10EB8800727D687D6E7D4F7D637D937D897D5B7D24
:10EB98008F7D7D7D9B7DBA7DAE7DA37DB57DC77D57
:10EBA800BD7DAB7D3D7EA27DAF7DDC7DB87D9F7D4B
:10EBB800B07DD87DDD7DE47DDE7DFB7DF27DE17D70
:10EBC800057E0A7E237E217E127E317E1F7E097E8F
:10EBD8000B7E227E467E667E3B7E357E397E437E78
:10EBE800377E327E3A7E677E5D7E567E5E7E597EB9
:10EBF8005A7E797E6A7E697E7C7E7B7E837ED57D29
:10EC08007D7EAE8F7F7E887E897E8C7E927E907E92
:10EC1800937E947E967E8E7E9B7E9C7E387F3A7F06
:10EC2800457F4C7F4D7F4E7F507F517F557F547F6E
:10EC3800587F5F7F607F687F697F677F787F827F8B
:10EC4800867F837F887F877F8C7F947F9E7F9D7F51
:10EC58009A7FA37FAF7FB27FB97FAE7FB67FB87F41
:10EC6800718BC57FC67FCA7FD57FD47FE17FE67F62
:10EC7800E97FF37FF97FDC98068004800B8012809F
:10EC8800188019801C80218028803F803B804A8022
:10EC98004680528058805A805F8062806880738086
:10ECA80072807080768079807D807F808480868085
:10ECB80085809B8093809A80AD809051AC80DB806A
:10ECC800E580D980DD80C480DA80D6800981EF8034
:10ECD800F1801B81298123812F814B818B9646816D
:10ECE8003E8153815181FC8071816E81658166818D
:10ECF8007481838188818A8180818281A0819581C4
:10ED0800A481A3815F819381A981B081B581BE81EE
:10ED1800B881BD81C081C281BA81C981CD81D181CB
:10ED2800D981D881C881DA81DF81E081E781FA81E0
:10ED3800FB81FE8101820282058207820A820D829E
:10ED48001082168229822B8238823382408259822D
:10ED580058825D825A825F826482628268826A8295
:10ED68006B822E827182778278827E828D829282F5
:10ED7800AB829F82BB82AC82E182E382DF82D28255
:10ED8800F482F382FA8293830383FB82F982DE8220
:10ED98000683DC820983D9823583348316833283E0
:10EDA800318340833983508345832F832B83178393
:10EDB800188385839A83AA839F83A2839683238358
:10EDC8008E8387838A837C83B58373837583A083CB
:10EDD8008983A883F4831384EB83CE83FD83038420
:10EDE800D8830B84C183F7830784E083F2830D847F
:10EDF80022842084BD8338840685FB836D842A841D
:10EE08003C845A85848477846B84AD846E84828440
:10EE1800698446842C846F8479843584CA846284A6
:10EE2800B984BF849F84D984CD84BB84DA84D08498
:10EE3800C184C684D684A1842185FF84F48417857F
:10EE480018852C851F8515851485FC844085638568
:10EE580058854885418502864B8555858085A485DA
:10EE6800888591858A85A8856D8594859B85EA85A1
:10EE780087859C8577857E859085C985BA85CF8568
:10EE8800B985D085D585DD85E585DC85F9850A8652
:10EE980013860B86FE85FA85068622861A863086B4
:10EEA8003F864D86554E54865F8667867186938663
:10EEB800A386A986AA868B868C86B686AF86C486E4
:10EEC800C686B086C9862388AB86D486DE86E98660
:10EED800EC86DF86DB86EF86128706870887008741
:10EEE8000387FB86118709870D87F9860A87348788
:10EEF8003F8737873B87258729871A8760875F87FA
:10EF080078874C874E877487578768876E875987B5
:10EF1800538763876A870588A2879F878287AF8719
:10EF2800CB87BD87C087D087D696AB87C487B38782
:10EF3800C787C687BB87EF87F287E0870F880D886A
:10EF4800FE87F687F7870E88D28711881688158876
:10EF58002288218831883688398827883B884488E0
:10EF68004288528859885E8862886B8881887E8842
:10EF78009E8875887D88B5887288828897889288E7
:10EF8800AE889988A2888D88A488B088BF88B188FF
:10EF9800C388C488D488D888D988DD88F988028944
:10EFA800FC88F488E888F28804890C890A8913891E
:10EFB80043891E8925892A892B89418944893B8966
:10EFC800368938894C891D8960895E896689648992
:10EFD8006D896A896F89748977897E898389888927
:10EFE8008A8993899889A189A989A689AC89AF89D1
:10EFF800B289BA89BD89BF89C089DA89DC89DD8986
:10F00800E789F489F889038A168A108A0C8A1B8A88
:10F018001D8A258A368A418A5B8A528A468A488AA4
:10F028007C8A6D8A6C8A628A858A828A848AA88A9E
:10F03800A18A918AA58AA68A9A8AA38AC48ACD8A2D
:10F04800C28ADA8AEB8AF38AE78AE48AF18A148B1D
:10F05800E08AE28AF78ADE8ADB8A0C8B078B1A8BB6
:10F06800E18A168B108B178B208B338BAB97268BF3
:10F078002B8B3E8B288B418B4C8B4F8B4E8B498B2C
:10F08800568B5B8B5A8B6B8B5F8B6C8B6F8B748BFC
:10F098007D8B808B8C8B8E8B928B938B968B998BA5
:10F0A8009A8B3A8C418C3F8C488C4C8C4E8C508C73
:10F0B800558C628C6C8C788C7A8C828C898C858C43
:10F0C8008A8C8D8C8E8C948C7C8C988C1D62AD8CEB
:10F0D800AA8CBD8CB28CB38CAE8CB68CC88CC18C0F
:10F0E800E48CE38CDA8CFD8CFA8CFB8C048D058D1A
:10F0F8000A8D078D0F8D0D8D108D4E9F138DCD8C24
:10F10800148D168D678D6D8D718D738D818D998D93
:10F11800C28DBE8DBA8DCF8DDA8DD68DCC8DDB8D1F
:10F12800CB8DEA8DEB8DDF8DE38DFC8D088E098EFE
:10F13800FF8D1D8E1E8E108E1F8E428E358E308E48
:10F14800348E4A8E478E498E4C8E508E488E598EFC
:10F15800648E608E2A8E638E558E768E728E7C8E2D
:10F16800818E878E858E848E8B8E8A8E938E918EDD
:10F17800948E998EAA8EA18EAC8EB08EC68EB18ECC
:10F18800BE8EC58EC88ECB8EDB8EE38EFC8EFB8E3C
:10F19800EB8EFE8E0A8F058F158F128F198F138FA6
:10F1A8001C8F1F8F1B8F0C8F268F338F3B8F398FB0
:10F1B800458F428F3E8F4C8F498F468F4E8F578F8A
:10F1C8005C8F628F638F648F9C8F9F8FA38FAD8FAF
:10F1D800AF8FB78FDA8FE58FE28FEA8FEF8F879047
:10F1E800F48F0590F98FFA8F1190159021900D905A
:10F1F8001E9016900B902790369035903990F88F86
:10F208004F905090519052900E9049903E90569049
:10F2180058905E9068906F907690A89672908290C1
:10F228007D90819080908A9089908F90A890AF90DF
:10F23800B190B590E290E4904862DB90029112910F
:10F248001991329130914A915691589163916591F3
:10F258006991739172918B9189918291A291AB91ED
:10F26800AF91AA91B591B491BA91C091C191C99148
:10F27800CB91D091D691DF91E191DB91FC91F59101
:10F28800F6911E92FF9114922C92159211925E9211
:10F298005792459249926492489295923F924B9226
:10F2A80050929C92969293929B925A92CF92B99234
:10F2B800B792E9920F93FA9244932E93199322935B
:10F2C8001A9323933A9335933B935C9360937C937F
:10F2D8006E935693B093AC93AD939493B993D6939E
:10F2E800D793E893E593D893C393DD93D093C893CA
:10F2F800E4931A94149413940394079410943694F2
:10F308002B94359421943A944194529444945B9468
:10F31800609462945E946A94299270947594779438
:10F328007D945A947C947E9481947F948295879559
:10F338008A959495969598959995A095A895A79549
:10F34800AD95BC95BB95B995BE95CA95F66FC39515
:10F35800CD95CC95D595D495D695DC95E195E59543
:10F36800E295219628962E962F9642964C964F9681
:10F378004B9677965C965E965D965F9666967296C5
:10F388006C968D96989695969796AA96A796B19606
:10F39800B296B096B496B696B896B996CE96CB96DF
:10F3A800C996CD964D89DC960D97D596F996049712
:10F3B8000697089713970E9711970F97169719970F
:10F3C80024972A97309739973D973E9744974697C1
:10F3D8004897429749975C976097649766976897AC
:10F3E800D2526B977197799785977C9781977A977F
:10F3F80086978B978F9790979C97A897A697A39790
:10F40800B397B497C397C697C897CB97DC97ED97F0
:10F418004F9FF297DF7AF697F5970F980C983898E0
:10F428002498219837983D9846984F984B986B9810
:10F438006F987098719874987398AA98AF98B198C3
:10F44800B698C498C398C698E998EB98039909990F
:10F4580012991499189921991D991E9924992099FE
:10F468002C992E993D993E994299499945995099D7
:10F478004B99519952994C99559997999899A59959
:10F48800AD99AE99BC99DF99DB99DD99D899D19955
:10F49800ED99EE99F199F299FB99F899019A0F9AD9
:10F4A800059AE299199A2B9A379A459A429A409A5C
:10F4B800439A3E9A559A4D9A5B9A579A5F9A629ADE
:10F4C800659A649A699A6B9A6A9AAD9AB09ABC9A44
:10F4D800C09ACF9AD19AD39AD49ADE9ADF9AE29AAE
:10F4E800E39AE69AEF9AEB9AEE9AF49AF19AF79AD7
:10F4F800FB9A069B189B1A9B1F9B229B239B259B71
:10F50800279B289B299B2A9B2E9B2F9B329B449BA6
:10F51800439B4F9B4D9B4E9B519B589B749B939B2E
:10F52800839B919B969B979B9F9BA09BA89BB49B1F
:10F53800C09BCA9BB99BC69BCF9BD19BD29BE39B8D
:10F54800E29BE49BD49BE19B3A9CF29BF19BF09B52
:10F55800159C149C099C139C0C9C069C089C129C52
:10F568000A9C049C2E9C1B9C259C249C219C309CC2
:10F57800479C329C469C3E9C5A9C609C679C769C0F
:10F58800789CE79CEC9CF09C099D089DEB9C039D56
:10F59800069D2A9D269DAF9D239D1F9D449D159DDB
:10F5A800129D419D3F9D3E9D469D489D5D9D5E9D52
:10F5B800649D519D509D599D729D899D879DAB9DD0
:10F5C8006F9D7A9D9A9DA49DA99DB29DC49DC19D44
:10F5D800BB9DB89DBA9DC69DCF9DC29DD99DD39D0B
:10F5E800F89DE69DED9DEF9DFD9D1A9E1B9E1E9E1E
:10F5F800759E799E7D9E819E889E8B9E8C9E929EF6
:10F60800959E919E9D9EA59EA99EB89EAA9EAD9EE2
:10F618006197CC9ECE9ECF9ED09ED49EDC9EDE9ED1
:10F62800DD9EE09EE59EE89EEF9EF49EF69EF79E88
:10F63800F99EFB9EFC9EFD9E079F089FB776159F2F
:10F64800219F2C9F3E9F4A9F529F549F639F5F9F7D
:10F65800609F619F669F679F6C9F6A9F779F729F5D
:10F66800769F959F9C9FA09F2F58C7695990647457
:10F67800DC5199719C4E1655035A3F96C0541B6134
:10F688002863F659229075841C83507AAA60E16336
:10F69800256EED656684A682F59B93682757A1655C
:10F6A80071629B5BD0597B86F498627DBE7D8E9B90
:10F6B80016629F7CB788895BB55E09639766486860
:10F6C800C7958D974F67E54E0A4F4D4F9D4F49504F
:10F6D800F2563759D459015A095CDF600F617061DD
:10F6E80013660569BA704F757075FB79AD7DEF7D4E
:10F6F800C3800E846388028B55907A903B53954E55
:10F70800A54EDF57B280C190EF78004EF158A26E37
:10F718003890327A28838B822F9C41517053BD5484
:10F72800E154E056FB59155FF298EB6DE4802D85A6
:10F7380062967096A096FB970B54F353875BCF7035
:10F74800BD7FC28FE8966F535C9DBA7A114E93784D
:10F75800FC81266E185604551D6B1A853B9CE5598D
:10F76800A953666DDC748F954256914E4B90F29674
:10F778004F830C99E153B655305B715F2066F36691
:10F788000468386CF36C296D5B74C8764E7A3498CB
:10F79800F1825B88608AED92B26DAB75CA76C599C5
:10F7A800A660018B8A8DB2958E69AD53865112572A
:10F7B80030584459B45BF65E2860A963F463BF6CA3
:10F7C800146F8E7014715971D5713F73017E7682F2
:10F7D800D182978560905B921B9D6958BC655A6C75
:10F7E8002575F9512E596559805FDC5FBC62FA6551
:10F7F8002A6A276BB46B8B73C17F56892C9D0E9D2B
:10F80800C49EA15C966C7B8304514B5CB661C68137
:10F8180076686172594EFA4F78536960296E4F7A4B
:10F82800F3970B4E1653EE4E554F3D4FA14F734F66
:10F83800A052EF5309560F59C15AB65BE15BD17913
:10F8480087669C67B6674C6BB36C6B70C2738D79B7
:10F85800BE793C7A877BB182DB8204837783EF832E
:10F86800D3836687B28A2956A88CE68F4E901E9756
:10F878008A86C44FE85C116259723B75E581BD8286
:10F88800FE86C08CC5961399D599CB4E1A4FE3893D
:10F89800DE564A58CA58FB5EEB5F2A609460626085
:10F8A800D0611262D0623965419B6666B068776D37
:10F8B80070704C758676757DA582F9878B958E96C6
:10F8C8009D8CF151BE521659B354B35B165D6861F5
:10F8D8008269AF6D8D78CB845788728AA793B89A5E
:10F8E8006C6DA899D986A357FF67CE860E9283526E
:10F8F80087560454D35EE162B9643C683868BB6BD0
:10F908007273BA786B7A9A89D2896B8D038FED906E
:10F91800A39594966997665BB35C7D694D984E98FC
:10F928009B63207B2B6A7F6AB6680D9C5F6F72525F
:10F938009D557060EC623B6D076ED16E5B841089DB
:10F94800448F144E399CF6531B693A6A84972A6887
:10F958005C51C37AB284DC918C935B56289D2268F3
:10F9680005833184A57C0852C582E6747E4E834F98
:10F97800A051D25B0A52D852E752FB5D9A552A58D9
:10F98800E6598C5B985BDB5B725E795EA3601F61F6
:10F998006361BE61DB636265D1675368FA683E6B79
:10F9A800536B576C226F976F456FB0741875E37679
:10F9B8000B77FF7AA17B217CE97D367FF07F9D80E4
:10F9C80066829E83B389CC8AAB8C8490519493953C
:10F9D8009195A2956596D39728991882384E2B54FD
:10F9E800B85CCC5DA9734C763C77A95CEB7F0B8D3A
:10F9F800C196119854985898014F0E4F71539C55C1
:10FA08006856FA574759095BC45B905C0C5E7E5E8A
:10FA1800CC5FEE633A67D765E2651F67CB68C46859
:10FA28005F6A305EC56B176C7D6C7F754879635B68
:10FA3800007A007DBD5F8F89188AB48C778DCC8E53
:10FA48001D8FE2980E9A3C9B804E7D500051935931
:10FA58009C5B2F628062EC643A6BA0729175477967
:10FA6800A97FFB87BC8A708BAC63CA83A0970954B3
:10FA78000354AB555468586A708A27787567CD9EC9
:10FA88007453A25B1A8150860690184E454EC74E95
:10FA9800114FCA533854AE5B135F256051653D67FB
:10FAA800426C726CE36C78700374767AAE7A087B79
:10FAB8001A7DFE7C667DE7655B72BB53455CE85D3D
:10FAC800D262E0621963206E5A86318ADD8DF8921F
:10FAD800016FA6795A9BA84EAB4EAC4E9B4FA04FD8
:10FAE800D1504751F67A7151F651545321537F53EF
:10FAF800EB53AC558358E15C375F4A5F2F60506029
:10FB08006D601F6359654B6AC16CC272ED72EF7705
:10FB1800F880058108824E85F790E193FF97579901
:10FB28005A9AF04EDD512D5C81666D69405CF26633
:10FB3800756989735068817CC550E4524757FE5DEA
:10FB48002693A465236B3D6B34748179BD794B7B17
:10FB5800CA7DB982CC837F885F89398BD18FD19157
:10FB68001F5480925D4E3650E5533A53D7729673C0
:10FB7800E977E682AF8EC699C899D29977511A610A
:10FB88005E86B0557A7A7650D35B47908596324E2A
:10FB9800DB6AE791515C485C98639F7A936C749731
:10FBA800618FAA7A8A718896827C1768707E5168FC
:10FBB8006C93F2521B54AB85138AA47FCD8EE190CF
:10FBC800665388884179C24FBE50115244515355EB
:10FBD8002D57EA738B575159625F845F7560766160
:10FBE8006761A961B2633A646C656F664268136EB7
:10FBF80066753D7AFB7C4C7D997D4B7E6B7F0E83D1
:10FC08004A83CD86088A638A668BFD8E1A988F9DF3
:10FC1800B882CE8FE89B87521F628364C06F999623
:10FC280041689150206B7A6C546F747A507D40888B
:10FC3800238A0867F64E3950265065507C51385251
:10FC48006352A7550F570558CC5AFA5EB261F8614E
:10FC5800F36272631C69296A7D72AC722E73147820
:10FC68006F78797D0C77A9808B89198BE28CD28E7D
:10FC7800639075937A965598139A789E43519F533B
:10FC8800B3537B5E265F1B6E906E8473FE73437D59
:10FC98003782008AFA8A50964E4E0B50E4537C54B1
:10FCA800FA56D159645BF15DAB5E275F38624565F2
:10FCB800AF67566ED072CA7CB488A180E180F083A9
:10FCC8004E86878AE88D3792C7966798139F944E19
:10FCD800924E0D4F485349543E542F5A8C5FA15FA2
:10FCE8009F60A7688E6A5A7481789E8AA48A778BE7
:10FCF80090915E4EC99BA44E7C4FAF4F1950165041
:10FD080049516C519F52B952FE529A53E3531154C0
:10FD18000E5489555157A2577D59545B5D5B8F5BD3
:10FD2800E55DE75DF75D785E835E9A5EB75E185FB6
:10FD380052604C619762D862A7633B65026643666E
:10FD4800F4666D6721689768CB695F6C2A6D696D89
:10FD58002F6E9D6E327587766C783F7AE07C057DD4
:10FD6800187D5E7DB17D15800380AF80B1805481A0
:10FD78008F812A8252834C8861881B8BA28CFC8CD1
:10FD8800CA90759171923F78FC92A4954D9605980A
:10FD98009999D89A3B9D5B52AB52F7530854D55862
:10FDA800F762E06F6A8C5F8FB99E4B513B524A54A1
:10FDB800FD56407A7791609DD29E4473096F708199
:10FDC8001175FD5FDA60A89ADB72BC8F646B0398CB
:10FDD800CA4EF0566457BE585A5A6860C7610F66D3
:10FDE80006663968B168F76DD5753A7D6E82429BB3
:10FDF8009B4E504FC95306556F5DE65DEE5DFB6740
:10FE0800996C73740278508A9693DF885057A75E6E
:10FE18002B63B550AC508D510067C9545E58BB591F
:10FE2800B05B695F4D62A1633D68736B086E7D705E
:10FE3800C7918072157826786D798E65307DDC8360
:10FE4800C188098F9B966452285750676A7FA18C96
:10FE5800B45142572A963A588A69B480B2540E5D12
:10FE6800FC579578FA9D5C4F4A528B543E6428663D
:10FE78001467F567847A567B227D2F935C68AD9B67
:10FE8800397B19538A513752DF5BF662AE64E664F8
:10FE98002D67BA6BA985D1969076D69B4C6306934D
:10FEA800AB9BBF765266094E9850C253715CE860AE
:10FEB800926463655F68E671CA732375977B827E77
:10FEC8009586838BDB8C78911099AC65AB668B6BD0
:10FED800D54ED44E3A4F7F4F3A52F853F253E3552A
:10FEE800DB56EB58CB59C959FF59505B4D5C025E44
:10FEF8002B5ED75F1D6007632F655C5BAF65BD65D3
:10FF0800E8659D67626B7B6B0F6C45734979C179B6
:10FF1800F87C197D2B7DA2800281F38196895E8A07
:10FF2800698A668A8C8AEE8AC78CDC8CCC96FC98A7
:10FF38006F6B8B4E3C4F8D4F5051575BFA5B48614E
:10FF480001634266216BCB6EBB6C3E72BD74D47587
:10FF5800C1783A790C803380EA8194849E8F506C02
:10FF68007F9E0F5F588B2B9DFA7AF88E8D5BEB96F0
:10FF7800034EF153F7573159C95AA45B89607F6E14
:10FF8800066FBE75EA8C9F5B0085E07B7250F46754
:10FF98009D82615C4A851E7E0E829951045C68636D
:10FFA800668D9C656E713E79177D05801D8BCA8EA6
:10FFB8006E90C786AA901F50FA523A5C53677C70BD
:10FFC80035724C91C8912B93E582C25B315FF96021
:10FFD8003B4ED653885B4B6231678A6BE972E0739C
:10FFE8002E7A6B81A38D529196991251D7536A54E8
:08FFF800FF5B8863396AAC7DF0
:020000041001E9
:100000000097DA56CE536854975B315CDE5DEE4F55
:100010000161FE62326DC079CB79427D4D7ED27F27
:10002000ED811F82908446887289908B748E2F8F09
:1000300031904B916C91C6969C91C04E4F4F45515B
:100040004153935F0E62D467416C0B6E6373267EDF
:10005000CD918392D4531959BF5BD16D5D792E7EBA
:100060009B7C7E589F71FA515388F08FCA4FFB5C7E
:100070002566AC77E37A1C82FF99C651AA5FEC65CE
:100080006F69896BF36D966E646FFE76147DE15D2A
:10009000759087910698E6511D5240629166D96627
:1000A0001A6EB65ED27D727FF866AF85F785F88AE4
:1000B000A952D95373598F5E905F5560E49264964C
:1000C000B7501F51DD5220534753EC53E854465567
:1000D000315517566859BE593C5AB55B065C0F5CE2
:1000E000115C1A5C845E8A5EE05E705F7F6284628F
:1000F000DB628C63776307660C662D6676667E67C7
:10010000A2681F6A356ABC6C886D096E586E3C71B6
:1001100026716771C77501775D7801796579F07926
:10012000E07A117BA77C397D9680D6838B844985C4
:100130005D88F3881F8A3C8A548A738A618CDE8CBE
:10014000A49166927E9318949C9698970A4E084EB6
:100150001E4E574E97517052CE573458CC58225B92
:10016000385EC560FE6461675667446DB67273752C
:10017000637AB884728BB89120933156F457FE9805
:10018000ED620D69966BED71547E77807282E6891F
:10019000DF985587B18F3B5C384FE14FB54F07551E
:1001A000205ADD5BE95BC35F4E612F63B0654B6630
:1001B000EE689B69786DF16D3375B9751F775E795F
:1001C000E679337DE381AF82AA85AA893A8AAB8E2C
:1001D0009B8F3290DD910797BA4EC14E03527558EE
:1001E000EC580B5C1A753D5C4E810A8AC58F63968C
:1001F0006D97257BCF8A08986291F356A853179084
:1002000039548257255EA863346C8A7061778B7C81
:10021000E07F708842905491109318938F965E748B
:10022000C49A075D695D7065A267A88DDB966E63F1
:1002300049671969C5831798C096FE88846F7A64E8
:10024000F85B164E2C705D752F66C4513652E25223
:10025000D359815F276010623F6574651F667466BD
:10026000F2681668636B056E72721F75DB76BE7C72
:100270005680F058FD887F89A08A938ACB8A1D908A
:1002800092915297599789650E7A0681BB962D5E99
:10029000DC601A62A56514669067F3774D7A4D7C31
:1002A0003E7E0A81AC8C648DE18D5F8EA978075209
:1002B000D962A563426498622D8A837AC07BAC8A36
:1002C000EA96767D0C824987D94E48514353605354
:1002D000A35B025C165CDD5D26624762B064136856
:1002E0003468C96C456D176DD3675C6F4E717D7155
:1002F000CB657F7AAD7BDA7D4A7EA87F7A811B82CF
:100300003982A6856E8ACE8CF58D78907790AD92E5
:1003100091928395AE9B4D528455386F36716851DA
:100320008579557EB381CE7C4C565158A85CAA6322
:10033000FE66FD665A69D9728F758E750E7956798B
:10034000DF79977C207D447D0786348A3B966190D7
:10035000209FE7507552CC53E2530950AA55EE58EE
:100360004F593D728B5B645C1D53E360F3605C63CB
:1003700083633F63BB63CD64E965F966E35DCD6983
:10038000FD69156FE571894EE975F876937ADF7C22
:10039000CF7D9C7D6180498358836C84BC84FB85C0
:1003A000C588708D01906D9097931C97129ACF50CD
:1003B00097588E61D3813585088D2090C34F745036
:1003C000475273536F6049635F672C6EB38D1F9004
:1003D000D74F5E5CCA8CCF659A7D52539688765112
:1003E000C363585B6B5B0A5C0D6451675C90D64ECF
:1003F0001A592A59706C518A3E551558A559F06002
:100400005362C167358255694096C499289A534F03
:100410000658FE5B1080B15C2F5E855F20604B61EB
:100420003462FF66F06CDE6ECE807F81D4828B8872
:10043000B88C00902E908A96DB9EDB9BE34EF053A7
:1004400027592C7B8D914C98F99DDD6E2770535365
:100450004455855B58629E62D362A26CEF6F227432
:10046000178A3894C16FFE8A3883E751F886EA53B9
:10047000E953464F5490B08F6A593181FD5DEA7A55
:10048000BF8FDA68378CF872489C3D6AB08A394E63
:10049000585306566657C562A263E6654E6BE16D1A
:1004A0005B6EAD70ED77EF7AAA7BBB7D3D80C68039
:1004B000CB86958A5B93E356C7583E5FAD659666DB
:1004C000806AB56B3775C78A2450E57730571B5F54
:1004D00065607A66606CF4751A7A6E7FF4811887AD
:1004E0004590B399C97B5C75F97A517BC4841090AF
:1004F000E979927A3683E15A40772D4EF24E995B34
:10050000E05FBD623C66F167E86C6B8677883B8A8A
:100510004E91F392D099176A26702A73E782578416
:10052000AF8C014E4651CB518B55F55B165E335E59
:10053000815E145F355F6B5FB45FF2611163A26629
:100540001D676E6F52723A753A777480398178817F
:100550007687BF8ADC8A858DF38D9A92779502988B
:10056000E59CC5525763F4761567886CCD73C38CD0
:10057000AE937396256D9C580E69CC69FD8F9A9346
:10058000DB751A905A580268B463FB69434F2C6FAD
:10059000D867BB8F2685B47D54933F69706F6A57C7
:1005A000F7582C5B2C7D2A720A54E391B49DAD4E12
:1005B0004E4F5C50755043529E8C485424589A5B61
:1005C0001D5E955EAD5EF75E1F5F8C60B5623A633F
:1005D000D063AF68406C87788E790B7AE07D478274
:1005E000028AE68A448E1390B8902D91D8910E9F7E
:1005F000E56C5864E2647565F46E84761B7B6990E3
:10060000D193BA6EF254B95FA4644D8FED8F4492CA
:1006100078516B582959555C975EFB6D8F7E1C7520
:10062000BC8CE28E5B98B9701D4FBF6BB16F30759B
:10063000FB964E51105435585758AC59605C925F38
:1006400097655C67216E7B76DF83ED8C1490FD905F
:100650004D9325783A78AA52A65E1F5774591260B6
:1006600012505A51AC51CD5100521055545858584F
:100670005759955BF65C8B5DBC6095622D64716724
:100680004368BC68DF68D776D86D6F6E9B6D6F70FE
:10069000C871535FD8757779497B547B527BD67C80
:1006A000717D305263846985E4850E8A048B468CA3
:1006B0000F8E03900F90199476962D98309AD895B6
:1006C000CD50D5520C5402580E5CA7619E641E6D2D
:1006D000B377E57AF480048453908592E05C079DBB
:1006E0003F53975FB35F9C6D79726377BF79E47B0B
:1006F000D26BEC72AD8A0368616AF851817A346911
:100700004A5CF69CEB82C55B49911E7078566F5C23
:10071000C76066658C6C5A8C419013985154C766BB
:100720000D924859A39085514D4EEA5199850E8BF3
:1007300058707A634B936269B499047E7775575306
:100740006069DF8EE3965D6C8C4E3C5C105FE98FD8
:100750000253D18C89807986FF5EE565734E6551C1
:1007600082593F5CEE97FB4E8A59CD5F8D8AE16FCF
:10077000B0796279E75B71842B73B171745EF55F58
:100780007B639A64C371987C434EFC5E4B4EDC578E
:10079000A256A960C36F0D7DFD803381BF81B28FEA
:1007A0009789A486F45D8A62AD6487897767E26C75
:1007B0003E6D36743478465A757FAD82AC99F34FEE
:1007C000C35EDD62926357656F67C3764C72CC80FF
:1007D000BA80298F4D910D50F957925A85687369E7
:1007E0006471FD72B78CF258E08C6A9619907F871D
:1007F000E479E77729842F4F65525A53CD62CF674A
:10080000CA6C7D76947B957C36828485EB8FDD6621
:10081000206F06721B7EAB83C199A69EFD51B17BF2
:100820007278B87B8780487BE86A615E8C805175FE
:1008300060756B5162928C6E7A769791EA9A104F3E
:10084000707F9C624F7BA595E99C7A565958E48647
:10085000BC96344F24524A53CD53DB53065E2C646E
:1008600091657F673E6C4E6C4872AF72ED73547544
:10087000417E2C82E985A98CC47BC691697112984E
:10088000EF983D6369666A75E476D0784385EE86B5
:100890002A53515326548359875E7C5FB260496264
:1008A0007962AB629065D46BCC6CB275AE769178A0
:1008B000D879CB7D777FA580AB88B98ABB8C7F90B8
:1008C0005E97DB980B6A387C99503E5CAE5F876719
:1008D000D86B357409778E7F3B9FCA67177A395377
:1008E0008B75ED9A665F9D81F18398803C5FC55F53
:1008F0006275467B3C906768EB599B5A107D7E760B
:100900002C8BF54F6A5F196A376C026FE274687955
:100910006888558A798CDF5ECF63C575D279D782B6
:100920002893F2929C84ED862D9CC1546C5F8C655B
:100930005C6D1570A78CD38C3B984F65F6740D4E8B
:10094000D84EE0572B59665ACC5BA851035E9C5E8B
:10095000166076627765A7656E666E6D3672267B69
:1009600050819A8199825C8BA08CE68C748D1C9648
:100970004496AE4FAB64666B1E8261846A85E890D4
:10098000015C5369A8987A8457850F4F6F52A95F0D
:10099000455E0D678F79798107898689F56D175FC7
:1009A0005562B86CCF4E6972929B06523B54745696
:1009B000B358A4616E621A716E59897CDE7C1B7D0E
:1009C000F09687655E80194E754F75514058635E8D
:1009D000735E0A5FC467264E3D8589955B96737C7E
:1009E0000198FB50C1585676A7782552A5771185F6
:1009F000867B4F5009594772C77BE87DBA8FD48FE9
:100A00004D90BF4FC952295A015FAD97DD4F1782F4
:100A1000EA9203575563696B2B75DC88148F427A11
:100A2000DF52935855610A62AE66CD6B3F7CE98315
:100A30002350F84F05534654315849599D5BF05C9B
:100A4000EF5C295D965EB16267633E65B9650B67D1
:100A5000D56CE16CF97032782B7EDE80B3820C8429
:100A6000EC84028712892A8A4A8CA690D292FD9839
:100A7000F39C6C9D4F4EA14E8D5056524A57A8592B
:100A80003D5ED85FD95F3F62B4661B67D067D268AE
:100A90009251217DAA80A881008B8C8CBF8C7E9284
:100AA000329620542C981753D5505C53A858B264F2
:100AB000346767726677467AE691C352A16C866B9B
:100AC00000584C5E54592C67FB7FE151C67669642F
:100AD000E878549BBB9ECB57B95927669A67CE6B73
:100AE000E954D969555E9C819567AA9BFE67529C23
:100AF0005D68A64EE34FC853B9622B67AB6CC48FD9
:100B0000AD4F6D7EBF9E074E6261806E2B6F138569
:100B100073542A67459BF35D957BAC5CC65B1C8771
:100B20004A6ED184147A088199598D7C116C207792
:100B3000D952225921715F72DB772797619D0B692A
:100B40007F5A185AA5510D547D540E66DF76F78FE3
:100B50009892F49CEA595D72C56E4D51C968BF7D8B
:100B6000EC7D6297BA9E7864216A028384595F5B48
:100B7000DB6B1B73F276B27D178099843251286744
:100B8000D99EEE766267FF520599245C3B627E7CBB
:100B9000B08C4F55B6600B7D809501535F4EB651BA
:100BA0001C593A723680CE91255FE2778453795F83
:100BB000047DAC85338A8D8E5697F367AE8553944A
:100BC00009610861B96C5276ED8A388F2F55514F03
:100BD0002A51C752CB53A55B7D5EA0608261D6636C
:100BE0000967DA67676E8C6D3673377331755079C4
:100BF000D588988A4A909190F590C4968D8715591A
:100C0000884E594F0E4E898A3F8F1098AD507C5EAA
:100C10009659B95BB85EDA63FA63C164DC664A6907
:100C2000D8690B6DB66E94712875AF7A8A7F008093
:100C30004984C9848189218B0A8E65907D960A99A1
:100C40007E619162326B836C746DCC7FFC7FC06D72
:100C5000857FBA87F8886567B1833C98F7961B6DE6
:100C6000617D3D846A91714E7553505D046BEB6FED
:100C7000CD852D86A78929520F54655C4E67A868DB
:100C800006748374E275CF88E188CC91E2967896F9
:100C90008B5F8773CB7A4E84A06365758952416DF3
:100CA0009C6E097459756B78927C8696DC7A8D9F60
:100CB000B64F6E61C5655C86864EAE4EDA50214EEB
:100CC000CC51EE5B99658168BC6D1F734276AD7740
:100CD0001C7AE77C6F82D28A7C90CF9175961898A7
:100CE0009B52D17D2B5098539767CB6DD071337445
:100CF000E8812A8FA396579C9F9E60744158996DF6
:100D00002F7D5E98E44E364F8B4FB751B152BA5D8E
:100D10001C60B2733C79D3823492B796F6960A97E8
:100D2000979E629FA666746B1752A352C870C288C2
:100D3000C95E4B609061236F49713E7CF47D6F808A
:100D4000EE8423902C9342546F9BD36A8970C28C9B
:100D5000EF8D3297B452415ACA5E045F17677C69BF
:100D600094696A6D0F6F6272FC72ED7B01807E8008
:100D70004B87CE906D51939E84798B803293D68A27
:100D80002D508C54718A6A6BC48C0781D160A06726
:100D9000F29D994E984E109C6B8AC18568850069BA
:100DA0007E6E977855810000002502250C251025C0
:100DB000182514251C252C25242534253C25012502
:100DC00003250F2513251B251725232533252B2523
:100DD0003B254B2520252F25282537253F251D255B
:100DE000302525253825422510041104120413044A
:100DF00014041504010416041704180419041A0431
:100E00001B041C041D041E041F04200421042204CE
:100E100023042404250426042704280429042A047E
:100E20002B042C042D042E042F04000000000000CD
:100E300000000000000000000000000000000000B2
:100E400000000000000000003004310432043304CC
:100E500034043504510436043704380439043A04A0
:100E60003B043C043D043E043F044004410442046E
:100E700043044404450446044704480449044A041E
:100E80004B044C044D044E044F04000091039203A4
:100E900093039403950396039703980399039A0386
:100EA0009B039C039D039E039F03A003A103A30335
:100EB000A403A503A603A703A803A9030000000039
:100EC000000000000000000000000000B103B203B9
:100ED000B303B403B503B603B703B803B903BA0346
:100EE000BB03BC03BD03BE03BF03C003C103C303F5
:100EF000C403C503C603C703C803C9030000000039
:100F000000000000000000000000000101010101DC
:100F100001010101010000000000000001010101C8
:100F200001010101010101010101010101010101B1
:100F300001010101010100000000000000010101A8
:100F40000101010101010101010101010101010191
:100F50000101010101010100C625A125A025B3253C
:100F6000B225BD25BC253B20123092219021912134
:100F7000932113300000000000000000000000007A
:100F80000000000000000000000008220B22862262
:100F90008722822283222A222922000000000000C8
:100FA0000000000000000000000027222822AC0002
:100FB000D221D421002203222922000000000000B7
:100FC00000000000000000000000000000002022DF
:100FD000A522122302220722612252226A226B22B8
:100FE0001A223D221D2235222B222C220000000035
:100FF000000000000000000000002B2130206F26C0
:101000006D266A2620202120B6002C220000000038
:101010000000EF250030013002300CFF0EFFFB30E6
:101020001AFF1BFF1FFF01FF9B309C30B40040FFE5
:10103000A8003EFF3E203FFFFD30FE309D309E3039
:101040000330DD4E053006300730FC301420102010
:101050000FFF3CFF1C3016205CFF262025201820A7
:1010600019201C201D2008FF09FF143015303BFFFC
:101070003DFF5BFF5DFF083009300A300B300C305C
:101080000D300E300F30103011300BFF1222B10036
:10109000D700F7001DFF60221CFF1EFF662267229B
:1010A0001E22342242264026B00032203320032163
:1010B000A50004FFA200A30005FF03FF06FF0AFF2F
:1010C00020FFA70006260526CB25CF25CE25C72540
:1010D000000000001F001C20000000001421000080
:1010E000020016240000000014250000020015284C
:1010F00000000000112900000000142A0000000078
:10110000182B00000000142C00000000102D00001F
:101110000000142E000001000C3000000900143AF9
:1011200000000100183C00000200143F0000010014
:10113000034100001900155B00000000145C000072
:101140000000115D00000000175E000000000F5F4E
:10115000000000001760000000000361000019009B
:10116000157B00000000187C00000000117D0000CD
:101170000000187E00000000007F000020001CA07E
:101180000000000014A10000000016A200000300EF
:1011900019A60000000014A70000000017A8000016
:1011A000000019A90000000006AA0000000013AB0F
:1011B0000000000018AC0000000001AD00000000BD
:1011C00019AE0000000017AF0000000019B00000C9
:1011D000000018B1000000000EB20000010017B4BA
:1011E0000000000003B50000000014B6000001007C
:1011F00017B8000000000EB90000000006BA000099
:10120000000012BB000000000EBC0000020014BF72
:101210000000000003C00000160018D70000000006
:1012200003D80000060004DF0000000003E0000017
:10123000160018F70000000003F800003F00043813
:1012400001000000033901000F0004490100000003
:10125000034A01004200048D01000000038E0100DA
:101260000C00049B01000000039C01000D0004AA77
:101270000100010003AC01000D0004BA01000000F0
:1012800006BB0100000003BC0100010004BE010018
:10129000000003BF0100000006C00100030003C4FA
:1012A0000100000007C50100000003C601000100A5
:1012B00007C80100000003C90100010007CB0100BD
:1012C000000003CC0100230004F00100000003F142
:1012D0000100000007F20100000003F301002D00EF
:1012E0000421020000000322020011000434020065
:1012F0000500033A02001A000455020000000356DC
:10130000020001000458020000000359020000001E
:10131000045A02000000035B02000100045D0200A9
:101320000200036002000100046202000000036387
:1013300002000000046402000000036502000100D6
:10134000046702000000036802000400046D02004C
:101350000100036F0200000004700200000003712E
:101360000200010004730200010003750200000086
:10137000047602000600037D02000000047E0200E5
:1013800001000380020000000481020000000382CB
:10139000020001000484020002000387020005002D
:1013A000048D020004000392020000000493020076
:1013B0000000069402000000049502000700039D4F
:1013C00002000100049F0200100005B0020011009D
:1013D00017C20200030005C602000B0017D202006C
:1013E0000D0005E00200040017E50200060005EC10
:1013F0000200000017ED0200000005EE02000000F0
:1014000017EF020010000B0003006F0003700300D1
:101410000300057403000000177503000000037645
:1014200003000100057A03000000037B03000200B3
:10143000147E03000000037F0300000017840300F4
:1014400001000386030000001487030000000388E6
:1014500003000200038C03000000038E0300010060
:1014600004900300000003910300100003A3030095
:101470000C0004B00300000003B10300200008D2F8
:101480000300020003D50300200018F6030000004B
:1014900003F70300040004FC0300000003FD030045
:1014A00084001982040000000B83040004000A88F1
:1014B00004000100038A0400A50003310500250093
:1014C000055905000000145A0500050004600500D8
:1014D0000000036105002500048705000100148950
:1014E00005000000108A05000000198D05000100AC
:1014F000168F050000000B9105002C0010BE0500A2
:1015000000000BBF0500000014C0050000000BC167
:101510000500010014C3050000000BC40500010014
:1015200014C6050000000BC70500000006D005002A
:101530001A0006EF0500030014F305000100010086
:101540000600050018060600020014090600010046
:10155000160B06000000140C06000100190E060010
:1015600001000B1006000A00141B06000000011CFD
:1015700006000000141D06000200062006001F00E1
:101580000540060000000641060009000B4B06005E
:1015900014000C6006000900146A06000300066EC1
:1015A000060001000B7006000000067106006200D4
:1015B00014D40600000006D5060000000BD6060075
:1015C000060001DD0600000019DE060000000BDF4A
:1015D0000600050005E5060001000BE70600010016
:1015E00019E9060000000BEA0600030006EE0600FB
:1015F00001000CF00600090006FA0600020019FDC1
:101600000600010006FF06000000140007000D00A0
:10161000010F070000000610070000000B11070073
:101620000000061207001D000B3007001A00064DCF
:10163000070058000BA607000A0006B107000000CB
:101640000CC00700090006CA070020000BEB0700CA
:10165000080005F40700010019F60700000014F760
:101660000700020005FA070000000BFD070000005C
:1016700016FE070001000600080015000B16080002
:101680000300051A080000000B1B080008000524D1
:10169000080000000B2508000200052808000000D3
:1016A0000B2908000400143008000E000640080052
:1016B00018000B5908000200145E080000000660C4
:1016C00008000A00067008001700178808000000CC
:1016D0000689080005000190080001000B98080029
:1016E000070006A00800280005C9080000000BCA72
:1016F0000800170001E2080000000BE308001F00CB
:101700000903090000000604090035000B3A09002E
:101710000000093B090000000B3C09000000063DE9
:1017200009000000093E090002000B410900070002
:101730000949090003000B4D09000000094E09008A
:1017400001000650090000000B5109000600065870
:10175000090009000B62090001001464090001007E
:101760000C660900090014700900000005710900E9
:101770000000067209000E000B81090000000982BA
:1017800009000100068509000700068F0900010015
:1017900006930900150006AA0900060006B2090012
:1017A000000006B6090003000BBC0900000006BDDE
:1017B0000900000009BE090002000BC10900030076
:1017C00009C70900010009CB090001000BCD090080
:1017D000000006CE0900000009D70900000006DC61
:1017E0000900010006DF090002000BE20900010008
:1017F0000CE60900090006F00900010016F20900D4
:1018000001000EF40900050019FA0900000016FB9A
:101810000900000006FC0900000014FD090000009A
:101820000BFE090000000B010A00010009030A0079
:10183000000006050A000500060F0A000100061355
:101840000A001500062A0A00060006320A000100F6
:1018500006350A00010006380A0001000B3C0A00A8
:101860000000093E0A0002000B410A0001000B477C
:101870000A0001000B4B0A0002000B510A00000095
:1018800006590A000300065E0A0000000C660A0002
:1018900009000B700A00010006720A0002000B75B5
:1018A0000A00000014760A0000000B810A00010003
:1018B00009830A00000006850A000800068F0A0056
:1018C000020006930A00150006AA0A00060006B2E6
:1018D0000A00010006B50A0004000BBC0A00000063
:1018E00006BD0A00000009BE0A0002000BC10A0082
:1018F00004000BC70A00010009C90A00000009CB57
:101900000A0001000BCD0A00000006D00A0000000A
:1019100006E00A0001000BE20A0001000CE60A00E2
:10192000090014F00A00000016F10A00000006F990
:101930000A0000000BFA0A0005000B010B00000072
:1019400009020B00010006050B000700060F0B0043
:10195000010006130B001500062A0B0006000632D4
:101960000B00010006350B0004000B3C0B000000CF
:10197000063D0B000000093E0B0000000B3F0B0072
:10198000000009400B0000000B410B000300094759
:101990000B000100094B0B0001000B4D0B00000078
:1019A0000B550B00010009570B000000065C0B00F3
:1019B0000100065F0B0002000B620B0001000C66C9
:1019C0000B00090019700B00000006710B000000ED
:1019D0000E720B0005000B820B00000006830B004B
:1019E000000006850B000500068E0B000200069223
:1019F0000B00030006990B000100069C0B00000081
:101A0000069E0B00010006A30B00010006A80B00B8
:101A1000020006AE0B000B0009BE0B0001000BC05C
:101A20000B00000009C10B00010009C60B000200F9
:101A300009CA0B0002000BCD0B00000006D00B0002
:101A4000000009D70B0000000CE60B0009000EF0A7
:101A50000B00020019F30B00050016F90B00000043
:101A600019FA0B0000000B000C00000009010C002B
:101A700002000B040C00000006050C000700060E17
:101A80000C00020006120C001600062A0C000F00C3
:101A90000B3C0C000000063D0C0000000B3E0C004F
:101AA000020009410C0003000B460C0002000B4A27
:101AB0000C0003000B550C00010006580C0002003E
:101AC000065D0C00000006600C0001000B620C00BB
:101AD00001000C660C00090014770C0000000E7861
:101AE0000C000600197F0C00000006800C000000AE
:101AF0000B810C00000009820C00010014840C0012
:101B0000000006850C000700068E0C0002000692FD
:101B10000C00160006AA0C00090006B50C00040013
:101B20000BBC0C00000006BD0C00000009BE0C0040
:101B300000000BBF0C00000009C00C0004000BC625
:101B40000C00000009C70C00010009CA0C000100CC
:101B50000BCC0C00010009D50C00010006DD0C00C7
:101B6000010006E00C0001000BE20C0001000CE695
:101B70000C00090006F10C00010009F30C00000044
:101B80000B000D00010009020D00010006040D000C
:101B90000800060E0D00020006120D0028000B3B87
:101BA0000D000100063D0D000000093E0D00020081
:101BB0000B410D00030009460D000200094A0D000B
:101BC00002000B4D0D000000064E0D000000194FE5
:101BD0000D00000006540D00020009570D00000022
:101BE0000E580D000600065F0D0002000B620D008E
:101BF00001000C660D0009000E700D000800197937
:101C00000D000000067A0D0005000B810D0000009C
:101C100009820D00010006850D001100069A0D00D5
:101C2000170006B30D00080006BD0D00000006C039
:101C30000D0006000BCA0D00000009CF0D000200C8
:101C40000BD20D0002000BD60D00000009D80D00CC
:101C500007000CE60D00090009F20D00010014F464
:101C60000D00000006010E002F000B310E000000D9
:101C700006320E0001000B340E000600163F0E0067
:101C8000000006400E00050005460E0000000B4750
:101C90000E000700144F0E0000000C500E0009004B
:101CA000145A0E00010006810E00010006840E0089
:101CB000000006860E000400068C0E00170006A524
:101CC0000E00000006A70E0009000BB10E00000078
:101CD00006B20E0001000BB40E00080006BD0E0097
:101CE000000006C00E00040005C60E0000000BC870
:101CF0000E0006000CD00E00090006DC0E000300EA
:101D000006000F00000019010F00020014040F006C
:101D10000E0019130F00000014140F000000191515
:101D20000F0002000B180F000100191A0F00050028
:101D30000C200F0009000E2A0F00090019340F00B3
:101D400000000B350F00000019360F0000000B37A4
:101D50000F00000019380F0000000B390F000000C1
:101D6000153A0F000000113B0F000000153C0F005A
:101D70000000113D0F000000093E0F000100064069
:101D80000F00070006490F0023000B710F000D0024
:101D9000097F0F0000000B800F00040014850F0066
:101DA00000000B860F00010006880F0004000B8D59
:101DB0000F000A000B990F00230019BE0F00070047
:101DC0000BC60F00000019C70F00050019CE0F0049
:101DD000010014D00F00040019D50F00030014D91E
:101DE0000F000100060010002A00092B100001005E
:101DF0000B2D100003000931100000000B32100001
:101E000005000938100000000B3910000100093BE3
:101E1000100001000B3D10000100063F1000000003
:101E20000C4010000900144A100005000650100074
:101E300005000956100001000B5810000100065A59
:101E4000100003000B5E100002000661100000008D
:101E50000962100002000665100001000967100009
:101E60000600066E100002000B71100003000675DC
:101E700010000C000B82100000000983100001000C
:101E80000B85100001000987100005000B8D100064
:101E90000000068E10000000098F100000000C905A
:101EA00010000900099A100002000B9D10000000AC
:101EB000199E1000010003A01000250003C71000A8
:101EC000000003CD1000000003D010002A0014FB16
:101ED0001000000005FC1000000003FD10000200CF
:101EE000060011004801064A1200030006501200C5
:101EF0000600065812000000065A12000300066091
:101F000012002800068A120003000690120020002A
:101F100006B21200030006B81200060006C0120046
:101F2000000006C21200030006C812000E0006D808
:101F300012003800061213000300061813004200B6
:101F40000B5D130002001460130008000E691300FB
:101F50001300068013000F0019901300090003A05E
:101F60001300550003F813000500100014000000D2
:101F7000060114006B02196D16000000146E1600A5
:101F80000000066F160010001C801600000006817D
:101F900016001900159B16000000119C1600000089
:101FA00006A016004A0014EB160002000DEE160003
:101FB000020006F1160007000600170011000B12C0
:101FC00017000200091517000000061F1700120075
:101FD0000B321700010009341700000014351700F8
:101FE00001000640170011000B52170001000660A7
:101FF00017000C00066E170002000B72170001009C
:102000000680170033000BB41700010009B6170053
:1020100000000BB71700060009BE170007000BC62B
:102020001700000009C7170001000BC917000A00BC
:1020300014D41700020005D71700000014D81700A9
:10204000020016DB1700000006DC170000000BDDA5
:10205000170000000CE0170009000EF0170009003F
:1020600014001800050010061800000014071800DE
:1020700003000B0B18000200010E180000000B0FEC
:10208000180000000C10180009000620180022009B
:1020900005431800000006441800340006801800AC
:1020A00004000B85180001000687180021000BA909
:1020B0001800000006AA1800000006B0180045002D
:1020C000060019001E000B20190002000923190048
:1020D00003000B271900010009291900020009302B
:1020E000190001000B321900000009331900050026
:1020F0000B3919000200194019000000144419009E
:1021000001000C4619000900065019001D00067058
:1021100019000400068019002B0006B019001900F0
:102120000CD0190009000EDA1900000019DE1900A0
:10213000210006001A0016000B171A0001000919E9
:102140001A0001000B1B1A000000141E1A000100E7
:1021500006201A00340009551A0000000B561A0018
:10216000000009571A0000000B581A0006000B6007
:102170001A00000009611A0000000B621A0000003A
:1021800009631A0001000B651A000700096D1A00A7
:1021900005000B731A0009000B7F1A0000000C8069
:1021A0001A0009000C901A00090014A01A00060079
:1021B00005A71A00000014A81A0005000BB01A00A9
:1021C0000D000ABE1A0000000BBF1A000F000B0022
:1021D0001B00030009041B00000006051B002E0065
:1021E0000B341B00000009351B0000000B361B00E0
:1021F0000400093B1B0000000B3C1B000000093DD4
:102200001B0004000B421B00000009431B000100DF
:1022100006451B0007000C501B000900145A1B0048
:10222000060019611B0009000B6B1B0008001974E4
:102230001B000800147D1B0001000B801B00010027
:1022400009821B00000006831B001D0009A11B0062
:1022500000000BA21B00030009A61B0001000BA835
:102260001B00010009AA1B0000000BAB1B000200B1
:1022700006AE1B0001000CB01B00090006BA1B00D3
:102280002B000BE61B00000009E71B0000000BE819
:102290001B00010009EA1B0002000BED1B000000FF
:1022A00009EE1B0000000BEF1B00020009F21B00EF
:1022B000010014FC1B00030006001C00230009247D
:1022C0001C0007000B2C1C00070009341C00010037
:1022D0000B361C000100143B1C0004000C401C00C9
:1022E0000900064D1C0002000C501C000900065A93
:1022F0001C001D0005781C000500147E1C00010058
:1023000003801C00080003901C002A0003BD1C0071
:10231000020014C01C0007000BD01C00020014D3E4
:102320001C0000000BD41C000C0009E11C00000084
:102330000BE21C00060006E91C0003000BED1C006C
:10234000000006EE1C0005000BF41C00000006F562
:102350001C00010009F71C0000000BF81C00010024
:1023600006FA1C00000004001D002B00052C1D00B7
:102370003E00046B1D000C0005781D000000037971
:102380001D000000047A1D000200037D1D000000F6
:10239000047E1D000F00038E1D000000048F1D0031
:1023A0000B00059B1D0024000BC01D003F00030017
:1023B0001E00950004961E000400039B1E000000F2
:1023C000049C1E000100039E1E000000049F1E00CE
:1023D000000003A01E00750003181F000500032065
:1023E0001F00250003481F00050004501F000000C7
:1023F00003511F00000004521F00000003531F0080
:10240000000004541F00000003551F000000045684
:102410001F00000003571F00000003591F000000A9
:10242000035B1F000000035D1F000000035F1F002F
:102430001E0003801F00070007881F00070003908D
:102440001F00070007981F00070003A01F000700D8
:1024500007A81F00070003B01F00010004B21F00FF
:10246000000003B31F00000004B41F00000004B606
:102470001F00010003B81F00030007BC1F0000007D
:1024800017BD1F00000003BE1F00000017BF1F0084
:10249000020004C21F00000003C31F00000004C4A8
:1024A0001F00000004C61F00010003C81F00030036
:1024B00007CC1F00000017CD1F00020003D01F0033
:1024C000010004D21F00010004D61F00010003D840
:1024D0001F00030017DD1F00020003E01F000100C2
:1024E00004E21F00020003E51F00000004E61F00D5
:1024F000010003E81F00040017ED1F00020004F2B2
:102500001F00000003F31F00000004F41F00000080
:1025100004F61F00010003F81F00030007FC1F0062
:10252000000017FD1F0001001C0020000A00010B25
:1025300020000400101020000500141620000100E7
:10254000131820000000121920000000151A2000A6
:102550000000131B20000100121D20000000151EAA
:1025600020000000131F200000001420200007009E
:102570001A28200000001B2920000000012A20004A
:1025800004001C2F20000000143020000800133924
:1025900020000000123A20000000143B200003003D
:1025A0000F3F2000010014412000020018442000C9
:1025B00000001545200000001146200000001447CF
:1025C00020000A00185220000000145320000000D0
:1025D0000F54200000001455200009001C5F20004B
:1025E00000000160200004000166200009000E7058
:1025F000200000000571200000000E74200005007E
:10260000187A20000200157D20000000117E2000B5
:102610000000057F200000000E8020000900188ABD
:1026200020000200158D20000000118E2000000007
:10263000059020000C0016A0200020000BD02000E8
:102640000C000ADD200003000BE1200000000AE27C
:10265000200002000BE520000B0019002100010002
:1026600008022100000019032100030008072100CF
:102670000000190821000100040A21000000080BD5
:1026800021000200040E21000100081021000200B8
:102690000413210000001914210000000815210076
:1026A0000000191621000100181821000000081967
:1026B00021000400191E210005000824210000004B
:1026C0001925210000000326210000001927210000
:1026D0000000082821000000192921000000032A19
:1026E00021000100082C21000100192E210000000A
:1026F000042F2100000008302100010003322100D6
:1027000000000833210000000434210000000635D9
:1027100021000300043921000000193A21000100C2
:10272000043C21000100083E210001001840210066
:102730000400084521000000044621000300194A56
:1027400021000000184B21000000194C210001005D
:10275000034E21000000194F210000000E502100FF
:102760000F000D60210022000383210001000D8570
:10277000210003000E8921000000198A21000100B8
:10278000189021000400199521000400189A2100D6
:102790000100199C2100030018A02100000019A1CC
:1027A0002100010018A32100000019A4210001004C
:1027B00018A62100000019A72100060018AE21006C
:1027C000000019AF21001E0018CE2100010019D011
:1027D0002100010018D22100000019D321000000BF
:1027E00018D42100000019D521001E0018F4210082
:1027F0000B01190023000700150823000000110930
:1028000023000000150A23000000110B2300000024
:10281000190C2300130018202300010019222300A3
:102820000600152923000000112A23000000192B9F
:1028300023005000187C23000000197D23001D0098
:10284000189B2300180019B42300270018DC23006C
:10285000050019E223004400194024000A000E601C
:1028600024003B00199C24004D000EEA24001500B2
:1028700019002500B60018B72500000019B825007A
:10288000080018C12500000019C22500350018F8FD
:1028900025000700190026006E00186F26000000B2
:1028A00019702600F700156827000000116927003D
:1028B0000000156A27000000116B27000000156C4E
:1028C00027000000116D27000000156E2700000092
:1028D000116F2700000015702700000011712700FC
:1028E0000000157227000000117327000000157406
:1028F000270000001175270000000E7627001D003C
:10290000199427002B0018C02700040015C52700C4
:10291000000011C62700000018C727001E0015E69A
:102920002700000011E72700000015E8270000003D
:1029300011E92700000015EA2700000011EB27002D
:10294000000015EC2700000011ED2700000015EE37
:102950002700000011EF2700000018F027000F00EB
:1029600019002800FF0018002900820015832900A3
:10297000000011842900000015852900000011863F
:102980002900000015872900000011882900000097
:10299000158929000000118A29000000158B2900E3
:1029A0000000118C29000000158D29000000118EF7
:1029B00029000000158F2900000011902900000057
:1029C000159129000000119229000000159329009B
:1029D00000001194290000001595290000001196AF
:1029E0002900000015972900000011982900000017
:1029F000189929003E0015D82900000011D9290096
:102A0000000015DA2900000011DB2900000018DCA5
:102A100029001F0015FC2900000011FD29000000FD
:102A200018FE2900010119002B002F0018302B007F
:102A3000140019452B00010018472B000500194D03
:102A40002B00260019762B001F0019972B00680019
:102A500003002C00700004712C00000003722C0095
:102A6000010004742C00000003752C0001000477A1
:102A70002C000400057C2C000100037E2C00650066
:102A800004E42C00000019E52C00050003EB2C00E9
:102A900003000BEF2C00020003F22C00010014F9DC
:102AA0002C0003000EFD2C00000014FE2C00010081
:102AB00003002D00250003272D000000032D2D000D
:102AC000000006302D003700056F2D000000147047
:102AD0002D0000000B7F2D00000006802D00160049
:102AE00006A02D00060006A82D00060006B02D0049
:102AF000060006B82D00060006C02D00060006C818
:102B00002D00060006D02D00060006D82D00060078
:102B10000BE02D001F0014002E00010013022E00F8
:102B2000000012032E00000013042E000000120506
:102B30002E00000014062E00020013092E000000D3
:102B4000120A2E000000140B2E000000130C2E00A1
:102B50000000120D2E000000140E2E0008001017A9
:102B60002E00000014182E000100101A2E00000084
:102B7000141B2E000000131C2E000000121D2E003E
:102B80000000141E2E00010013202E000000122150
:102B90002E00000015222E00000011232E00000040
:102BA00015242E00000011252E00000015262E00F1
:102BB000000011272E00000015282E00000011290A
:102BC0002E000000142A2E000400052F2E00000005
:102BD00014302E000900103A2E000100143C2E0083
:102BE000030010402E00000014412E00000015428A
:102BF0002E00000014432E000C0019502E0001007E
:102C000014522E00020015552E00000011562E0001
:102C1000000015572E00000011582E000000155915
:102C20002E000000115A2E000000155B2E0000003F
:102C3000115C2E000000105D2E00000019802E0097
:102C40001900199B2E00580019002F00D50019F00B
:102C50002F000B001C0030000000140130000200A7
:102C600019043000000005053000000006063000A1
:102C700000000D07300000001508300000001109A9
:102C800030000000150A30000000110B3000000079
:102C9000150C30000000110D30000000150E300042
:102CA0000000110F3000000015103000000011115D
:102CB000300000001912300001001514300000002F
:102CC00011153000000015163000000011173000FB
:102CD0000000151830000000111930000000151A0E
:102CE00030000000111B30000000101C30000000FC
:102CF000151D30000000111E3000010019203000A9
:102D000000000D21300008000B2A30000300092EBE
:102D100030000100103030000000053130000400A8
:102D20001936300001000D3830000200053B30003C
:102D30000000063C30000000143D30000000193E49
:102D4000300001000641300055000B9930000100B1
:102D5000179B30000100059D30000100069F3000E8
:102D6000000010A03000000006A13000590014FB44
:102D70003000000005FC3000020006FF30000000BB
:102D8000060531002A00063131005D00199031003E
:102D900001000E923100030019963100090006A0CF
:102DA00031001F0019C03100230006F031000F0070
:102DB000190032001E000E2032000900192A3200CC
:102DC0001D000E48320007001950320000000E515D
:102DD00032000E00196032001F000E803200090020
:102DE000198A320026000EB132000E0019C03200DE
:102DF0003F0106003400BF1919C04D003F00060016
:102E00004E0014520515A00000000616A00076041E
:102E10001990A400360006D0A400270005F8A400ED
:102E2000050014FEA40001000600A5000B01050C1E
:102E3000A6000000140DA60002000610A6000F0058
:102E40000C20A6000900062AA60001000340A600E7
:102E50002D00066EA60000000B6FA60000000A7091
:102E6000A60002001473A60000000B74A60009005F
:102E7000147EA6000000057FA60000000380A600C7
:102E80001B00059CA60001000B9EA600010006A0E9
:102E9000A60045000DE6A60009000BF0A600010003
:102EA00014F2A60005001700A70016000517A700DA
:102EB00008001720A70001000322A7000D0004301E
:102EC000A70001000332A7003D000570A700000025
:102ED0000471A70007000379A7000E000588A7006A
:102EE00000001789A7000100038BA7000200048ED1
:102EF000A7000000068FA70000000390A7000400B1
:102F00000495A70000000396A700180004AFA700CF
:102F1000000003B0A7001A0003D0A700010004D3EB
:102F2000A700000004D5A700000003D6A7000300F7
:102F300005F2A700020003F5A700010006F7A700AD
:102F4000000005F8A700010004FAA700000006FB36
:102F5000A70006000B02A80000000603A80002005C
:102F60000B06A80000000607A80003000B0BA80032
:102F70000000060CA80016000923A80001000B257C
:102F8000A80001000927A80000001928A8000300D4
:102F90000B2CA80000000E30A80005001936A80070
:102FA00001001638A80000001939A80000000640EA
:102FB000A80033001474A80003000980A8000100D1
:102FC0000682A800310009B4A8000F000BC4A800B5
:102FD000010014CEA80001000CD0A80009000BE0ED
:102FE000A800110006F2A800050014F8A8000200CD
:102FF00006FBA800000014FCA800000006FDA800C5
:1030000001000BFFA80000000C00A9000900060A3F
:10301000A9001B000B26A9000700142EA90001001F
:103020000630A90016000B47A9000A000952A900A2
:103030000100145FA90000000660A9001C000B80BD
:10304000A90002000983A90000000684A9002E003F
:103050000BB3A900000009B4A90001000BB6A90038
:10306000030009BAA90001000BBCA900010009BEB8
:10307000A900020014C1A9000C0005CFA90000009E
:103080000CD0A900090014DEA900010006E0A90087
:1030900004000BE5A900000005E6A900000006E712
:1030A000A90008000CF0A900090006FAA900040014
:1030B0000600AA0028000B29AA000500092FAA0073
:1030C00001000B31AA0001000933AA0001000B35F1
:1030D000AA0001000640AA0002000B43AA0000005B
:1030E0000644AA0007000B4CAA000000094DAA00E4
:1030F00000000C50AA000900145CAA00030006603E
:10310000AA000F000570AA0000000671AA000500C1
:103110001977AA000200067AAA000000097BAA001B
:1031200000000B7CAA000000097DAA000000067EBA
:10313000AA0031000BB0AA00000006B1AA000000EE
:103140000BB2AA00020006B5AA0001000BB7AA0044
:10315000010006B9AA0004000BBEAA00010006C0C7
:10316000AA0000000BC1AA00000006C2AA000000CD
:1031700006DBAA00010005DDAA00000014DEAA009B
:10318000010006E0AA000A0009EBAA0000000BEC0F
:10319000AA00010009EEAA00010014F0AA00010033
:1031A00006F2AA00000005F3AA00010009F5AA0032
:1031B00000000BF6AA0000000601AB00050006099E
:1031C000AB0005000611AB0005000620AB000600B1
:1031D0000628AB0006000430AB0022000353AB000E
:1031E00000000454AB000600175BAB000000055C58
:1031F000AB0003000460AB0008000569AB000000F1
:10320000176AAB0001000370AB004F0006C0AB00B3
:10321000220009E3AB0001000BE5AB00000009E66A
:10322000AB0001000BE8AB00000009E9AB000100B6
:1032300014EBAB00000009ECAB0000000BEDAB00A1
:1032400000000CF0AB0009000600AC00A32B06B098
:10325000D700160006CBD70030000200D800FF07C9
:103260000600F9006D010670FA0069000400FB0019
:1032700006000413FB000400061DFB0000000B1EEB
:10328000FB000000061FFB0009001829FB000000DE
:10329000062AFB000C000638FB000400063EFB007B
:1032A00000000640FB0001000643FB00010006464B
:1032B000FB006B0017B2FB00100006D3FB006A0195
:1032C000113EFD000000153FFD0000001940FD000B
:1032D0000F000650FD003F000692FD00350019CF9B
:1032E000FD00000006F0FD000B0016FCFD000000D4
:1032F00019FDFD0002000B00FE000F001410FE007F
:1033000006001517FE0000001118FE000000141939
:10331000FE0000000B20FE000F001430FE00000035
:103320001031FE0001000F33FE0001001535FE00D4
:1033300000001136FE0000001537FE0000001138B5
:10334000FE0000001539FE000000113AFE000000EA
:10335000153BFE000000113CFE000000153DFE0084
:103360000000113EFE000000153FFE00000011406D
:10337000FE0000001541FE0000001142FE000000AA
:103380001543FE0000001144FE0000001445FE003D
:1033900001001547FE0000001148FE00000014491E
:1033A000FE0003000F4DFE0002001450FE0002005C
:1033B0001454FE0003001058FE0000001559FE00D2
:1033C0000000115AFE000000155BFE000000115CB9
:1033D000FE000000155DFE000000115EFE00000012
:1033E000145FFE0002001862FE0000001063FE0081
:1033F00000001864FE0002001468FE000000166958
:10340000FE000000146AFE0001000670FE000400C9
:103410000676FE00860001FFFE0000001401FF009A
:1034200002001604FF0000001405FF00020015084A
:10343000FF0000001109FF000000140AFF00000057
:10344000180BFF000000140CFF000000100DFF001F
:103450000000140EFF0001000C10FF000900141AF8
:10346000FF000100181CFF000200141FFF000100F4
:103470000321FF001900153BFF000000143CFF0072
:103480000000113DFF000000173EFF0000000F3F4D
:10349000FF0000001740FF0000000341FF0019007B
:1034A000155BFF000000185CFF000000115DFF00CD
:1034B0000000185EFF000000155FFF0000001160B3
:1034C000FF0000001461FF0000001562FF00000013
:1034D0001163FF0000001464FF0001000666FF0096
:1034E00009000570FF0000000671FF002C00059E1A
:1034F000FF00010006A0FF001E0006C2FF0005003D
:1035000006CAFF00050006D2FF00050006DAFF002C
:10351000020016E0FF00010018E2FF00000017E3C0
:10352000FF00000019E4FF00000016E5FF000100A5
:1035300019E8FF00000018E9FF00030019EDFF0083
:10354000010001F9FF00020019FCFF000100060064
:1035500000010B00060D00011900062800011200F1
:10356000063C00010100063F00010E00065000016C
:103570000D00068000017A001400010102000E0710
:1035800001012C001937010108000D400101340030
:103590000E75010103001979010110000E8A010165
:1035A0000100198C01010200199001010C0019A001
:1035B0000101000019D001012C000BFD01010000E8
:1035C000068002011C0006A0020130000BE002018F
:1035D00000000EE102011A00060003011F000E2088
:1035E00003010300062D030113000D410301000038
:1035F0000642030107000D4A0301000006500301C3
:1036000025000B7603010400068003011D00149FB2
:103610000301000006A00301230006C80301070000
:1036200014D0030100000DD10301040003000401C4
:103630004F00065004014D000CA00401090003B026
:103640000401230003D8040123000600050127001C
:10365000063005013300146F0501000003700501F9
:103660000A00037C05010E00038C0501060003948B
:1036700005010100039705010A0003A305010E00DF
:1036800003B30501060003BB0501010006000601A6
:103690003601064007011500066007010700058096
:1036A0000701050005870701290005B20701080089
:1036B000060008010500060808010000060A0801C6
:1036C0002B00063708010100063C08010000063FF8
:1036D000080116001457080100000E5808010700E1
:1036E0000660080116001977080101000E7908012B
:1036F0000600068008011E000EA70801080006E06B
:103700000801120006F4080101000EFB0801040084
:103710000600090115000E1609010500141F090114
:103720000000062009011900143F0901000006806D
:10373000090137000EBC0901010006BE09010100A4
:103740000EC009010F000ED209012D0006000A016A
:1037500000000B010A0102000B050A0101000B0C1D
:103760000A01030006100A01030006150A010200FF
:1037700006190A011C000B380A0102000B3F0A015E
:1037800000000E400A01080014500A0108000660FB
:103790000A011C000E7D0A010100147F0A010000CD
:1037A00006800A011C000E9D0A01020006C00A01E3
:1037B000070019C80A01000006C90A011B000BE531
:1037C0000A0101000EEB0A01040014F00A010600D0
:1037D00006000B01350014390B01060006400B01F1
:1037E00015000E580B01070006600B0112000E7841
:1037F0000B01070006800B01110014990B01030057
:103800000EA90B01060006000C01480003800C0104
:10381000320003C00C0132000EFA0C010500060054
:103820000D0123000B240D0103000C300D010900D4
:103830000E600E011E0006800E0129000BAB0E016A
:10384000010010AD0E01000006B00E0101000BFDDD
:103850000E01020006000F011C000E1D0F010900E1
:1038600006270F01000006300F0115000B460F015F
:103870000A000E510F01030014550F0104000670D9
:103880000F0111000B820F01030014860F010300CA
:1038900006B00F0114000EC50F01060006E00F016F
:1038A00016000900100100000B01100100000902C0
:1038B000100100000603100134000B3810010E0047
:1038C0001447100106000E52100113000C6610017F
:1038D00009000B70100100000671100101000B734C
:1038E000100101000675100100000B7F100102009D
:1038F000098210010000068310012C0009B010019C
:1039000002000BB31001030009B7100101000BB94D
:103910001001010014BB1001010001BD10010000E5
:1039200014BE100103000BC21001000001CD1001F4
:10393000000006D0100118000CF0100109000B0067
:10394000110102000603110123000B2711010400DD
:10395000092C110100000B2D110107000C3611017B
:10396000090014401101030006441101000009453B
:10397000110101000647110100000650110122004B
:103980000B7311010000147411010100067611017E
:1039900000000B8011010100098211010000068363
:1039A00011012F0009B3110102000BB6110108002B
:1039B00009BF1101010006C11101030014C5110165
:1039C00003000BC91101030014CD1101000009CE41
:1039D000110100000BCF110100000CD011010900F2
:1039E00006DA1101000014DB1101000006DC1101F0
:1039F000000014DD110102000EE1110113000600A8
:103A000012011100061312011800092C1201020004
:103A10000B2F120102000932120101000B341201B6
:103A200000000935120100000B36120101001438A4
:103A3000120105000B3E12010000063F12010100B9
:103A40000B411201000006801201060006881201D7
:103A50000000068A12010300068F12010E00069F65
:103A60001201090014A91201000006B012012E0073
:103A70000BDF1201000009E0120102000BE312014A
:103A800007000CF0120109000B00130101000902EC
:103A900013010100060513010700060F13010100C1
:103AA000061313011500062A13010600063213013E
:103AB00001000635130104000B3B13010100063D14
:103AC00013010000093E130101000B401301000027
:103AD000094113010300094713010100094B1301B8
:103AE0000200065013010000095713010000065D93
:103AF000130104000962130101000B6613010600A3
:103B00000B70130104000600140134000935140180
:103B100002000B38140107000940140101000B4298
:103B2000140102000945140100000B4614010000B5
:103B3000064714010300144B140104000C50140137
:103B40000900145A14010100145D140100000B5EF9
:103B500014010000065F14010200068014012F000A
:103B600009B0140102000BB31401050009B91401D6
:103B700000000BBA1401000009BB140103000BBFC5
:103B80001401010009C1140100000BC2140101005D
:103B900006C41401010014C61401000006C7140174
:103BA00000000CD014010900068015012E0009AF99
:103BB000150102000BB21501030009B8150103003D
:103BC0000BBC1501010009BE150100000BBF15015A
:103BD000010014C11501160006D8150103000BDC05
:103BE00015010100060016012F0009301601020020
:103BF0000B3316010700093B160101000B3D1601AE
:103C00000000093E160100000B3F1601010014419F
:103C1000160102000644160100000C5016010900AE
:103C2000146016010C00068016012A000BAB160169
:103C3000000009AC160100000BAD1601000009AE32
:103C4000160101000BB01601050009B616010000AF
:103C50000BB71601000006B81601000014B91601D2
:103C600000000CC016010900060017011A000B1D08
:103C7000170102000920170101000B2217010300A0
:103C80000926170100000B27170104000C3017014B
:103C900009000E3A17010100143C17010200193FF8
:103CA00017010000064017010600060018012B004E
:103CB000092C180102000B2F1801080009381801FF
:103CC00000000B3918010100143B1801000003A08B
:103CD00018013F000CE0180109000EEA1801080065
:103CE00006FF18010700060919010000060C19015A
:103CF00007000615190101000618190117000930FF
:103D0000190105000937190101000B3B19010100D8
:103D1000093D190100000B3E19010000063F190181
:103D20000000094019010000064119010000094284
:103D3000190100000B43190100001444190102008D
:103D40000C501901090006A01901070006AA190163
:103D5000260009D1190102000BD4190103000BDA66
:103D60001901010009DC190103000BE01901000031
:103D700006E11901000014E21901000006E319012F
:103D8000000009E41901000006001A0100000B01FF
:103D90001A010900060B1A0127000B331A0105004E
:103DA00009391A010000063A1A0100000B3B1A01FA
:103DB0000300143F1A0107000B471A0100000650C8
:103DC0001A0100000B511A01050009571A010100E0
:103DD0000B591A010200065C1A012D000B8A1A0108
:103DE0000C0009971A0100000B981A010100149A9F
:103DF0001A010200069D1A010000149E1A01040017
:103E000006B01A01480014001B01090006001C013D
:103E10000800060A1C012400092F1C0100000B30B9
:103E20001C0106000B381C010500093E1C010000A6
:103E30000B3F1C01000006401C01000014411C0146
:103E400004000C501C0109000E5A1C0112001470D1
:103E50001C01010006721C011D000B921C011500C3
:103E600009A91C0100000BAA1C01060009B11C01D4
:103E700000000BB21C01010009B41C0100000BB5CD
:103E80001C01010006001D01060006081D010100BD
:103E9000060B1D0125000B311D0105000B3A1D010C
:103EA00000000B3C1D0101000B3F1D0106000646F2
:103EB0001D0100000B471D0100000C501D010900F1
:103EC00006601D01050006671D010100066A1D014F
:103ED0001F00098A1D0104000B901D0101000993B8
:103EE0001D0101000B951D01000009961D01000038
:103EF0000B971D01000006981D0100000CA01D017C
:103F0000090006E01E0112000BF31E01010009F575
:103F10001E01010014F71E0101000B001F0101002A
:103F200006021F01000009031F01000006041F0113
:103F30000C0006121F01210009341F0101000B367D
:103F40001F010400093E1F0101000B401F0100007A
:103F500009411F0100000B421F01000014431F0113
:103F60000C000C501F01090006B01F0100000EC01C
:103F70001F01140019D51F01070016DD1F010300E2
:103F800019E11F01100014FF1F01000006002001AD
:103F900099030D0024016E001470240104000680B2
:103FA0002401C30006902F01600014F12F010100CD
:103FB000060030012F04013034010F000B403401A2
:103FC00000000641340105000B4734010E000600D5
:103FD0004401460206006801380206406A011E00DC
:103FE0000C606A010900146E6A01010006706A0122
:103FF0004E000CC06A01090006D06A011D000BF0DA
:104000006A01040014F56A01000006006B012F002C
:104010000B306B01060014376B010400193C6B0177
:10402000030005406B01030014446B0100001945B7
:104030006B0100000C506B0109000E5B6B01060068
:1040400006636B011400067D6B01120003406E01D4
:104050003F000E806E01160014976E0103000600EB
:104060006F014A000B4F6F01000006506F01000006
:1040700009516F0136000B8F6F01030005936F012B
:104080000C0005E06F01010014E26F01000005E380
:104090006F0100000BE46F01000009F06F010100E7
:1040A00006007001F71706008801D50406008D018F
:1040B000080005F0AF01030005F5AF01060005FD9E
:1040C000AF0101000600B00122010632B10100007B
:1040D0000650B10102000655B10100000664B101AD
:1040E00003000670B1018B010600BC016A00067076
:1040F000BC010C000680BC0108000690BC01090050
:10410000199CBC0100000B9DBC010100149FBC0167
:10411000000001A0BC0103000B00CF012D000B30FB
:10412000CF0116001950CF0173001900D001F5001E
:104130001900D10126001929D1013B000965D101DF
:1041400001000B67D1010200196AD1010200096D5B
:10415000D10105000173D10107000B7BD1010700DC
:104160001983D10101000B85D1010600198CD10101
:104170001D000BAAD101030019AED1013C001900AA
:10418000D20141000B42D20102001945D2010000C8
:104190000EC0D20113000EE0D20113001900D301AA
:1041A00056000E60D30118000800D4011900041A4B
:1041B000D40119000834D4011900044ED4010600BA
:1041C0000456D40111000868D40119000482D401F6
:1041D0001900089CD4010000089ED401010008A227
:1041E000D401000008A5D401010008A9D4010300EE
:1041F00008AED401070004B6D401030004BBD40107
:10420000000004BDD401060004C5D4010A0008D092
:10421000D401190004EAD40119000804D5010100F1
:104220000807D5010300080DD50107000816D501C0
:104230000600041ED50119000838D5010100083B0D
:10424000D50103000840D50104000846D50100004F
:10425000084AD50106000452D5011900086CD501A1
:1042600019000486D501190008A0D501190004BA67
:10427000D501190008D4D501190004EED5011900A3
:104280000808D60119000422D6011900083CD601FD
:1042900019000456D60119000870D6011900048AC5
:1042A000D6011B0008A8D601180018C1D6010000CD
:1042B00004C2D601180018DBD601000004DCD601C8
:1042C000050008E2D601180018FBD601000004FC26
:1042D000D60118001815D70100000416D7010500F3
:1042E000081CD70118001835D70100000436D70183
:1042F0001800184FD70100000450D70105000856D8
:10430000D7011800186FD70100000470D7011800FA
:104310001889D7010000048AD70105000890D70149
:10432000180018A9D701000004AAD701180018C363
:10433000D701000004C4D701050008CAD701000056
:1043400004CBD70100000CCED70131001900D801F1
:10435000FF010B00DA0136001937DA0103000B3BCD
:10436000DA013100196DDA0107000B75DA0100007E
:104370001976DA010D000B84DA0100001985DA01E3
:1043800001001487DA0104000B9BDA0104000BA181
:10439000DA010E000400DF010900060ADF01000057
:1043A000040BDF0113000425DF0105000B00E00111
:1043B00006000B08E00110000B1BE00106000B23B8
:1043C000E00101000B26E00104000530E0013D00A2
:1043D0000B8FE00100000600E1012C000B30E10131
:1043E00006000537E10106000C40E1010900064E18
:1043F000E1010000194FE10100000690E2011D00FB
:104400000BAEE201000006C0E2012B000BECE20162
:1044100003000CF0E201090016FFE201000006D0E3
:10442000E4011A0005EBE40100000BECE4010300D9
:104430000CF0E401090006E0E701060006E8E701E8
:10444000030006EDE701010006F0E7010E0006009B
:10445000E801C4000EC7E80108000BD0E80106001F
:104460000300E90143000B44E9010600054BE901A3
:1044700000000C50E9010900145EE90101000E7111
:10448000EC013A0019ACEC0100000EADEC010200A9
:1044900016B0EC0100000EB1EC0103000E01ED01BD
:1044A0002C00192EED0100000E2FED010E0006006C
:1044B000EE0103000605EE011A000621EE010100DF
:1044C0000624EE0100000627EE0100000629EE0199
:1044D00009000634EE0103000639EE010000063B38
:1044E000EE0100000642EE0100000647EE0100006A
:1044F0000649EE010000064BEE010000064DEE01FC
:1045000002000651EE0101000654EE0100000657BC
:10451000EE0100000659EE010000065BEE0100000E
:10452000065DEE010000065FEE0100000661EE018F
:1045300001000664EE0100000667EE010300066C50
:10454000EE0106000674EE0103000679EE01030099
:10455000067EEE0100000680EE010900068BEE01EA
:10456000100006A1EE01020006A5EE01040006AB54
:10457000EE01100018F0EE0101001900F0012B000F
:104580001930F001630019A0F0010E0019B1F0011B
:104590000E0019C1F0010E0019D1F00124000E0027
:1045A000F1010C00190DF101A00019E6F1011C0048
:1045B0001910F2012B001940F20108001950F20104
:1045C00001001960F20105001900F301FA0017FB60
:1045D000F30104001900F401D70219DCF601100000
:1045E00019F0F6010C001900F7017600197BF701AC
:1045F0005E0019E0F7010B0019F0F7010000190047
:10460000F8010B001910F80137001950F8010900E2
:104610001960F80127001990F8011D0019B0F80180
:1046200001001900F90153011960FA010D00197018
:10463000FA010C001980FA0108001990FA012D0006
:1046400019BFFA01060019CEFA010D0019E0FA01AE
:10465000080019F0FA0108001900FB0192001994F2
:10466000FB0136000CF0FB01090006000002DFA68A
:104670000600A70239100640B702DD000620B80286
:10468000811606B0CE02301D0600F8021D0206009B
:1046900000034A13065013035F100101000E0000CF
:1046A0000120000E5F000B00010EEF000000000073
:1046B00000000000000000000000000000000000FA
:1046C00000000000000000000000000000000000EA
:1046D0000000000000000000000000001011121394
:1046E000141516171819000000000000001A1B1CF2
:1046F0001D1E1F0000000000000000000000000060
:10470000000000000000000000000000001A1B1C58
:104710001D1E1F000000000000000000000000003F
:104720000000000000000000000000000000000089
:104730000000000000000000000000000000000079
:104740000000000000000000000000000000000069
:104750000000000000000000000000000000000059
:104760000000000000000000000000000000000049
:104770000000000000000000000000000000000039
:104780000000000000000000000000000000000029
:104790000000000000000000000000000000000019
:1047A0000000000000000000000000000500000004
:1047B000190000007D0000000080E03779C341430C
:1047C000176E05B5B5B89346F5F93FE9034F384D77
:1047D000321D30F94877825A3CBF737FDD4F157523
:1047E000000000000000F03F000000000000244036
:1047F00000000000000059400000000000408F4011
:10480000000000000088C34000000000006AF8407B
:104810000000000080842E4100000000D01263419F
:104820000000000084D797410000000065CDCD4115
:10483000000000205FA00242000000E876483742F6
:10484000000000A2941A6D42000040E59C30A24294
:104850000000901EC4BCD64200003426F56B0C4309
:104860000080E03779C3414300A0D88557347643B0
:1048700000C84E676DC1AB43003D9160E458E14311
:10488000408CB5781DAF154450EFE2D6E41A4B4486
:1048900092D54D06CFF08044F64AE1C7022DB544CB
:0848A000B49DD9794378EA4484
:1048A80028D1001034D1001040D100104CD1001094
:1048B80058D1001064D1001070D1001058D40010E5
:1048C80003000068EFF3108C72B60268002AFCD06F
:1048D800BFF35F8F04229A56002A0BDB002900D011
:1048E8000A6000201B68BFF35F8F00221A608CF3F8
:1048F80010887047D0221206126801201A71F1E759
:10490800F0B5C646150000B504001E000268EFF3B6
:10491800108172B61368002BFCD0BFF35F8F04239D
:10492800E3562268002B2BDBBFF35F8F002010605B
:1049380081F31088D02212061278002752B29046CE
:104948009A420ED1002080BCB846F0BDBFF35F8FFD
:10495800176081F310882800310000F031FF00282B
:10496800F0D12268EFF3108172B61368002BFCD0E7
:10497800BFF35F8F237922687F2BE7D9434602E094
:10498800D0231B061B682371BFF35F8F00231360BE
:1049980081F310880120D6E7F0B5C64600B50D00B2
:1049A800040000F0EDFEFA2206000F0000232800A4
:1049B8000021920000F0ECFE36184F41002F02DA79
:1049C8000126174F7642D0231B061B680025984600
:1049D8000AE0BFF35F8F156081F31088300039005B
:1049E80000F0EEFE002818D12268EFF3108172B6AD
:1049F8001368002BFCD0BFF35F8F237922687F2BCD
:104A0800E7D943462371BFF35F8F0023136081F317
:104A18001088012080BCB846F0BD0020FAE7C046E7
:104A2800FFFFFF7F0268EFF3108172B61368002B57
:104A3800FCD0BFF35F8FFF2303710368BFF35F8F61
:104A480000221A6081F3108840BF704710B5084CE7
:104A58002378002B0AD18023064807495B051A688A
:104A6800C25004338B42FAD10123237010BDC046D3
:104A7800E8280020842200100001001010B5014B26
:104A8800984710BD85220020064B5A6802609A6834
:104A98004260DA6882601A69C2605A6902619B6979
:104AA80043617047000002400268064B5A60426842
:104AB8009A608268DA60C2681A6102695A6142695A
:104AC8009A61704700000240034B1A68C0239B009C
:104AD8009343024A136070470C8001400C900140D8
:104AE800054B1A6880239B005340C0229200134054
:104AF800024A13607047C0460C8001400C90014088
:104B08000023F0B5DE4657464E4645469A46E0B580
:104B180089B001900E00988A45491B8B140098476C
:104B2800534681464349988A1B8B984753464249C6
:104B38000500988A1B8B98478046FFF787FF02A8D5
:104B4800FFF7A2FFC847A847FFF7CAFF251E22D0D4
:104B58000823C0219C460220490562468B6A1A40F8
:104B680018423FD0631B002D2FD1002A11D1002CF1
:104B780011D0C0235B059B4602239A46063399460B
:104B88005B464A4657469B6A1A401F4242D0002A53
:104B9800F6D0002C30D1FFF797FFC047FFF76EFF24
:104BA80002A8FFF781FF09B0F0BCBB46B246A94690
:104BB800A046F0BD002C2FD1C0225205926A914622
:104BC80008224F463A40BF072DD50D2B1BD9002A86
:104BD800F0D1C0225205926A914608224F463A40C7
:104BE800BF07F2D4002A04D12B002343002BB4D1F1
:104BF800D1E72B00002CF9D00B6E013C3370230059
:104C080001362B43F2E7019F013D3B7801370B66E4
:104C18000197E7E70025E5E7C0235B051B6E013C2C
:104C28003370013699E72B00002ADFD1DCE7C04654
:104C38004946000045580000464300000022154B35
:104C480010B59A60DA601A615A619A61DA611A627B
:104C58005A629A62DA621A635A639A63DA631A6466
:104C68005A649A64DA641A655A659A65DA651A6646
:104C78005A669A66DA661A675A679A67DA67F03286
:104C880092000021044800F06BFD044B044A1A60AE
:104C980010BDC04600001050C02400208828002005
:104CA80080011050F0B54E464546DE465746E0B501
:104CB800214B00249E6D012585B0002E22D01F4B6C
:104CC8009A46012399461E4B984601E0202C19D09C
:104CD8002A00230001342F003240E4B26D00002A7C
:104CE800F4D0524697654A465B085B0022409B1801
:104CF8005B01434418009B4600F01EFC002808D1C5
:104D0800BE43E3D105B0F0BCBB46B246A946A046B7
:104D1800F0BD5B46E0219A78DB8A01A88360002316
:104D2800C900018001210271437100F025FC584639
:104D380000F0A0FBE4E7C04600001150003011501D
:104D4800802400209823F0B5C646C84A00B5D55837
:104D580080232E009B02102484B01E401D4274D074
:104D6800C34BC44C9A6AC44B00261A603B23E35CCD
:104D7800022B00D14FE17B23E35C022B00D1F3E04F
:104D8800BB23E35C022B00D1FAE0FB23E35C022B9C
:104D980000D101E13C23FF33E35C022B00D12DE17C
:104DA8007C23FF33E35C022B00D10EE1BC23FF33ED
:104DB800E35C022B00D13FE1FC23FF33E35C022BD1
:104DC80000D1F5E0AD4BE35C022B00D174E1AC4BB4
:104DD800E35C022B00D105E1AA4BE35C022B00D176
:104DE80075E1A94BE35C022B00D132E1A74BE35CF0
:104DF800022B00D1A0E1A64BE35C022B00D171E1AC
:104E0800A44BE35C022B00D1A1E1A34BE35C022B92
:104E180000D17FE1002E08D1A04B1B78002B04D1D4
:104E280080219F4A90338902D150C02269468F4B16
:104E380092009B6C80265B058A805B0D012101A88E
:104E4800029300F099FB974CB602EB0600D57FE081
:104E580080235B021D4231D01E4301230224984661
:104E6800844FBB7E002B14D000F082FC012800D9AF
:104E780072E0C02200213800920100F001FB3800E6
:104E880000F0F8FA00F074FC012802D9844B5C6643
:104E98001C664346FB702037012C22D1C0236A468A
:104EA800DB009380804A02AB03CA03C3012101A837
:104EB80000F062FB80227A4B92021A6580235B0124
:104EC8001D4210D18023DB011D4223D180231B0208
:104ED8001D422FD1AE4200D0C0E104B080BCB8461C
:104EE800F0BD0124BDE700241E43604B1C60FFF7A2
:104EF800A5FE80236A465B0093801472012101A8F5
:104F080000F03AFB8022664B12031A658023DB010E
:104F18001D42DBD01E4380236A46DB0093800121BB
:104F280001A800F029FB10225D4B1A6580231B02A3
:104F38001D42CFD01E43A0236A46DB009380012187
:104F480001A800F019FB8022554B12011A65C1E730
:104F5800FFF7A8FE26007BE7544B444A1C66536EB5
:104F68002340A342FBD184E77833E75C002F00D1CC
:104F780006E70233E25C002A00D00DE13E00FFE6BE
:104F8800B833E75C002F00D1FFE60233E25C002A69
:104F980000D0F9E03E00F8E6F833E75C002F00D1D6
:104FA800F8E60233E25C002A00D041E13E00F1E677
:104FB800F933FF33E75C002F00D103E70233E25CEB
:104FC800002A00D02BE13E00FCE67933FF33E75C92
:104FD800002F00D1EAE60233E25C002A00D015E196
:104FE8003E00E3E6324BE75C002F00D1F4E60233E3
:104FF800E25C002A00D001E13E00EDE63933FF33E0
:10500800E75C002F00D1CBE60233E25C002A00D037
:10501800EBE03E00C4E63833E65C002E00D1AAE699
:105028000233E25C002A00D1A5E6200000222030ED
:10503800E25400F04DFA9EE6B933FF33E75C002FE7
:1050480000D1B9E60233E25C002A00D0C4E03E0099
:10505800B2E6184BE75C002F00D1C7E60233E25CEA
:10506800002A00D0B0E03E00C0E6C0460000115063
:105078000040054080240020702400203B020000EE
:105088007B020000BB020000FB0200003B030000A3
:105098007B030000BB030000FB030000E6280020A0
:1050A8000030115010000200000010500020115074
:1050B8007A020000FA0200006B4BE75C002F00D177
:1050C80085E60233E25C002A76D13E007FE6674B34
:1050D800E75C002F00D184E60233E25C002A63D14A
:1050E8003E007EE6624BE75C002F00D188E6023383
:1050F800E25C002A00D0A3E05E4BE35C022B30D1D7
:105108005D4BE35C002B27D15C4BE35C022B00D0AA
:105118008BE63E005A4BE35C002B00D17AE6FF2376
:105128009B00E25C002A00D17FE60022E2541C3B8F
:10513800E01800F0CDF978E6524BE75C002F00D17B
:1051480059E60233E25C002A16D13E0053E64A4B88
:10515800E35C002B00D158E6EF239B00E25C002AB9
:1051680075D1464BE35C022B00D05EE6444BE35C12
:10517800002B00D159E6D2E70022E2541C3BE0188C
:1051880000F0A6F93E0036E620000022A030E254E6
:105198003E0000F09DF9F8E5200000226030E2545E
:1051A8003E0000F095F9EBE50022E2541C3BE018C4
:1051B80000F08EF93E0014E60022E2541C3BE01891
:1051C80000F086F93E0002E60022E2541C3BE0189B
:1051D80000F07EF93E0009E620000022A130FF30F1
:1051E800E2543E0000F074F9E6E520000022213088
:1051F800FF30E2543E0000F06BF9D1E50022E254A2
:105208001C3BE01800F064F93E00E5E520000022B0
:105218006130FF30E2543E0000F05AF9C6E5200044
:105228000022E130FF30E2543E0000F051F9C9E5B8
:1052380020000022E030E2543E0000F049F9A9E5E0
:105248000022E2541C3BE01800F042F954E7002227
:10525800E2541C3BE01800F03BF982E731000A48B1
:10526800694000F09DFAC0463A020000BA02000008
:105278007A030000BB030000BA030000FB03000030
:10528800FA0300003A03000074CF0010F0B5C646D8
:1052980000B50200838A008B8C46011C984200D915
:1052A800191CD47880252000461EB04189B2ED0033
:1052B8000D434003284301256C405B1AD470547891
:1052C8009BB29382002C31D16446D568A4014E1E4E
:1052D8002D19B0461469002923D0062E32D92B0087
:1052E80023439B072ED1631CEB1A022B2AD90023D8
:1052F8008F08BF00E658EE5004339F42FAD1434668
:10530800ED19DB1BE419B94209D026782E70002B61
:1053180005D066786E70012B01D0A378AB70146944
:10532800938A64181461802212021043002B02D160
:105338008023DB0118436346002B00D0000480BCA7
:10534800B846F0BD0023E65CEE5401339942FAD129
:10535800E5E7C0468368F0B51A680400002900D064
:10536800120C63789205900D002B08D1E38AC318BC
:10537800E382238B834201D90023A382F0BDE36833
:10538800890125695E18471E002822D0062F26D9D4
:1053980001315B18EB1A022B21D92B0033439B07F1
:1053A8001DD10023120E9200F158E95004339A429D
:1053B800FAD1BF1AAD18B618904209D032782A70BF
:1053C800002F05D072786A70012F01D0B278AA70C8
:1053D8002569E38A2D18C318E3822561C9E70022ED
:1053E800B35CAB5401329042FAD12569F1E7C0466B
:1053F80010B50400836800211B68FFF7ABFF6368E2
:105408001B685B0002D5238B834200D010BD0121AD
:105418002000FFF79FFFF9E7084A0300126C0020FD
:10542800920703D49A78D209012A00D07047D87E0F
:10543800023843425841C0B2F8E7C0460000115054
:1054480010B5FFF7E9FF00280CD00749074B8C4639
:10545800074A9B6A126863449B1A0020C6229A4234
:105468004041C0B210BDC046E0FCFFFF004005400F
:105478007024002000238376436103617047C0468F
:1054880010B58368002901D01C682140002A12D079
:105498008024E400114322420DD01A6822420CD124
:1054A800084A0A401A60084A126C920703D40C236F
:1054B800033BFDD28368196010BD8178034800F072
:1054C8006FF9C046FFFBFFFF0000115088CF0010A6
:1054D800436870B50021802504001E68FFF7D6FEDA
:1054E800124B6D011A6C0543A37892070ED55B0623
:1054F8000ED00F4B1E4080239B053343626800216A
:10550800136020002A00FFF7BBFF70BDDB09F0D055
:10551800A38A002BEDD001212000FFF7B7FEA023BE
:10552800044ADB05324005431343E7E70000115006
:10553800FFFFFFAFFFFFFFDF70B5857E0400002D82
:1055480014D0FFF755FFA38A002B01D1280070BDA6
:105558002000FFF775FF002803D0012300252377DB
:10556800F4E72000FFF7B4FF0025EFE78178014852
:1055780000F016F9A8CF0010F0B5CE46474680B522
:10558800437805000E0085B0062B08D86C4A9B00AE
:10559800D3589F466B4A13780133DBB213706A4BBA
:1055A8001C686269EFF3108172B61368002BFCD097
:1055B800BFF35F8FA1612000290000F009F962693B
:1055C800A369BFF35F8F0021116083F3108800285F
:1055D80004D105B0C0BCB946B046F0BD3200697808
:1055E800287800F0E5F8F4E70121584B1A788A4347
:1055F8001A701A7801318A431A7000225A701A7880
:1056080002318A431A70CAE75149524F89465249B2
:105618000024002388463A7812E043461B6861015B
:105628005B18002B06D0DB69002B03D0696828784B
:1056380098473A780134E4B2511C2300A14217DBA1
:10564800A242EAD89B1A5B014B44ECE73F4B1A781D
:10565800D207BED504211A780A431A709FE73B4B3C
:105668001A78D207B5D504211A788A431A7096E7B2
:10567800364F3B785B072BD504223B7800219343B8
:105688003B706B460632981D00F06AF82B7801AC27
:105698002370052363702C4B1B6898465A69EFF3F7
:1056A800108172B61368002BFCD0BFF35F8F43469E
:1056B80040469961210000F08BF843465A699B697E
:1056C800BFF35F8F0021116083F31088002831D168
:1056D800FB78DB0700D47CE76B460A220021981D83
:1056E80000F03EF82B7801AC2370032363706B68DD
:1056F8006360154B1D686A69EFF3108172B6136811
:10570800002BFCD0BFF35F8FA9612800210000F0B7
:105718005FF86A69AB69BFF35F8F0021116083F39B
:105728001088002800D154E732006178207800F012
:105738003FF84EE732006178207800F039F8C7E783
:1057480070D50010E7280020F01E0020981E0020C9
:105758008CD50010E5280020E81C00207047C046C2
:1057680001B40248844601BC604700BFC929001043
:1057780001B40248844601BC604700BFB10600106E
:1057880001B40248844601BC604700BFB51300104D
:1057980001B40248844601BC604700BFA528001038
:1057A80001B40248844601BC604700BFBD06001032
:1057B80001B40248844601BC604700BF355300105D
:1057C80001B40248844601BC604700BF851200103E
:1057D80001B40248844601BC604700BF956D0010C3
:1057E8006CCC0010D502001074CC00109CCC0010BA
:1057F800F1020010A0CC0010ACCC0010FD0200108B
:10580800B0CC0010C0CC001009030010C8CC0010A8
:10581800DCCC0010AD030010E8CC001008CD00105F
:105828001503001010CD001038CD0010DD03001056
:105838003CCD001054CD0010050400105CCD0010C4
:1058480000000000000000000000000020A1070088
:10585800100000000000000000000100000000002F
:10586800000000000000020000000000000000002E
:105878000000030000000000000000000000FF001E
:105888000000000001B5486801318E4600477046A7
:1058980009380149884701BDED0A001000000000E1
:1058A80000000000000000000000000000000000F0
:1058B800E8170020000000000000000000000000C1
:1058C800503300004C3300005433000052330000C2
:1058D8004D5300004D430000533400004334000092
:1058E800F54A0010A94A00101D4A001095490010F9
:1058F8000000000000010000F41E002010000C0051
:10590800000000000000000000000000000000008F
:1059180000000000FF000000FFFFFFFF0000020082
:1059280000000000000000002011002020110020CD
:1059380028110020281100203011002030110020EB
:10594800381100203811002040110020401100209B
:10595800481100204811002050110020501100204B
:1059680058110020581100206011002060110020FB
:1059780068110020681100207011002070110020AB
:10598800781100207811002080110020801100205B
:10599800881100208811002090110020901100200B
:1059A8009811002098110020A0110020A0110020BB
:1059B800A8110020A8110020B0110020B01100206B
:1059C800B8110020B8110020C0110020C01100201B
:1059D800C8110020C8110020D0110020D0110020CB
:1059E800D8110020D8110020E0110020E01100207B
:1059F800E8110020E8110020F0110020F01100202B
:105A0800F8110020F81100200012002000120020D8
:105A18000812002008120020101200201012002086
:105A28001812002018120020201200202012002036
:105A380028120020281200203012002030120020E6
:105A48003812002038120020401200204012002096
:105A58004812002048120020501200205012002046
:105A680058120020581200206012002060120020F6
:105A780068120020681200207012002070120020A6
:105A88007812002078120020801200208012002056
:105A98008812002088120020901200209012002006
:105AA8009812002098120020A0120020A0120020B6
:105AB800A8120020A8120020B0120020B012002066
:105AC800B8120020B8120020C0120020C012002016
:105AD800C8120020C8120020D0120020D0120020C6
:105AE800D8120020D8120020E0120020E012002076
:105AF800E8120020E8120020F0120020F012002026
:105B0800F8120020F81200200013002000130020D3
:105B18000813002008130020101300201013002081
:105B28001813002018130020201300202013002031
:105B380028130020281300203013002030130020E1
:105B48003813002038130020401300204013002091
:105B58004813002048130020501300205013002041
:105B680058130020581300206013002060130020F1
:105B780068130020681300207013002070130020A1
:105B88007813002078130020801300208013002051
:105B98008813002088130020901300209013002001
:105BA8009813002098130020A0130020A0130020B1
:105BB800A8130020A8130020B0130020B013002061
:105BC800B8130020B8130020C0130020C013002011
:105BD800C8130020C8130020D0130020D0130020C1
:105BE800D8130020D8130020E0130020E013002071
:105BF800E8130020E8130020F0130020F013002021
:105C0800F8130020F81300200014002000140020CE
:105C1800081400200814002010140020101400207C
:105C2800181400201814002020140020201400202C
:105C380028140020281400203014002030140020DC
:105C4800381400203814002040140020401400208C
:105C5800481400204814002050140020501400203C
:105C680058140020581400206014002060140020EC
:105C7800681400206814002070140020701400209C
:105C8800781400207814002080140020801400204C
:105C980088140020881400209014002090140020FC
:105CA8009814002098140020A0140020A0140020AC
:105CB800A8140020A8140020B0140020B01400205C
:105CC800B8140020B8140020C0140020C01400200C
:105CD800C8140020C8140020D0140020D0140020BC
:105CE800D8140020D8140020E0140020E01400206C
:105CF800E8140020E8140020F0140020F01400201C
:105D0800F8140020F81400200015002000150020C9
:105D18000815002008150020101500201015002077
:105D2800181500201815002030150020000000006C
:105D380000000000B01B0020181C0020801C002060
:105D4800000000000000000000000000000000004B
:105D5800000000000000000000000000000000003B
:105D6800000000000000000000000000000000002B
:105D7800000000000000000000000000000000001B
:105D8800000000000000000000000000000000000B
:105D980000000000000000000000000000000000FB
:105DA80000000000000000000000000000000000EB
:105DB80000000000000000000000000000000000DB
:105DC80000000000000000000100000000000000CA
:105DD8000E33CDAB34126DE6ECDE05000B0000008F
:105DE80000000000000000000000000000000000AB
:105DF800000000000000000000000000000000009B
:105E0800000000000000000000000000000000008A
:105E1800000000000000000000000000000000007A
:105E2800000000000000000000000000000000006A
:105E3800000000000000000000000000000000005A
:105E4800000000000000000000000000000000004A
:105E5800000000000000000000000000000000003A
:105E6800000000000000000000000000000000002A
:105E780043000000000000000000000000000000D7
:105E8800000000000000000000000000000000000A
:105E980043000000000000000000000000000000B7
:105EA80000000000000000000000000000000000EA
:105EB8004300000000000000000000000000000097
:105EC80000000000000000000000000000000000CA
:105ED8004300000000000000000000000000000077
:105EE80000000000000000000000000000000000AA
:105EF8004300000000000000000000000000000057
:105F08000000000000000000000000000000000089
:105F18004300000000000000000000000000000036
:105F28000000000000000000000000000000000069
:105F38004300000000000000000000000000000016
:105F48000000000000000000000000000000000049
:105F58006DCA001021BF001000000000CCD5001051
:105F6800D8CF0010D8CD0010D8CD0010D8CD001053
:105F7800D8CD0010D8CD0010D8CD0010D8CD001045
:105F8800D8CD0010D8CD0010FFFFFFFFFFFFFFFFA7
:105F9800FFFFFFFFFFFF0000010041534349490095
:105FA80000000000000000000000000000000000E9
:105FB8000000000000000000000041534349490070
:105FC80000000000000000000000000000000000C9
:105FD80000000000000000000000000000000000B9
:045FE80000000000B5
:04000005100001E9FD
:00000001FF
